iteration,rtt_ms,status,proc_ram_mb,proc_vsz_mb,proc_cpu_pct,sys_ram_pct,sys_cpu_pct
0,0.365,ok,14.699,1155.250,0.0,52.3,0.0
1,0.285,ok,14.699,1155.250,0.0,52.3,0.0
2,0.249,ok,14.699,1155.250,0.0,52.3,0.0
3,0.247,ok,14.699,1155.250,0.0,52.3,0.0
4,0.242,ok,14.699,1155.250,0.0,52.3,0.0
5,0.251,ok,14.699,1155.250,0.0,52.3,0.0
6,0.259,ok,14.699,1155.250,0.0,52.3,0.0
7,0.253,ok,14.699,1155.250,0.0,52.3,0.0
8,0.283,ok,14.699,1155.250,0.0,52.3,0.0
9,0.304,ok,14.699,1155.250,0.0,52.3,0.0
10,0.281,ok,14.699,1155.250,0.0,52.3,0.0
11,0.301,ok,14.699,1155.250,0.0,52.3,0.0
12,0.231,ok,14.699,1155.250,0.0,52.3,0.0
13,0.254,ok,14.699,1155.250,0.0,52.3,0.0
14,0.275,ok,14.699,1155.250,0.0,52.3,0.0
15,0.279,ok,14.699,1155.250,0.0,52.3,0.0
16,0.257,ok,14.699,1155.250,0.0,52.3,0.0
17,0.236,ok,14.699,1155.250,0.0,52.3,0.0
18,0.243,ok,14.699,1155.250,0.0,52.3,0.0
19,0.259,ok,14.699,1155.250,0.0,52.3,0.0
20,0.238,ok,14.699,1155.250,0.0,52.3,0.0
21,0.221,ok,14.699,1155.250,0.0,52.3,0.0
22,0.257,ok,14.699,1155.250,0.0,52.3,0.0
23,0.326,ok,14.699,1155.250,0.0,52.3,0.0
24,0.287,ok,14.699,1155.250,0.0,52.3,0.0
25,0.232,ok,14.699,1155.250,0.0,52.3,0.0
26,0.264,ok,14.699,1155.250,0.0,52.3,0.0
27,0.331,ok,14.699,1155.250,0.0,52.3,0.0
28,0.338,ok,14.699,1155.250,0.0,52.3,0.0
29,0.348,ok,14.699,1155.250,0.0,52.3,0.0
30,0.229,ok,14.699,1155.250,0.0,52.3,0.0
31,0.234,ok,14.699,1155.250,0.0,52.3,0.0
32,0.324,ok,14.699,1155.250,0.0,52.3,0.0
33,0.301,ok,14.699,1155.250,0.0,52.3,0.0
34,0.288,ok,14.699,1155.250,0.0,52.3,0.0
35,0.250,ok,14.699,1155.250,0.0,52.3,0.0
36,0.248,ok,14.699,1155.250,0.0,52.3,0.0
37,0.256,ok,14.699,1155.250,0.0,52.3,0.0
38,0.237,ok,14.699,1155.250,0.0,52.3,0.0
39,0.250,ok,14.699,1155.250,0.0,52.3,0.0
40,0.345,ok,14.699,1155.250,0.0,52.3,0.0
41,0.314,ok,14.699,1155.250,0.0,52.3,0.0
42,0.320,ok,14.699,1155.250,0.0,52.3,0.0
43,0.255,ok,14.699,1155.250,0.0,52.3,0.0
44,0.271,ok,14.699,1155.250,0.0,52.3,0.0
45,0.300,ok,14.699,1155.250,0.0,52.3,0.0
46,0.261,ok,14.699,1155.250,0.0,52.3,0.0
47,0.260,ok,14.699,1155.250,0.0,52.3,0.0
48,0.248,ok,14.699,1155.250,0.0,52.3,0.0
49,0.237,ok,14.699,1155.250,0.0,52.3,0.0
50,0.270,ok,14.699,1155.250,0.0,52.3,0.0
51,0.222,ok,14.699,1155.250,0.0,52.3,0.0
52,0.220,ok,14.699,1155.250,0.0,52.3,0.0
53,0.208,ok,14.699,1155.250,0.0,52.3,0.0
54,0.292,ok,14.699,1155.250,0.0,52.3,0.0
55,0.473,ok,14.699,1155.250,0.0,52.3,0.0
56,0.354,ok,14.699,1155.250,0.0,52.3,0.0
57,0.315,ok,14.699,1155.250,0.0,52.3,0.0
58,0.243,ok,14.699,1155.250,0.0,52.3,0.0
59,0.255,ok,14.699,1155.250,0.0,52.3,0.0
60,0.250,ok,14.699,1155.250,0.0,52.3,0.0
61,0.291,ok,14.699,1155.250,0.0,52.3,0.0
62,0.246,ok,14.699,1155.250,0.0,52.3,0.0
63,0.284,ok,14.699,1155.250,0.0,52.3,0.0
64,0.225,ok,14.699,1155.250,0.0,52.3,0.0
65,0.207,ok,14.699,1155.250,0.0,52.3,0.0
66,0.196,ok,14.699,1155.250,0.0,52.3,0.0
67,0.303,ok,14.699,1155.250,0.0,52.3,0.0
68,0.342,ok,14.699,1155.250,0.0,52.3,0.0
69,0.325,ok,14.699,1155.250,0.0,52.3,0.0
70,0.283,ok,14.699,1155.250,0.0,52.3,0.0
71,0.280,ok,14.699,1155.250,0.0,52.3,0.0
72,0.336,ok,14.699,1155.250,0.0,52.3,0.0
73,0.406,ok,14.699,1155.250,0.0,52.3,0.0
74,0.362,ok,14.699,1155.250,0.0,52.3,0.0
75,0.450,ok,14.699,1155.250,0.0,52.3,0.0
76,0.396,ok,14.699,1155.250,0.0,52.3,0.0
77,0.294,ok,14.699,1155.250,0.0,52.3,0.0
78,0.301,ok,14.699,1155.250,0.0,52.3,0.0
79,0.368,ok,14.699,1155.250,0.0,52.3,0.0
80,0.385,ok,14.699,1155.250,0.0,52.3,0.0
81,0.417,ok,14.699,1155.250,0.0,52.3,0.0
82,0.375,ok,14.699,1155.250,0.0,52.3,0.0
83,0.262,ok,14.699,1155.250,0.0,52.3,0.0
84,0.255,ok,14.699,1155.250,0.0,52.3,0.0
85,0.304,ok,14.699,1155.250,0.0,52.3,0.0
86,0.227,ok,14.699,1155.250,0.0,52.3,0.0
87,0.248,ok,14.699,1155.250,0.0,52.3,0.0
88,0.247,ok,14.699,1155.250,0.0,52.3,0.0
89,0.214,ok,14.699,1155.250,0.0,52.3,0.0
90,0.179,ok,14.699,1155.250,0.0,52.3,0.0
91,0.172,ok,14.699,1155.250,0.0,52.3,0.0
92,0.173,ok,14.699,1155.250,0.0,52.3,0.0
93,0.180,ok,14.699,1155.250,0.0,52.3,0.0
94,0.210,ok,14.699,1155.250,0.0,52.3,0.0
95,0.271,ok,14.699,1155.250,0.0,52.3,0.0
96,0.363,ok,14.699,1155.250,0.0,52.3,0.0
97,0.275,ok,14.699,1155.250,0.0,52.3,0.0
98,0.295,ok,14.699,1155.250,0.0,52.3,0.0
99,0.236,ok,14.699,1155.250,0.0,52.3,0.0
100,0.232,ok,14.699,1155.250,0.0,52.3,0.0
101,0.239,ok,14.699,1155.250,0.0,52.3,0.0
102,0.334,ok,14.699,1155.250,0.0,52.3,0.0
103,0.353,ok,14.699,1155.250,0.0,52.3,0.0
104,0.432,ok,14.699,1155.250,0.0,52.3,0.0
105,0.381,ok,14.699,1155.250,0.0,52.3,0.0
106,0.315,ok,14.699,1155.250,0.0,52.3,0.0
107,0.296,ok,14.699,1155.250,0.0,52.3,0.0
108,0.303,ok,14.699,1155.250,0.0,52.3,0.0
109,0.345,ok,14.699,1155.250,0.0,52.3,0.0
110,0.305,ok,14.699,1155.250,0.0,52.3,0.0
111,0.350,ok,14.699,1155.250,0.0,52.3,0.0
112,0.365,ok,14.699,1155.250,0.0,52.3,0.0
113,0.332,ok,14.699,1155.250,0.0,52.3,0.0
114,0.351,ok,14.699,1155.250,0.0,52.3,0.0
115,0.338,ok,14.699,1155.250,0.0,52.3,0.0
116,0.305,ok,14.699,1155.250,0.0,52.3,0.0
117,0.301,ok,14.699,1155.250,0.0,52.3,0.0
118,0.479,ok,14.699,1155.250,0.0,52.3,0.0
119,0.372,ok,14.699,1155.250,0.0,52.3,0.0
120,0.336,ok,14.699,1155.250,0.0,52.3,0.0
121,0.379,ok,14.699,1155.250,0.0,52.3,0.0
122,0.331,ok,14.699,1155.250,0.0,52.3,0.0
123,0.311,ok,14.699,1155.250,0.0,52.3,0.0
124,0.383,ok,14.699,1155.250,0.0,52.3,0.0
125,0.366,ok,14.699,1155.250,0.0,52.3,0.0
126,0.419,ok,14.699,1155.250,0.0,52.3,0.0
127,0.418,ok,14.699,1155.250,0.0,52.3,0.0
128,0.412,ok,14.699,1155.250,0.0,52.3,0.0
129,0.430,ok,14.699,1155.250,0.0,52.3,0.0
130,0.355,ok,14.699,1155.250,0.0,52.3,0.0
131,0.397,ok,14.699,1155.250,0.0,52.3,0.0
132,0.422,ok,14.699,1155.250,0.0,52.3,0.0
133,0.386,ok,14.699,1155.250,0.0,52.3,0.0
134,0.414,ok,14.699,1155.250,0.0,52.3,0.0
135,0.346,ok,14.699,1155.250,0.0,52.3,0.0
136,0.309,ok,14.699,1155.250,0.0,52.3,0.0
137,0.333,ok,14.699,1155.250,0.0,52.3,0.0
138,0.254,ok,14.699,1155.250,0.0,52.3,0.0
139,0.280,ok,14.699,1155.250,0.0,52.3,0.0
140,0.307,ok,14.699,1155.250,0.0,52.3,0.0
141,0.401,ok,14.699,1155.250,0.0,52.3,0.0
142,0.341,ok,14.699,1155.250,0.0,52.3,0.0
143,0.343,ok,14.699,1155.250,0.0,52.3,0.0
144,0.328,ok,14.699,1155.250,0.0,52.3,0.0
145,0.290,ok,14.699,1155.250,0.0,52.3,0.0
146,0.312,ok,14.699,1155.250,0.0,52.3,0.0
147,0.296,ok,14.699,1155.250,0.0,52.3,0.0
148,0.233,ok,14.699,1155.250,0.0,52.3,0.0
149,0.376,ok,14.699,1155.250,0.0,52.3,0.0
150,0.259,ok,14.699,1155.250,0.0,52.3,0.0
151,0.287,ok,14.699,1155.250,0.0,52.3,0.0
152,0.263,ok,14.699,1155.250,0.0,52.3,0.0
153,0.380,ok,14.699,1155.250,0.0,52.3,0.0
154,0.338,ok,14.699,1155.250,0.0,52.3,0.0
155,0.376,ok,14.699,1155.250,0.0,52.3,0.0
156,0.299,ok,14.699,1155.250,0.0,52.3,0.0
157,0.345,ok,14.699,1155.250,0.0,52.3,0.0
158,0.301,ok,14.699,1155.250,0.0,52.3,0.0
159,0.291,ok,14.699,1155.250,0.0,52.3,0.0
160,0.392,ok,14.699,1155.250,0.0,52.3,0.0
161,0.316,ok,14.699,1155.250,0.0,52.3,0.0
162,0.272,ok,14.699,1155.250,0.0,52.3,0.0
163,0.269,ok,14.699,1155.250,0.0,52.3,0.0
164,0.321,ok,14.699,1155.250,0.0,52.3,0.0
165,0.353,ok,14.699,1155.250,0.0,52.3,0.0
166,0.389,ok,14.699,1155.250,0.0,52.3,0.0
167,0.298,ok,14.699,1155.250,0.0,52.3,0.0
168,0.273,ok,14.699,1155.250,0.0,52.3,0.0
169,0.271,ok,14.699,1155.250,0.0,52.3,0.0
170,0.308,ok,14.699,1155.250,0.0,52.3,0.0
171,0.344,ok,14.699,1155.250,0.0,52.3,0.0
172,0.324,ok,14.699,1155.250,0.0,52.3,0.0
173,0.398,ok,14.699,1155.250,0.0,52.3,0.0
174,0.373,ok,14.699,1155.250,0.0,52.3,0.0
175,0.341,ok,14.699,1155.250,0.0,52.3,0.0
176,0.318,ok,14.699,1155.250,0.0,52.3,0.0
177,0.310,ok,14.699,1155.250,0.0,52.3,0.0
178,0.295,ok,14.699,1155.250,0.0,52.3,0.0
179,0.260,ok,14.699,1155.250,0.0,52.3,0.0
180,0.307,ok,14.699,1155.250,0.0,52.3,0.0
181,0.250,ok,14.699,1155.250,0.0,52.3,0.0
182,0.314,ok,14.699,1155.250,0.0,52.3,0.0
183,0.279,ok,14.699,1155.250,0.0,52.3,0.0
184,0.256,ok,14.699,1155.250,0.0,52.3,0.0
185,0.343,ok,14.699,1155.250,0.0,52.3,0.0
186,0.277,ok,14.699,1155.250,0.0,52.3,0.0
187,0.264,ok,14.699,1155.250,0.0,52.3,0.0
188,0.276,ok,14.699,1155.250,0.0,52.3,0.0
189,0.280,ok,14.699,1155.250,0.0,52.3,0.0
190,0.282,ok,14.699,1155.250,0.0,52.3,0.0
191,0.270,ok,14.699,1155.250,0.0,52.3,0.0
192,0.296,ok,14.699,1155.250,0.0,52.3,0.0
193,0.342,ok,14.699,1155.250,0.0,52.3,0.0
194,0.321,ok,14.699,1155.250,0.0,52.3,0.0
195,0.377,ok,14.699,1155.250,0.0,52.3,0.0
196,0.373,ok,14.699,1155.250,0.0,52.3,0.0
197,0.385,ok,14.699,1155.250,0.0,52.3,0.0
198,0.354,ok,14.699,1155.250,0.0,52.3,0.0
199,0.323,ok,14.699,1155.250,0.0,52.3,0.0
200,0.350,ok,14.699,1155.250,0.0,52.3,0.0
201,0.297,ok,14.699,1155.250,0.0,52.3,0.0
202,0.260,ok,14.699,1155.250,0.0,52.3,0.0
203,0.338,ok,14.699,1155.250,0.0,52.3,0.0
204,0.379,ok,14.699,1155.250,0.0,52.3,0.0
205,0.366,ok,14.699,1155.250,0.0,52.3,0.0
206,0.347,ok,14.699,1155.250,0.0,52.3,0.0
207,0.377,ok,14.699,1155.250,0.0,52.3,0.0
208,0.375,ok,14.699,1155.250,0.0,52.3,0.0
209,0.391,ok,14.699,1155.250,0.0,52.3,0.0
210,0.347,ok,14.699,1155.250,0.0,52.3,0.0
211,0.349,ok,14.699,1155.250,0.0,52.3,0.0
212,0.321,ok,14.699,1155.250,0.0,52.3,0.0
213,0.349,ok,14.699,1155.250,0.0,52.3,0.0
214,0.415,ok,14.699,1155.250,0.0,52.3,0.0
215,0.306,ok,14.699,1155.250,0.0,52.3,0.0
216,0.234,ok,14.699,1155.250,0.0,52.3,0.0
217,0.248,ok,14.699,1155.250,0.0,52.3,0.0
218,0.245,ok,14.699,1155.250,0.0,52.3,0.0
219,0.302,ok,14.699,1155.250,0.0,52.3,0.0
220,0.225,ok,14.699,1155.250,0.0,52.3,0.0
221,0.271,ok,14.699,1155.250,0.0,52.3,0.0
222,0.220,ok,14.699,1155.250,0.0,52.3,0.0
223,0.202,ok,14.699,1155.250,0.0,52.3,0.0
224,0.249,ok,14.699,1155.250,0.0,52.3,0.0
225,0.232,ok,14.699,1155.250,0.0,52.3,0.0
226,0.220,ok,14.699,1155.250,0.0,52.3,0.0
227,0.211,ok,14.699,1155.250,0.0,52.3,0.0
228,0.203,ok,14.699,1155.250,0.0,52.3,0.0
229,0.222,ok,14.699,1155.250,0.0,52.3,0.0
230,0.206,ok,14.699,1155.250,0.0,52.3,0.0
231,0.197,ok,14.699,1155.250,0.0,52.3,0.0
232,0.205,ok,14.699,1155.250,0.0,52.3,0.0
233,0.230,ok,14.699,1155.250,0.0,52.3,0.0
234,0.204,ok,14.699,1155.250,0.0,52.3,0.0
235,0.277,ok,14.699,1155.250,0.0,52.3,0.0
236,0.214,ok,14.699,1155.250,0.0,52.3,0.0
237,0.233,ok,14.699,1155.250,0.0,52.3,0.0
238,0.192,ok,14.699,1155.250,0.0,52.3,0.0
239,0.257,ok,14.699,1155.250,0.0,52.3,0.0
240,0.240,ok,14.699,1155.250,0.0,52.3,0.0
241,0.222,ok,14.699,1155.250,0.0,52.3,0.0
242,0.180,ok,14.699,1155.250,0.0,52.3,0.0
243,0.178,ok,14.699,1155.250,0.0,52.3,0.0
244,0.194,ok,14.699,1155.250,0.0,52.3,0.0
245,0.192,ok,14.699,1155.250,0.0,52.3,0.0
246,0.224,ok,14.699,1155.250,0.0,52.3,0.0
247,0.208,ok,14.699,1155.250,0.0,52.3,0.0
248,0.223,ok,14.699,1155.250,0.0,52.3,0.0
249,0.228,ok,14.699,1155.250,0.0,52.3,0.0
250,0.251,ok,14.699,1155.250,0.0,52.3,0.0
251,0.332,ok,14.699,1155.250,0.0,52.3,0.0
252,0.259,ok,14.699,1155.250,0.0,52.3,0.0
253,0.237,ok,14.699,1155.250,0.0,52.3,0.0
254,0.233,ok,14.699,1155.250,0.0,52.3,0.0
255,0.253,ok,14.699,1155.250,0.0,52.3,0.0
256,0.261,ok,14.699,1155.250,0.0,52.3,0.0
257,0.234,ok,14.699,1155.250,0.0,52.3,0.0
258,0.289,ok,14.699,1155.250,0.0,52.3,0.0
259,0.264,ok,14.699,1155.250,0.0,52.3,0.0
260,0.280,ok,14.699,1155.250,0.0,52.3,0.0
261,0.272,ok,14.699,1155.250,0.0,52.3,0.0
262,0.283,ok,14.699,1155.250,0.0,52.3,0.0
263,0.271,ok,14.699,1155.250,0.0,52.3,0.0
264,0.258,ok,14.699,1155.250,0.0,52.3,0.0
265,0.232,ok,14.699,1155.250,0.0,52.3,0.0
266,0.262,ok,14.699,1155.250,0.0,52.3,0.0
267,0.271,ok,14.699,1155.250,0.0,52.3,0.0
268,0.199,ok,14.699,1155.250,0.0,52.3,0.0
269,0.182,ok,14.699,1155.250,0.0,52.3,0.0
270,0.208,ok,14.699,1155.250,0.0,52.3,0.0
271,0.212,ok,14.699,1155.250,0.0,52.3,0.0
272,0.218,ok,14.699,1155.250,0.0,52.3,0.0
273,0.224,ok,14.699,1155.250,0.0,52.3,0.0
274,0.205,ok,14.699,1155.250,0.0,52.3,0.0
275,0.209,ok,14.699,1155.250,0.0,52.3,0.0
276,0.203,ok,14.699,1155.250,0.0,52.3,0.0
277,0.209,ok,14.699,1155.250,0.0,52.3,0.0
278,0.211,ok,14.699,1155.250,0.0,52.3,0.0
279,0.215,ok,14.699,1155.250,0.0,52.3,0.0
280,0.202,ok,14.699,1155.250,0.0,52.3,0.0
281,0.206,ok,14.699,1155.250,0.0,52.3,0.0
282,0.219,ok,14.699,1155.250,0.0,52.3,0.0
283,0.251,ok,14.699,1155.250,0.0,52.3,0.0
284,0.219,ok,14.699,1155.250,0.0,52.3,0.0
285,0.203,ok,14.699,1155.250,0.0,52.3,0.0
286,0.190,ok,14.699,1155.250,0.0,52.3,0.0
287,0.256,ok,14.699,1155.250,0.0,52.3,0.0
288,0.310,ok,14.699,1155.250,0.0,52.3,0.0
289,0.267,ok,14.699,1155.250,0.0,52.3,0.0
290,0.242,ok,14.699,1155.250,0.0,52.3,0.0
291,0.290,ok,14.699,1155.250,0.0,52.3,0.0
292,0.302,ok,14.699,1155.250,0.0,52.3,0.0
293,0.289,ok,14.699,1155.250,0.0,52.3,0.0
294,0.237,ok,14.699,1155.250,0.0,52.3,0.0
295,0.204,ok,14.699,1155.250,0.0,52.3,0.0
296,0.218,ok,14.699,1155.250,0.0,52.3,0.0
297,0.219,ok,14.699,1155.250,0.0,52.3,0.0
298,0.196,ok,14.699,1155.250,0.0,52.3,0.0
299,0.191,ok,14.699,1155.250,0.0,52.3,0.0
300,0.191,ok,14.699,1155.250,0.0,52.3,0.0
301,0.178,ok,14.699,1155.250,0.0,52.3,0.0
302,0.185,ok,14.699,1155.250,0.0,52.3,0.0
303,0.178,ok,14.699,1155.250,0.0,52.3,0.0
304,0.229,ok,14.699,1155.250,0.0,52.3,0.0
305,0.231,ok,14.699,1155.250,0.0,52.3,0.0
306,0.213,ok,14.699,1155.250,0.0,52.3,0.0
307,0.206,ok,14.699,1155.250,0.0,52.3,0.0
308,0.217,ok,14.699,1155.250,0.0,52.3,0.0
309,0.235,ok,14.699,1155.250,0.0,52.3,0.0
310,0.356,ok,14.699,1155.250,0.0,52.3,0.0
311,0.350,ok,14.699,1155.250,0.0,52.3,0.0
312,0.335,ok,14.699,1155.250,0.0,52.3,0.0
313,0.299,ok,14.699,1155.250,0.0,52.3,0.0
314,0.253,ok,14.699,1155.250,0.0,52.3,0.0
315,0.227,ok,14.699,1155.250,0.0,52.3,0.0
316,0.243,ok,14.699,1155.250,0.0,52.3,0.0
317,0.240,ok,14.699,1155.250,0.0,52.3,0.0
318,0.265,ok,14.699,1155.250,0.0,52.3,0.0
319,0.270,ok,14.699,1155.250,0.0,52.3,0.0
320,0.218,ok,14.699,1155.250,0.0,52.3,0.0
321,0.197,ok,14.699,1155.250,0.0,52.3,0.0
322,0.209,ok,14.699,1155.250,0.0,52.3,0.0
323,0.200,ok,14.699,1155.250,0.0,52.3,0.0
324,0.213,ok,14.699,1155.250,0.0,52.3,0.0
325,0.222,ok,14.699,1155.250,0.0,52.3,0.0
326,0.239,ok,14.699,1155.250,0.0,52.3,0.0
327,0.226,ok,14.699,1155.250,0.0,52.3,0.0
328,0.215,ok,14.699,1155.250,0.0,52.3,0.0
329,0.199,ok,14.699,1155.250,0.0,52.3,0.0
330,0.233,ok,14.699,1155.250,0.0,52.3,0.0
331,0.292,ok,14.699,1155.250,0.0,52.3,0.0
332,0.212,ok,14.699,1155.250,0.0,52.3,0.0
333,0.202,ok,14.699,1155.250,0.0,52.3,0.0
334,0.199,ok,14.699,1155.250,0.0,52.3,0.0
335,0.208,ok,14.699,1155.250,0.0,52.3,0.0
336,0.233,ok,14.699,1155.250,0.0,52.3,0.0
337,0.286,ok,14.699,1155.250,0.0,52.3,0.0
338,0.211,ok,14.699,1155.250,0.0,52.3,0.0
339,0.221,ok,14.699,1155.250,0.0,52.3,0.0
340,0.240,ok,14.699,1155.250,0.0,52.3,0.0
341,0.243,ok,14.699,1155.250,0.0,52.3,0.0
342,0.247,ok,14.699,1155.250,0.0,52.3,0.0
343,0.234,ok,14.699,1155.250,0.0,52.3,0.0
344,0.225,ok,14.699,1155.250,0.0,52.3,0.0
345,0.220,ok,14.699,1155.250,0.0,52.3,0.0
346,0.284,ok,14.699,1155.250,0.0,52.3,0.0
347,0.270,ok,14.699,1155.250,0.0,52.3,0.0
348,0.251,ok,14.699,1155.250,0.0,52.3,0.0
349,0.257,ok,14.699,1155.250,0.0,52.3,0.0
350,0.362,ok,14.699,1155.250,0.0,52.3,0.0
351,0.408,ok,14.699,1155.250,0.0,52.3,0.0
352,0.438,ok,14.699,1155.250,0.0,52.3,0.0
353,0.357,ok,14.699,1155.250,0.0,52.3,0.0
354,0.287,ok,14.699,1155.250,0.0,52.3,0.0
355,0.256,ok,14.699,1155.250,0.0,52.3,0.0
356,0.210,ok,14.699,1155.250,0.0,52.3,0.0
357,0.284,ok,14.699,1155.250,0.0,52.3,0.0
358,0.279,ok,14.699,1155.250,0.0,52.3,0.0
359,0.291,ok,14.699,1155.250,0.0,52.3,0.0
360,0.289,ok,14.699,1155.250,0.0,52.3,0.0
361,0.406,ok,14.699,1155.250,0.0,52.3,0.0
362,0.382,ok,14.699,1155.250,0.0,52.3,0.0
363,0.415,ok,14.699,1155.250,0.0,52.3,0.0
364,0.376,ok,14.699,1155.250,0.0,52.3,0.0
365,0.371,ok,14.699,1155.250,0.0,52.3,0.0
366,0.306,ok,14.699,1155.250,0.0,52.3,0.0
367,0.251,ok,14.699,1155.250,0.0,52.3,0.0
368,0.227,ok,14.699,1155.250,0.0,52.3,0.0
369,0.214,ok,14.699,1155.250,0.0,52.3,0.0
370,0.298,ok,14.699,1155.250,0.0,52.3,0.0
371,0.501,ok,14.699,1155.250,0.0,52.3,0.0
372,0.234,ok,14.699,1155.250,0.0,52.3,0.0
373,0.207,ok,14.699,1155.250,0.0,52.3,0.0
374,0.216,ok,14.699,1155.250,0.0,52.3,0.0
375,0.210,ok,14.699,1155.250,0.0,52.3,0.0
376,0.317,ok,14.699,1155.250,0.0,52.3,0.0
377,0.232,ok,14.699,1155.250,0.0,52.3,0.0
378,0.187,ok,14.699,1155.250,0.0,52.3,0.0
379,0.175,ok,14.699,1155.250,0.0,52.3,0.0
380,0.184,ok,14.699,1155.250,0.0,52.3,0.0
381,0.206,ok,14.699,1155.250,0.0,52.3,0.0
382,0.171,ok,14.699,1155.250,0.0,52.3,0.0
383,0.224,ok,14.699,1155.250,0.0,52.3,0.0
384,0.201,ok,14.699,1155.250,0.0,52.3,0.0
385,0.199,ok,14.699,1155.250,0.0,52.3,0.0
386,0.216,ok,14.699,1155.250,0.0,52.3,0.0
387,0.222,ok,14.699,1155.250,0.0,52.3,0.0
388,0.199,ok,14.699,1155.250,0.0,52.3,0.0
389,0.203,ok,14.699,1155.250,0.0,52.3,0.0
390,0.199,ok,14.699,1155.250,0.0,52.3,0.0
391,0.208,ok,14.699,1155.250,0.0,52.3,0.0
392,0.193,ok,14.699,1155.250,0.0,52.3,0.0
393,0.196,ok,14.699,1155.250,0.0,52.3,0.0
394,0.272,ok,14.699,1155.250,0.0,52.3,0.0
395,0.327,ok,14.699,1155.250,0.0,52.3,0.0
396,0.218,ok,14.699,1155.250,0.0,52.3,0.0
397,0.222,ok,14.699,1155.250,0.0,52.3,0.0
398,0.269,ok,14.699,1155.250,0.0,52.3,0.0
399,0.237,ok,14.699,1155.250,0.0,52.3,0.0
400,0.324,ok,14.699,1155.250,0.0,52.3,0.0
401,0.305,ok,14.699,1155.250,0.0,52.3,0.0
402,0.281,ok,14.699,1155.250,0.0,52.3,0.0
403,0.264,ok,14.699,1155.250,0.0,52.3,0.0
404,0.236,ok,14.699,1155.250,0.0,52.3,0.0
405,0.234,ok,14.699,1155.250,0.0,52.3,0.0
406,0.229,ok,14.699,1155.250,0.0,52.3,0.0
407,0.247,ok,14.699,1155.250,0.0,52.3,0.0
408,0.265,ok,14.699,1155.250,0.0,52.3,0.0
409,0.244,ok,14.699,1155.250,0.0,52.3,0.0
410,0.240,ok,14.699,1155.250,0.0,52.3,0.0
411,0.227,ok,14.699,1155.250,0.0,52.3,0.0
412,0.227,ok,14.699,1155.250,0.0,52.3,0.0
413,0.247,ok,14.699,1155.250,0.0,52.3,0.0
414,0.230,ok,14.699,1155.250,0.0,52.3,0.0
415,0.222,ok,14.699,1155.250,0.0,52.3,0.0
416,0.260,ok,14.699,1155.250,0.0,52.3,0.0
417,0.222,ok,14.699,1155.250,0.0,52.3,0.0
418,0.302,ok,14.699,1155.250,0.0,52.3,0.0
419,0.263,ok,14.699,1155.250,0.0,52.3,0.0
420,0.285,ok,14.699,1155.250,0.0,52.3,0.0
421,0.310,ok,14.699,1155.250,0.0,52.3,0.0
422,0.297,ok,14.699,1155.250,0.0,52.3,0.0
423,0.271,ok,14.699,1155.250,0.0,52.3,0.0
424,0.268,ok,14.699,1155.250,0.0,52.3,0.0
425,0.271,ok,14.699,1155.250,0.0,52.3,0.0
426,0.242,ok,14.699,1155.250,0.0,52.3,0.0
427,0.317,ok,14.699,1155.250,0.0,52.3,0.0
428,0.318,ok,14.699,1155.250,0.0,52.3,0.0
429,0.287,ok,14.699,1155.250,0.0,52.3,0.0
430,0.284,ok,14.699,1155.250,0.0,52.3,0.0
431,0.275,ok,14.699,1155.250,0.0,52.3,0.0
432,0.293,ok,14.699,1155.250,0.0,52.3,0.0
433,0.308,ok,14.699,1155.250,0.0,52.3,0.0
434,0.298,ok,14.699,1155.250,0.0,52.3,0.0
435,0.293,ok,14.699,1155.250,0.0,52.3,0.0
436,0.288,ok,14.699,1155.250,0.0,52.3,0.0
437,0.278,ok,14.699,1155.250,0.0,52.3,0.0
438,0.402,ok,14.699,1155.250,0.0,52.3,0.0
439,0.319,ok,14.699,1155.250,0.0,52.3,0.0
440,0.300,ok,14.699,1155.250,0.0,52.3,0.0
441,0.252,ok,14.699,1155.250,0.0,52.3,0.0
442,0.283,ok,14.699,1155.250,0.0,52.3,0.0
443,0.243,ok,14.699,1155.250,0.0,52.3,0.0
444,0.258,ok,14.699,1155.250,0.0,52.3,0.0
445,0.261,ok,14.699,1155.250,0.0,52.3,0.0
446,0.230,ok,14.699,1155.250,0.0,52.3,0.0
447,0.232,ok,14.699,1155.250,0.0,52.3,0.0
448,0.221,ok,14.699,1155.250,0.0,52.3,0.0
449,0.260,ok,14.699,1155.250,0.0,52.3,0.0
450,0.231,ok,14.699,1155.250,0.0,52.3,0.0
451,0.228,ok,14.699,1155.250,0.0,52.3,0.0
452,0.253,ok,14.699,1155.250,0.0,52.3,0.0
453,0.257,ok,14.699,1155.250,0.0,52.3,0.0
454,0.246,ok,14.699,1155.250,0.0,52.3,0.0
455,0.238,ok,14.699,1155.250,0.0,52.3,0.0
456,0.231,ok,14.699,1155.250,0.0,52.3,0.0
457,0.229,ok,14.699,1155.250,0.0,52.3,0.0
458,0.322,ok,14.699,1155.250,0.0,52.3,0.0
459,0.306,ok,14.699,1155.250,0.0,52.3,0.0
460,0.240,ok,14.699,1155.250,0.0,52.3,0.0
461,0.278,ok,14.699,1155.250,0.0,52.3,0.0
462,0.256,ok,14.699,1155.250,0.0,52.3,0.0
463,0.287,ok,14.699,1155.250,0.0,52.3,0.0
464,0.283,ok,14.699,1155.250,0.0,52.3,0.0
465,0.333,ok,14.699,1155.250,0.0,52.3,0.0
466,0.352,ok,14.699,1155.250,0.0,52.3,0.0
467,0.323,ok,14.699,1155.250,0.0,52.3,0.0
468,0.374,ok,14.699,1155.250,0.0,52.3,0.0
469,0.319,ok,14.699,1155.250,0.0,52.3,0.0
470,0.342,ok,14.699,1155.250,0.0,52.3,0.0
471,0.368,ok,14.699,1155.250,0.0,52.3,0.0
472,0.334,ok,14.699,1155.250,0.0,52.3,0.0
473,0.353,ok,14.699,1155.250,0.0,52.3,0.0
474,0.386,ok,14.699,1155.250,0.0,52.3,0.0
475,0.322,ok,14.699,1155.250,0.0,52.3,0.0
476,0.381,ok,14.699,1155.250,0.0,52.3,0.0
477,0.341,ok,14.699,1155.250,0.0,52.3,0.0
478,0.285,ok,14.699,1155.250,0.0,52.3,0.0
479,0.261,ok,14.699,1155.250,0.0,52.3,0.0
480,0.323,ok,14.699,1155.250,0.0,52.3,0.0
481,0.254,ok,14.699,1155.250,0.0,52.3,0.0
482,0.238,ok,14.699,1155.250,0.0,52.3,0.0
483,0.247,ok,14.699,1155.250,0.0,52.3,0.0
484,0.301,ok,14.699,1155.250,0.0,52.3,0.0
485,0.250,ok,14.699,1155.250,0.0,52.3,0.0
486,0.295,ok,14.699,1155.250,0.0,52.3,0.0
487,0.257,ok,14.699,1155.250,0.0,52.3,0.0
488,0.272,ok,14.699,1155.250,0.0,52.3,0.0
489,0.277,ok,14.699,1155.250,0.0,52.3,0.0
490,0.317,ok,14.699,1155.250,0.0,52.3,0.0
491,0.305,ok,14.699,1155.250,0.0,52.3,0.0
492,0.261,ok,14.699,1155.250,0.0,52.3,0.0
493,0.287,ok,14.699,1155.250,0.0,52.3,0.0
494,0.313,ok,14.699,1155.250,0.0,52.3,0.0
495,0.299,ok,14.699,1155.250,0.0,52.3,0.0
496,0.240,ok,14.699,1155.250,0.0,52.3,0.0
497,0.225,ok,14.699,1155.250,0.0,52.3,0.0
498,0.202,ok,14.699,1155.250,0.0,52.3,0.0
499,0.179,ok,14.699,1155.250,0.0,52.3,0.0
500,0.170,ok,14.699,1155.250,0.0,52.3,0.0
501,0.190,ok,14.699,1155.250,0.0,52.3,0.0
502,0.284,ok,14.699,1155.250,0.0,52.3,0.0
503,0.255,ok,14.699,1155.250,0.0,52.3,0.0
504,0.279,ok,14.699,1155.250,0.0,52.3,0.0
505,0.343,ok,14.699,1155.250,0.0,52.3,0.0
506,0.285,ok,14.699,1155.250,0.0,52.3,0.0
507,0.255,ok,14.699,1155.250,0.0,52.3,0.0
508,0.306,ok,14.699,1155.250,0.0,52.3,0.0
509,0.288,ok,14.699,1155.250,0.0,52.3,0.0
510,0.214,ok,14.699,1155.250,0.0,52.3,0.0
511,0.198,ok,14.699,1155.250,0.0,52.3,0.0
512,0.182,ok,14.699,1155.250,0.0,52.3,0.0
513,0.179,ok,14.699,1155.250,0.0,52.3,0.0
514,0.174,ok,14.699,1155.250,0.0,52.3,0.0
515,0.188,ok,14.699,1155.250,0.0,52.3,0.0
516,0.235,ok,14.699,1155.250,0.0,52.3,0.0
517,0.259,ok,14.699,1155.250,0.0,52.3,0.0
518,0.211,ok,14.699,1155.250,0.0,52.3,0.0
519,0.230,ok,14.699,1155.250,0.0,52.3,0.0
520,0.229,ok,14.699,1155.250,0.0,52.3,0.0
521,0.218,ok,14.699,1155.250,0.0,52.3,0.0
522,0.205,ok,14.699,1155.250,0.0,52.3,0.0
523,0.249,ok,14.699,1155.250,0.0,52.3,0.0
524,0.418,ok,14.699,1155.250,0.0,52.3,0.0
525,0.388,ok,14.699,1155.250,0.0,52.3,0.0
526,0.290,ok,14.699,1155.250,0.0,52.3,0.0
527,0.255,ok,14.699,1155.250,0.0,52.3,0.0
528,0.222,ok,14.699,1155.250,0.0,52.3,0.0
529,0.208,ok,14.699,1155.250,0.0,52.3,0.0
530,0.315,ok,14.699,1155.250,0.0,52.3,0.0
531,0.365,ok,14.699,1155.250,0.0,52.3,0.0
532,0.371,ok,14.699,1155.250,0.0,52.3,0.0
533,0.443,ok,14.699,1155.250,0.0,52.3,0.0
534,0.395,ok,14.699,1155.250,0.0,52.3,0.0
535,0.427,ok,14.699,1155.250,0.0,52.3,0.0
536,0.311,ok,14.699,1155.250,0.0,52.3,0.0
537,0.433,ok,14.699,1155.250,0.0,52.3,0.0
538,0.325,ok,14.699,1155.250,0.0,52.3,0.0
539,0.301,ok,14.699,1155.250,0.0,52.3,0.0
540,0.297,ok,14.699,1155.250,0.0,52.3,0.0
541,0.291,ok,14.699,1155.250,0.0,52.3,0.0
542,0.284,ok,14.699,1155.250,0.0,52.3,0.0
543,0.302,ok,14.699,1155.250,0.0,52.3,0.0
544,0.397,ok,14.699,1155.250,0.0,52.3,0.0
545,0.378,ok,14.699,1155.250,0.0,52.3,0.0
546,0.278,ok,14.699,1155.250,0.0,52.3,0.0
547,0.300,ok,14.699,1155.250,0.0,52.3,0.0
548,0.338,ok,14.699,1155.250,0.0,52.3,0.0
549,0.428,ok,14.699,1155.250,0.0,52.3,0.0
550,0.363,ok,14.699,1155.250,0.0,52.3,0.0
551,0.351,ok,14.699,1155.250,0.0,52.3,0.0
552,0.331,ok,14.699,1155.250,0.0,52.3,0.0
553,0.361,ok,14.699,1155.250,0.0,52.3,0.0
554,0.273,ok,14.699,1155.250,0.0,52.3,0.0
555,0.238,ok,14.699,1155.250,0.0,52.3,0.0
556,0.232,ok,14.699,1155.250,0.0,52.3,0.0
557,0.229,ok,14.699,1155.250,0.0,52.3,0.0
558,0.223,ok,14.699,1155.250,0.0,52.3,0.0
559,0.218,ok,14.699,1155.250,0.0,52.3,0.0
560,0.218,ok,14.699,1155.250,0.0,52.3,0.0
561,0.226,ok,14.699,1155.250,0.0,52.3,0.0
562,0.232,ok,14.699,1155.250,0.0,52.3,0.0
563,0.234,ok,14.699,1155.250,0.0,52.3,0.0
564,0.226,ok,14.699,1155.250,0.0,52.3,0.0
565,0.219,ok,14.699,1155.250,0.0,52.3,0.0
566,0.267,ok,14.699,1155.250,0.0,52.3,0.0
567,0.225,ok,14.699,1155.250,0.0,52.3,0.0
568,0.259,ok,14.699,1155.250,0.0,52.3,0.0
569,0.225,ok,14.699,1155.250,0.0,52.3,0.0
570,0.234,ok,14.699,1155.250,0.0,52.3,0.0
571,0.220,ok,14.699,1155.250,0.0,52.3,0.0
572,0.218,ok,14.699,1155.250,0.0,52.3,0.0
573,0.214,ok,14.699,1155.250,0.0,52.3,0.0
574,0.228,ok,14.699,1155.250,0.0,52.3,0.0
575,0.221,ok,14.699,1155.250,0.0,52.3,0.0
576,0.220,ok,14.699,1155.250,0.0,52.3,0.0
577,0.214,ok,14.699,1155.250,0.0,52.3,0.0
578,0.213,ok,14.699,1155.250,0.0,52.3,0.0
579,0.219,ok,14.699,1155.250,0.0,52.3,0.0
580,0.215,ok,14.699,1155.250,0.0,52.3,0.0
581,0.224,ok,14.699,1155.250,0.0,52.3,0.0
582,0.214,ok,14.699,1155.250,0.0,52.3,0.0
583,0.218,ok,14.699,1155.250,0.0,52.3,0.0
584,0.222,ok,14.699,1155.250,0.0,52.3,0.0
585,0.233,ok,14.699,1155.250,0.0,52.3,0.0
586,0.216,ok,14.699,1155.250,0.0,52.3,0.0
587,0.249,ok,14.699,1155.250,0.0,52.3,0.0
588,0.254,ok,14.699,1155.250,0.0,52.3,0.0
589,0.253,ok,14.699,1155.250,0.0,52.3,0.0
590,0.256,ok,14.699,1155.250,0.0,52.3,0.0
591,0.233,ok,14.699,1155.250,0.0,52.3,0.0
592,0.239,ok,14.699,1155.250,0.0,52.3,0.0
593,0.223,ok,14.699,1155.250,0.0,52.3,0.0
594,0.215,ok,14.699,1155.250,0.0,52.3,0.0
595,0.219,ok,14.699,1155.250,0.0,52.3,0.0
596,0.241,ok,14.699,1155.250,0.0,52.3,0.0
597,0.222,ok,14.699,1155.250,0.0,52.3,0.0
598,0.200,ok,14.699,1155.250,0.0,52.3,0.0
599,0.238,ok,14.699,1155.250,0.0,52.3,0.0
600,0.219,ok,14.699,1155.250,0.0,52.3,0.0
601,0.226,ok,14.699,1155.250,0.0,52.3,0.0
602,0.228,ok,14.699,1155.250,0.0,52.3,0.0
603,0.251,ok,14.699,1155.250,0.0,52.3,0.0
604,0.249,ok,14.699,1155.250,0.0,52.3,0.0
605,0.267,ok,14.699,1155.250,0.0,52.3,0.0
606,0.276,ok,14.699,1155.250,0.0,52.3,0.0
607,0.269,ok,14.699,1155.250,0.0,52.3,0.0
608,0.304,ok,14.699,1155.250,0.0,52.3,0.0
609,0.251,ok,14.699,1155.250,0.0,52.3,0.0
610,0.249,ok,14.699,1155.250,0.0,52.3,0.0
611,0.225,ok,14.699,1155.250,0.0,52.3,0.0
612,0.221,ok,14.699,1155.250,0.0,52.3,0.0
613,0.223,ok,14.699,1155.250,0.0,52.3,0.0
614,0.213,ok,14.699,1155.250,0.0,52.3,0.0
615,0.216,ok,14.699,1155.250,0.0,52.3,0.0
616,0.210,ok,14.699,1155.250,0.0,52.3,0.0
617,0.222,ok,14.699,1155.250,0.0,52.3,0.0
618,0.214,ok,14.699,1155.250,0.0,52.3,0.0
619,0.263,ok,14.699,1155.250,0.0,52.3,0.0
620,0.230,ok,14.699,1155.250,0.0,52.3,0.0
621,0.325,ok,14.699,1155.250,0.0,52.3,0.0
622,0.315,ok,14.699,1155.250,0.0,52.3,0.0
623,0.313,ok,14.699,1155.250,0.0,52.3,0.0
624,0.356,ok,37.387,2247.320,71.6,52.3,0.0
625,0.317,ok,37.387,2247.320,71.6,52.3,0.0
626,0.276,ok,37.387,2247.320,71.6,52.3,0.0
627,0.253,ok,37.387,2247.320,71.6,52.3,0.0
628,0.275,ok,37.387,2247.320,71.6,52.3,0.0
629,0.429,ok,37.387,2247.320,71.6,52.3,0.0
630,0.364,ok,37.387,2247.320,71.6,52.3,0.0
631,0.266,ok,37.387,2247.320,71.6,52.3,0.0
632,0.233,ok,37.387,2247.320,71.6,52.3,0.0
633,0.230,ok,37.387,2247.320,71.6,52.3,0.0
634,0.241,ok,37.387,2247.320,71.6,52.3,0.0
635,0.263,ok,37.387,2247.320,71.6,52.3,0.0
636,0.231,ok,37.387,2247.320,71.6,52.3,0.0
637,0.234,ok,37.387,2247.320,71.6,52.3,0.0
638,0.250,ok,37.387,2247.320,71.6,52.3,0.0
639,0.245,ok,37.387,2247.320,71.6,52.3,0.0
640,0.224,ok,37.387,2247.320,71.6,52.3,0.0
641,0.289,ok,37.387,2247.320,71.6,52.3,0.0
642,0.284,ok,37.387,2247.320,71.6,52.3,0.0
643,0.246,ok,37.387,2247.320,71.6,52.3,0.0
644,0.355,ok,37.387,2247.320,71.6,52.3,0.0
645,0.254,ok,37.387,2247.320,71.6,52.3,0.0
646,0.248,ok,37.387,2247.320,71.6,52.3,0.0
647,0.241,ok,37.387,2247.320,71.6,52.3,0.0
648,0.278,ok,37.387,2247.320,71.6,52.3,0.0
649,0.246,ok,37.387,2247.320,71.6,52.3,0.0
650,0.269,ok,37.387,2247.320,71.6,52.3,0.0
651,0.237,ok,37.387,2247.320,71.6,52.3,0.0
652,0.198,ok,37.387,2247.320,71.6,52.3,0.0
653,0.186,ok,37.387,2247.320,71.6,52.3,0.0
654,0.196,ok,37.387,2247.320,71.6,52.3,0.0
655,0.222,ok,37.387,2247.320,71.6,52.3,0.0
656,0.229,ok,37.387,2247.320,71.6,52.3,0.0
657,0.238,ok,37.387,2247.320,71.6,52.3,0.0
658,0.207,ok,37.387,2247.320,71.6,52.3,0.0
659,0.238,ok,37.387,2247.320,71.6,52.3,0.0
660,0.292,ok,37.387,2247.320,71.6,52.3,0.0
661,0.284,ok,37.387,2247.320,71.6,52.3,0.0
662,0.226,ok,37.387,2247.320,71.6,52.3,0.0
663,0.243,ok,37.387,2247.320,71.6,52.3,0.0
664,0.259,ok,37.387,2247.320,71.6,52.3,0.0
665,0.260,ok,37.387,2247.320,71.6,52.3,0.0
666,0.235,ok,37.387,2247.320,71.6,52.3,0.0
667,0.227,ok,37.387,2247.320,71.6,52.3,0.0
668,0.257,ok,37.387,2247.320,71.6,52.3,0.0
669,0.241,ok,37.387,2247.320,71.6,52.3,0.0
670,0.226,ok,37.387,2247.320,71.6,52.3,0.0
671,0.239,ok,37.387,2247.320,71.6,52.3,0.0
672,0.274,ok,37.387,2247.320,71.6,52.3,0.0
673,0.220,ok,37.387,2247.320,71.6,52.3,0.0
674,0.216,ok,37.387,2247.320,71.6,52.3,0.0
675,0.243,ok,37.387,2247.320,71.6,52.3,0.0
676,0.238,ok,37.387,2247.320,71.6,52.3,0.0
677,0.244,ok,37.387,2247.320,71.6,52.3,0.0
678,0.223,ok,37.387,2247.320,71.6,52.3,0.0
679,0.231,ok,37.387,2247.320,71.6,52.3,0.0
680,0.218,ok,37.387,2247.320,71.6,52.3,0.0
681,0.246,ok,37.387,2247.320,71.6,52.3,0.0
682,0.209,ok,37.387,2247.320,71.6,52.3,0.0
683,0.205,ok,37.387,2247.320,71.6,52.3,0.0
684,0.234,ok,37.387,2247.320,71.6,52.3,0.0
685,0.213,ok,37.387,2247.320,71.6,52.3,0.0
686,0.202,ok,37.387,2247.320,71.6,52.3,0.0
687,0.207,ok,37.387,2247.320,71.6,52.3,0.0
688,0.202,ok,37.387,2247.320,71.6,52.3,0.0
689,0.218,ok,37.387,2247.320,71.6,52.3,0.0
690,0.215,ok,37.387,2247.320,71.6,52.3,0.0
691,0.211,ok,37.387,2247.320,71.6,52.3,0.0
692,0.191,ok,37.387,2247.320,71.6,52.3,0.0
693,0.192,ok,37.387,2247.320,71.6,52.3,0.0
694,0.276,ok,37.387,2247.320,71.6,52.3,0.0
695,0.265,ok,37.387,2247.320,71.6,52.3,0.0
696,0.335,ok,37.387,2247.320,71.6,52.3,0.0
697,0.280,ok,37.387,2247.320,71.6,52.3,0.0
698,0.261,ok,37.387,2247.320,71.6,52.3,0.0
699,0.224,ok,37.387,2247.320,71.6,52.3,0.0
700,0.204,ok,37.387,2247.320,71.6,52.3,0.0
701,0.343,ok,37.387,2247.320,71.6,52.3,0.0
702,0.360,ok,37.387,2247.320,71.6,52.3,0.0
703,0.341,ok,37.387,2247.320,71.6,52.3,0.0
704,0.352,ok,37.387,2247.320,71.6,52.3,0.0
705,0.375,ok,37.387,2247.320,71.6,52.3,0.0
706,0.417,ok,37.387,2247.320,71.6,52.3,0.0
707,0.321,ok,37.387,2247.320,71.6,52.3,0.0
708,0.388,ok,37.387,2247.320,71.6,52.3,0.0
709,0.303,ok,37.387,2247.320,71.6,52.3,0.0
710,0.318,ok,37.387,2247.320,71.6,52.3,0.0
711,0.305,ok,37.387,2247.320,71.6,52.3,0.0
712,0.345,ok,37.387,2247.320,71.6,52.3,0.0
713,0.500,ok,37.387,2247.320,71.6,52.3,0.0
714,0.527,ok,37.387,2247.320,71.6,52.3,0.0
715,2.298,ok,37.387,2247.320,71.6,52.3,0.0
716,0.717,ok,37.387,2247.320,71.6,52.3,0.0
717,0.417,ok,37.387,2247.320,71.6,52.3,0.0
718,0.341,ok,37.387,2247.320,71.6,52.3,0.0
719,0.338,ok,37.387,2247.320,71.6,52.3,0.0
720,0.363,ok,37.387,2247.320,71.6,52.3,0.0
721,0.337,ok,37.387,2247.320,71.6,52.3,0.0
722,0.335,ok,37.387,2247.320,71.6,52.3,0.0
723,0.333,ok,37.387,2247.320,71.6,52.3,0.0
724,0.355,ok,37.387,2247.320,71.6,52.3,0.0
725,0.427,ok,37.387,2247.320,71.6,52.3,0.0
726,0.426,ok,37.387,2247.320,71.6,52.3,0.0
727,0.369,ok,37.387,2247.320,71.6,52.3,0.0
728,0.428,ok,37.387,2247.320,71.6,52.3,0.0
729,0.367,ok,37.387,2247.320,71.6,52.3,0.0
730,0.345,ok,37.387,2247.320,71.6,52.3,0.0
731,0.377,ok,37.387,2247.320,71.6,52.3,0.0
732,0.473,ok,37.387,2247.320,71.6,52.3,0.0
733,0.399,ok,37.387,2247.320,71.6,52.3,0.0
734,0.432,ok,37.387,2247.320,71.6,52.3,0.0
735,0.427,ok,37.387,2247.320,71.6,52.3,0.0
736,0.479,ok,37.387,2247.320,71.6,52.3,0.0
737,0.481,ok,37.387,2247.320,71.6,52.3,0.0
738,0.459,ok,37.387,2247.320,71.6,52.3,0.0
739,0.446,ok,37.387,2247.320,71.6,52.3,0.0
740,0.395,ok,37.387,2247.320,71.6,52.3,0.0
741,0.370,ok,37.387,2247.320,71.6,52.3,0.0
742,0.403,ok,37.387,2247.320,71.6,52.3,0.0
743,0.389,ok,37.387,2247.320,71.6,52.3,0.0
744,0.448,ok,37.387,2247.320,71.6,52.3,0.0
745,0.397,ok,37.387,2247.320,71.6,52.3,0.0
746,0.497,ok,37.387,2247.320,71.6,52.3,0.0
747,0.546,ok,37.387,2247.320,71.6,52.3,0.0
748,0.513,ok,37.387,2247.320,71.6,52.3,0.0
749,0.498,ok,37.387,2247.320,71.6,52.3,0.0
750,0.527,ok,37.387,2247.320,71.6,52.3,0.0
751,0.525,ok,37.387,2247.320,71.6,52.3,0.0
752,0.536,ok,37.387,2247.320,71.6,52.3,0.0
753,0.547,ok,37.387,2247.320,71.6,52.3,0.0
754,0.575,ok,37.387,2247.320,71.6,52.3,0.0
755,0.535,ok,37.387,2247.320,71.6,52.3,0.0
756,0.523,ok,37.387,2247.320,71.6,52.3,0.0
757,0.560,ok,37.387,2247.320,71.6,52.3,0.0
758,0.594,ok,37.387,2247.320,71.6,52.3,0.0
759,0.537,ok,37.387,2247.320,71.6,52.3,0.0
760,0.522,ok,37.387,2247.320,71.6,52.3,0.0
761,0.500,ok,37.387,2247.320,71.6,52.3,0.0
762,0.522,ok,37.387,2247.320,71.6,52.3,0.0
763,0.541,ok,37.387,2247.320,71.6,52.3,0.0
764,0.559,ok,37.387,2247.320,71.6,52.3,0.0
765,0.545,ok,37.387,2247.320,71.6,52.3,0.0
766,0.445,ok,37.387,2247.320,71.6,52.3,0.0
767,0.478,ok,37.387,2247.320,71.6,52.3,0.0
768,0.396,ok,37.387,2247.320,71.6,52.3,0.0
769,0.460,ok,37.387,2247.320,71.6,52.3,0.0
770,0.463,ok,37.387,2247.320,71.6,52.3,0.0
771,0.511,ok,37.387,2247.320,71.6,52.3,0.0
772,0.426,ok,37.387,2247.320,71.6,52.3,0.0
773,0.396,ok,37.387,2247.320,71.6,52.3,0.0
774,0.437,ok,37.387,2247.320,71.6,52.3,0.0
775,0.389,ok,37.387,2247.320,71.6,52.3,0.0
776,0.415,ok,37.387,2247.320,71.6,52.3,0.0
777,0.399,ok,37.387,2247.320,71.6,52.3,0.0
778,0.347,ok,37.387,2247.320,71.6,52.3,0.0
779,0.363,ok,37.387,2247.320,71.6,52.3,0.0
780,0.300,ok,37.387,2247.320,71.6,52.3,0.0
781,0.404,ok,37.387,2247.320,71.6,52.3,0.0
782,0.469,ok,37.387,2247.320,71.6,52.3,0.0
783,0.515,ok,37.387,2247.320,71.6,52.3,0.0
784,0.553,ok,37.387,2247.320,71.6,52.3,0.0
785,0.541,ok,37.387,2247.320,71.6,52.3,0.0
786,0.490,ok,37.387,2247.320,71.6,52.3,0.0
787,0.530,ok,37.387,2247.320,71.6,52.3,0.0
788,0.503,ok,37.387,2247.320,71.6,52.3,0.0
789,0.460,ok,37.387,2247.320,71.6,52.3,0.0
790,0.458,ok,37.387,2247.320,71.6,52.3,0.0
791,0.458,ok,37.387,2247.320,71.6,52.3,0.0
792,0.501,ok,37.387,2247.320,71.6,52.3,0.0
793,0.510,ok,37.387,2247.320,71.6,52.3,0.0
794,0.575,ok,37.387,2247.320,71.6,52.3,0.0
795,0.580,ok,37.387,2247.320,71.6,52.3,0.0
796,0.522,ok,37.387,2247.320,71.6,52.3,0.0
797,0.512,ok,37.387,2247.320,71.6,52.3,0.0
798,0.547,ok,37.387,2247.320,71.6,52.3,0.0
799,0.649,ok,37.387,2247.320,71.6,52.3,0.0
800,0.630,ok,37.387,2247.320,71.6,52.3,0.0
801,0.469,ok,37.387,2247.320,71.6,52.3,0.0
802,0.480,ok,37.387,2247.320,71.6,52.3,0.0
803,0.489,ok,37.387,2247.320,71.6,52.3,0.0
804,0.498,ok,37.387,2247.320,71.6,52.3,0.0
805,0.430,ok,37.387,2247.320,71.6,52.3,0.0
806,0.481,ok,37.387,2247.320,71.6,52.3,0.0
807,0.367,ok,37.387,2247.320,71.6,52.3,0.0
808,0.401,ok,37.387,2247.320,71.6,52.3,0.0
809,0.429,ok,37.387,2247.320,71.6,52.3,0.0
810,0.410,ok,37.387,2247.320,71.6,52.3,0.0
811,0.308,ok,37.387,2247.320,71.6,52.3,0.0
812,0.322,ok,37.387,2247.320,71.6,52.3,0.0
813,0.313,ok,37.387,2247.320,71.6,52.3,0.0
814,0.434,ok,37.387,2247.320,71.6,52.3,0.0
815,0.461,ok,37.387,2247.320,71.6,52.3,0.0
816,0.420,ok,37.387,2247.320,71.6,52.3,0.0
817,0.467,ok,37.387,2247.320,71.6,52.3,0.0
818,0.426,ok,37.387,2247.320,71.6,52.3,0.0
819,0.371,ok,37.387,2247.320,71.6,52.3,0.0
820,0.406,ok,37.387,2247.320,71.6,52.3,0.0
821,0.452,ok,37.387,2247.320,71.6,52.3,0.0
822,0.473,ok,37.387,2247.320,71.6,52.3,0.0
823,0.451,ok,37.387,2247.320,71.6,52.3,0.0
824,0.361,ok,37.387,2247.320,71.6,52.3,0.0
825,0.325,ok,37.387,2247.320,71.6,52.3,0.0
826,0.330,ok,37.387,2247.320,71.6,52.3,0.0
827,0.340,ok,37.387,2247.320,71.6,52.3,0.0
828,0.323,ok,37.387,2247.320,71.6,52.3,0.0
829,0.353,ok,37.387,2247.320,71.6,52.3,0.0
830,0.349,ok,37.387,2247.320,71.6,52.3,0.0
831,0.406,ok,37.387,2247.320,71.6,52.3,0.0
832,0.464,ok,37.387,2247.320,71.6,52.3,0.0
833,0.400,ok,37.387,2247.320,71.6,52.3,0.0
834,0.448,ok,37.387,2247.320,71.6,52.3,0.0
835,0.432,ok,37.387,2247.320,71.6,52.3,0.0
836,0.346,ok,37.387,2247.320,71.6,52.3,0.0
837,0.336,ok,37.387,2247.320,71.6,52.3,0.0
838,0.386,ok,37.387,2247.320,71.6,52.3,0.0
839,0.421,ok,37.387,2247.320,71.6,52.3,0.0
840,0.382,ok,37.387,2247.320,71.6,52.3,0.0
841,0.338,ok,37.387,2247.320,71.6,52.3,0.0
842,0.296,ok,37.387,2247.320,71.6,52.3,0.0
843,0.477,ok,37.387,2247.320,71.6,52.3,0.0
844,0.502,ok,37.387,2247.320,71.6,52.3,0.0
845,0.391,ok,37.387,2247.320,71.6,52.3,0.0
846,0.366,ok,37.387,2247.320,71.6,52.3,0.0
847,0.353,ok,37.387,2247.320,71.6,52.3,0.0
848,0.378,ok,37.387,2247.320,71.6,52.3,0.0
849,0.496,ok,37.387,2247.320,71.6,52.3,0.0
850,0.425,ok,37.387,2247.320,71.6,52.3,0.0
851,0.413,ok,37.387,2247.320,71.6,52.3,0.0
852,0.466,ok,37.387,2247.320,71.6,52.3,0.0
853,0.419,ok,37.387,2247.320,71.6,52.3,0.0
854,0.352,ok,37.387,2247.320,71.6,52.3,0.0
855,0.403,ok,37.387,2247.320,71.6,52.3,0.0
856,0.381,ok,37.387,2247.320,71.6,52.3,0.0
857,0.384,ok,37.387,2247.320,71.6,52.3,0.0
858,0.365,ok,37.387,2247.320,71.6,52.3,0.0
859,0.386,ok,37.387,2247.320,71.6,52.3,0.0
860,0.282,ok,37.387,2247.320,71.6,52.3,0.0
861,0.252,ok,37.387,2247.320,71.6,52.3,0.0
862,0.262,ok,37.387,2247.320,71.6,52.3,0.0
863,0.256,ok,37.387,2247.320,71.6,52.3,0.0
864,0.308,ok,37.387,2247.320,71.6,52.3,0.0
865,0.252,ok,37.387,2247.320,71.6,52.3,0.0
866,0.226,ok,37.387,2247.320,71.6,52.3,0.0
867,0.242,ok,37.387,2247.320,71.6,52.3,0.0
868,0.258,ok,37.387,2247.320,71.6,52.3,0.0
869,0.266,ok,37.387,2247.320,71.6,52.3,0.0
870,0.274,ok,37.387,2247.320,71.6,52.3,0.0
871,0.263,ok,37.387,2247.320,71.6,52.3,0.0
872,0.305,ok,37.387,2247.320,71.6,52.3,0.0
873,0.263,ok,37.387,2247.320,71.6,52.3,0.0
874,0.264,ok,37.387,2247.320,71.6,52.3,0.0
875,0.256,ok,37.387,2247.320,71.6,52.3,0.0
876,0.332,ok,37.387,2247.320,71.6,52.3,0.0
877,0.289,ok,37.387,2247.320,71.6,52.3,0.0
878,0.285,ok,37.387,2247.320,71.6,52.3,0.0
879,0.270,ok,37.387,2247.320,71.6,52.3,0.0
880,0.255,ok,37.387,2247.320,71.6,52.3,0.0
881,0.260,ok,37.387,2247.320,71.6,52.3,0.0
882,0.253,ok,37.387,2247.320,71.6,52.3,0.0
883,0.244,ok,37.387,2247.320,71.6,52.3,0.0
884,0.241,ok,37.387,2247.320,71.6,52.3,0.0
885,0.243,ok,37.387,2247.320,71.6,52.3,0.0
886,0.296,ok,37.387,2247.320,71.6,52.3,0.0
887,0.244,ok,37.387,2247.320,71.6,52.3,0.0
888,0.244,ok,37.387,2247.320,71.6,52.3,0.0
889,0.246,ok,37.387,2247.320,71.6,52.3,0.0
890,0.255,ok,37.387,2247.320,71.6,52.3,0.0
891,0.270,ok,37.387,2247.320,71.6,52.3,0.0
892,0.250,ok,37.387,2247.320,71.6,52.3,0.0
893,0.249,ok,37.387,2247.320,71.6,52.3,0.0
894,0.239,ok,37.387,2247.320,71.6,52.3,0.0
895,0.295,ok,37.387,2247.320,71.6,52.3,0.0
896,0.257,ok,37.387,2247.320,71.6,52.3,0.0
897,0.331,ok,37.387,2247.320,71.6,52.3,0.0
898,0.252,ok,37.387,2247.320,71.6,52.3,0.0
899,0.230,ok,37.387,2247.320,71.6,52.3,0.0
900,0.223,ok,37.387,2247.320,71.6,52.3,0.0
901,0.234,ok,37.387,2247.320,71.6,52.3,0.0
902,0.234,ok,37.387,2247.320,71.6,52.3,0.0
903,0.257,ok,37.387,2247.320,71.6,52.3,0.0
904,0.271,ok,37.387,2247.320,71.6,52.3,0.0
905,0.285,ok,37.387,2247.320,71.6,52.3,0.0
906,0.248,ok,37.387,2247.320,71.6,52.3,0.0
907,0.292,ok,37.387,2247.320,71.6,52.3,0.0
908,0.187,ok,37.387,2247.320,71.6,52.3,0.0
909,0.182,ok,37.387,2247.320,71.6,52.3,0.0
910,0.166,ok,37.387,2247.320,71.6,52.3,0.0
911,0.162,ok,37.387,2247.320,71.6,52.3,0.0
912,0.174,ok,37.387,2247.320,71.6,52.3,0.0
913,0.158,ok,37.387,2247.320,71.6,52.3,0.0
914,0.156,ok,37.387,2247.320,71.6,52.3,0.0
915,0.245,ok,37.387,2247.320,71.6,52.3,0.0
916,0.162,ok,37.387,2247.320,71.6,52.3,0.0
917,0.180,ok,37.387,2247.320,71.6,52.3,0.0
918,0.160,ok,37.387,2247.320,71.6,52.3,0.0
919,0.199,ok,37.387,2247.320,71.6,52.3,0.0
920,0.194,ok,37.387,2247.320,71.6,52.3,0.0
921,0.165,ok,37.387,2247.320,71.6,52.3,0.0
922,0.191,ok,37.387,2247.320,71.6,52.3,0.0
923,0.165,ok,37.387,2247.320,71.6,52.3,0.0
924,0.158,ok,37.387,2247.320,71.6,52.3,0.0
925,0.157,ok,37.387,2247.320,71.6,52.3,0.0
926,0.164,ok,37.387,2247.320,71.6,52.3,0.0
927,0.160,ok,37.387,2247.320,71.6,52.3,0.0
928,0.198,ok,37.387,2247.320,71.6,52.3,0.0
929,0.161,ok,37.387,2247.320,71.6,52.3,0.0
930,0.156,ok,37.387,2247.320,71.6,52.3,0.0
931,0.155,ok,37.387,2247.320,71.6,52.3,0.0
932,0.177,ok,37.387,2247.320,71.6,52.3,0.0
933,0.156,ok,37.387,2247.320,71.6,52.3,0.0
934,0.152,ok,37.387,2247.320,71.6,52.3,0.0
935,0.169,ok,37.387,2247.320,71.6,52.3,0.0
936,0.183,ok,37.387,2247.320,71.6,52.3,0.0
937,0.194,ok,37.387,2247.320,71.6,52.3,0.0
938,0.200,ok,37.387,2247.320,71.6,52.3,0.0
939,0.151,ok,37.387,2247.320,71.6,52.3,0.0
940,0.145,ok,37.387,2247.320,71.6,52.3,0.0
941,0.136,ok,37.387,2247.320,71.6,52.3,0.0
942,0.141,ok,37.387,2247.320,71.6,52.3,0.0
943,0.183,ok,37.387,2247.320,71.6,52.3,0.0
944,0.264,ok,37.387,2247.320,71.6,52.3,0.0
945,0.199,ok,37.387,2247.320,71.6,52.3,0.0
946,0.178,ok,37.387,2247.320,71.6,52.3,0.0
947,0.216,ok,37.387,2247.320,71.6,52.3,0.0
948,0.171,ok,37.387,2247.320,71.6,52.3,0.0
949,0.182,ok,37.387,2247.320,71.6,52.3,0.0
950,0.199,ok,37.387,2247.320,71.6,52.3,0.0
951,0.149,ok,37.387,2247.320,71.6,52.3,0.0
952,0.152,ok,37.387,2247.320,71.6,52.3,0.0
953,0.159,ok,37.387,2247.320,71.6,52.3,0.0
954,0.149,ok,37.387,2247.320,71.6,52.3,0.0
955,0.155,ok,37.387,2247.320,71.6,52.3,0.0
956,0.151,ok,37.387,2247.320,71.6,52.3,0.0
957,0.143,ok,37.387,2247.320,71.6,52.3,0.0
958,0.148,ok,37.387,2247.320,71.6,52.3,0.0
959,0.141,ok,37.387,2247.320,71.6,52.3,0.0
960,0.147,ok,37.387,2247.320,71.6,52.3,0.0
961,0.150,ok,37.387,2247.320,71.6,52.3,0.0
962,0.154,ok,37.387,2247.320,71.6,52.3,0.0
963,0.144,ok,37.387,2247.320,71.6,52.3,0.0
964,0.148,ok,37.387,2247.320,71.6,52.3,0.0
965,0.142,ok,37.387,2247.320,71.6,52.3,0.0
966,0.146,ok,37.387,2247.320,71.6,52.3,0.0
967,0.141,ok,37.387,2247.320,71.6,52.3,0.0
968,0.151,ok,37.387,2247.320,71.6,52.3,0.0
969,0.166,ok,37.387,2247.320,71.6,52.3,0.0
970,0.146,ok,37.387,2247.320,71.6,52.3,0.0
971,0.178,ok,37.387,2247.320,71.6,52.3,0.0
972,0.147,ok,37.387,2247.320,71.6,52.3,0.0
973,0.138,ok,37.387,2247.320,71.6,52.3,0.0
974,0.156,ok,37.387,2247.320,71.6,52.3,0.0
975,0.151,ok,37.387,2247.320,71.6,52.3,0.0
976,0.164,ok,37.387,2247.320,71.6,52.3,0.0
977,0.220,ok,37.387,2247.320,71.6,52.3,0.0
978,0.167,ok,37.387,2247.320,71.6,52.3,0.0
979,0.173,ok,37.387,2247.320,71.6,52.3,0.0
980,0.199,ok,37.387,2247.320,71.6,52.3,0.0
981,0.176,ok,37.387,2247.320,71.6,52.3,0.0
982,0.204,ok,37.387,2247.320,71.6,52.3,0.0
983,0.212,ok,37.387,2247.320,71.6,52.3,0.0
984,0.230,ok,37.387,2247.320,71.6,52.3,0.0
985,0.216,ok,37.387,2247.320,71.6,52.3,0.0
986,0.211,ok,37.387,2247.320,71.6,52.3,0.0
987,0.196,ok,37.387,2247.320,71.6,52.3,0.0
988,0.201,ok,37.387,2247.320,71.6,52.3,0.0
989,0.194,ok,37.387,2247.320,71.6,52.3,0.0
990,0.197,ok,37.387,2247.320,71.6,52.3,0.0
991,0.185,ok,37.387,2247.320,71.6,52.3,0.0
992,0.228,ok,37.387,2247.320,71.6,52.3,0.0
993,0.178,ok,37.387,2247.320,71.6,52.3,0.0
994,0.182,ok,37.387,2247.320,71.6,52.3,0.0
995,0.208,ok,37.387,2247.320,71.6,52.3,0.0
996,0.221,ok,37.387,2247.320,71.6,52.3,0.0
997,0.167,ok,37.387,2247.320,71.6,52.3,0.0
998,0.213,ok,37.387,2247.320,71.6,52.3,0.0
999,0.196,ok,37.387,2247.320,71.6,52.3,0.0
1000,0.213,ok,37.387,2247.320,71.6,52.3,0.0
1001,0.261,ok,37.387,2247.320,71.6,52.3,0.0
1002,0.260,ok,37.387,2247.320,71.6,52.3,0.0
1003,0.343,ok,37.387,2247.320,71.6,52.3,0.0
1004,0.255,ok,37.387,2247.320,71.6,52.3,0.0
1005,0.196,ok,37.387,2247.320,71.6,52.3,0.0
1006,0.224,ok,37.387,2247.320,71.6,52.3,0.0
1007,0.199,ok,37.387,2247.320,71.6,52.3,0.0
1008,0.196,ok,37.387,2247.320,71.6,52.3,0.0
1009,0.203,ok,37.387,2247.320,71.6,52.3,0.0
1010,0.194,ok,37.387,2247.320,71.6,52.3,0.0
1011,0.192,ok,37.387,2247.320,71.6,52.3,0.0
1012,0.190,ok,37.387,2247.320,71.6,52.3,0.0
1013,0.195,ok,37.387,2247.320,71.6,52.3,0.0
1014,0.246,ok,37.387,2247.320,71.6,52.3,0.0
1015,0.178,ok,37.387,2247.320,71.6,52.3,0.0
1016,0.154,ok,37.387,2247.320,71.6,52.3,0.0
1017,0.150,ok,37.387,2247.320,71.6,52.3,0.0
1018,0.147,ok,37.387,2247.320,71.6,52.3,0.0
1019,0.155,ok,37.387,2247.320,71.6,52.3,0.0
1020,0.156,ok,37.387,2247.320,71.6,52.3,0.0
1021,0.182,ok,37.387,2247.320,71.6,52.3,0.0
1022,0.154,ok,37.387,2247.320,71.6,52.3,0.0
1023,0.150,ok,37.387,2247.320,71.6,52.3,0.0
1024,0.161,ok,37.387,2247.320,71.6,52.3,0.0
1025,0.156,ok,37.387,2247.320,71.6,52.3,0.0
1026,0.159,ok,37.387,2247.320,71.6,52.3,0.0
1027,0.218,ok,37.387,2247.320,71.6,52.3,0.0
1028,0.205,ok,37.387,2247.320,71.6,52.3,0.0
1029,0.179,ok,37.387,2247.320,71.6,52.3,0.0
1030,0.171,ok,37.387,2247.320,71.6,52.3,0.0
1031,0.180,ok,37.387,2247.320,71.6,52.3,0.0
1032,0.174,ok,37.387,2247.320,71.6,52.3,0.0
1033,0.169,ok,37.387,2247.320,71.6,52.3,0.0
1034,0.169,ok,37.387,2247.320,71.6,52.3,0.0
1035,0.225,ok,37.387,2247.320,71.6,52.3,0.0
1036,0.190,ok,37.387,2247.320,71.6,52.3,0.0
1037,0.179,ok,37.387,2247.320,71.6,52.3,0.0
1038,0.172,ok,37.387,2247.320,71.6,52.3,0.0
1039,0.173,ok,37.387,2247.320,71.6,52.3,0.0
1040,0.170,ok,37.387,2247.320,71.6,52.3,0.0
1041,0.167,ok,37.387,2247.320,71.6,52.3,0.0
1042,0.200,ok,37.387,2247.320,71.6,52.3,0.0
1043,0.228,ok,37.387,2247.320,71.6,52.3,0.0
1044,0.244,ok,37.387,2247.320,71.6,52.3,0.0
1045,0.269,ok,37.387,2247.320,71.6,52.3,0.0
1046,0.256,ok,37.387,2247.320,71.6,52.3,0.0
1047,0.235,ok,37.387,2247.320,71.6,52.3,0.0
1048,0.196,ok,37.387,2247.320,71.6,52.3,0.0
1049,0.193,ok,37.387,2247.320,71.6,52.3,0.0
1050,0.181,ok,37.387,2247.320,71.6,52.3,0.0
1051,0.201,ok,37.387,2247.320,71.6,52.3,0.0
1052,0.182,ok,37.387,2247.320,71.6,52.3,0.0
1053,0.306,ok,37.387,2247.320,71.6,52.3,0.0
1054,0.283,ok,37.387,2247.320,71.6,52.3,0.0
1055,0.247,ok,37.387,2247.320,71.6,52.3,0.0
1056,0.302,ok,37.387,2247.320,71.6,52.3,0.0
1057,0.222,ok,37.387,2247.320,71.6,52.3,0.0
1058,0.214,ok,37.387,2247.320,71.6,52.3,0.0
1059,0.227,ok,37.387,2247.320,71.6,52.3,0.0
1060,0.242,ok,37.387,2247.320,71.6,52.3,0.0
1061,0.281,ok,37.387,2247.320,71.6,52.3,0.0
1062,0.237,ok,37.387,2247.320,71.6,52.3,0.0
1063,0.246,ok,37.387,2247.320,71.6,52.3,0.0
1064,0.211,ok,37.387,2247.320,71.6,52.3,0.0
1065,0.198,ok,37.387,2247.320,71.6,52.3,0.0
1066,0.212,ok,37.387,2247.320,71.6,52.3,0.0
1067,0.333,ok,37.387,2247.320,71.6,52.3,0.0
1068,0.324,ok,37.387,2247.320,71.6,52.3,0.0
1069,0.257,ok,37.387,2247.320,71.6,52.3,0.0
1070,0.255,ok,37.387,2247.320,71.6,52.3,0.0
1071,0.312,ok,37.387,2247.320,71.6,52.3,0.0
1072,0.333,ok,37.387,2247.320,71.6,52.3,0.0
1073,0.344,ok,37.387,2247.320,71.6,52.3,0.0
1074,0.342,ok,37.387,2247.320,71.6,52.3,0.0
1075,0.246,ok,37.387,2247.320,71.6,52.3,0.0
1076,0.238,ok,37.387,2247.320,71.6,52.3,0.0
1077,0.235,ok,37.387,2247.320,71.6,52.3,0.0
1078,0.340,ok,37.387,2247.320,71.6,52.3,0.0
1079,0.249,ok,37.387,2247.320,71.6,52.3,0.0
1080,0.181,ok,37.387,2247.320,71.6,52.3,0.0
1081,0.166,ok,37.387,2247.320,71.6,52.3,0.0
1082,0.194,ok,37.387,2247.320,71.6,52.3,0.0
1083,0.172,ok,37.387,2247.320,71.6,52.3,0.0
1084,0.158,ok,37.387,2247.320,71.6,52.3,0.0
1085,0.209,ok,37.387,2247.320,71.6,52.3,0.0
1086,0.277,ok,37.387,2247.320,71.6,52.3,0.0
1087,0.317,ok,37.387,2247.320,71.6,52.3,0.0
1088,0.360,ok,37.387,2247.320,71.6,52.3,0.0
1089,0.283,ok,37.387,2247.320,71.6,52.3,0.0
1090,0.321,ok,37.387,2247.320,71.6,52.3,0.0
1091,0.307,ok,37.387,2247.320,71.6,52.3,0.0
1092,0.228,ok,37.387,2247.320,71.6,52.3,0.0
1093,0.237,ok,37.387,2247.320,71.6,52.3,0.0
1094,0.220,ok,37.387,2247.320,71.6,52.3,0.0
1095,0.227,ok,37.387,2247.320,71.6,52.3,0.0
1096,0.215,ok,37.387,2247.320,71.6,52.3,0.0
1097,0.225,ok,37.387,2247.320,71.6,52.3,0.0
1098,0.223,ok,37.387,2247.320,71.6,52.3,0.0
1099,0.268,ok,37.387,2247.320,71.6,52.3,0.0
1100,0.269,ok,37.387,2247.320,71.6,52.3,0.0
1101,0.233,ok,37.387,2247.320,71.6,52.3,0.0
1102,0.295,ok,37.387,2247.320,71.6,52.3,0.0
1103,0.239,ok,37.387,2247.320,71.6,52.3,0.0
1104,0.232,ok,37.387,2247.320,71.6,52.3,0.0
1105,0.306,ok,37.387,2247.320,71.6,52.3,0.0
1106,0.283,ok,37.387,2247.320,71.6,52.3,0.0
1107,0.263,ok,37.387,2247.320,71.6,52.3,0.0
1108,0.251,ok,37.387,2247.320,71.6,52.3,0.0
1109,0.350,ok,37.387,2247.320,71.6,52.3,0.0
1110,0.289,ok,37.387,2247.320,71.6,52.3,0.0
1111,0.326,ok,37.387,2247.320,71.6,52.3,0.0
1112,0.286,ok,37.387,2247.320,71.6,52.3,0.0
1113,0.271,ok,37.387,2247.320,71.6,52.3,0.0
1114,0.268,ok,37.387,2247.320,71.6,52.3,0.0
1115,0.266,ok,37.387,2247.320,71.6,52.3,0.0
1116,0.297,ok,37.387,2247.320,71.6,52.3,0.0
1117,0.272,ok,37.387,2247.320,71.6,52.3,0.0
1118,0.273,ok,37.387,2247.320,71.6,52.3,0.0
1119,0.248,ok,37.387,2247.320,71.6,52.3,0.0
1120,0.318,ok,37.387,2247.320,71.6,52.3,0.0
1121,0.231,ok,37.387,2247.320,71.6,52.3,0.0
1122,0.245,ok,37.387,2247.320,71.6,52.3,0.0
1123,0.223,ok,37.387,2247.320,71.6,52.3,0.0
1124,0.234,ok,37.387,2247.320,71.6,52.3,0.0
1125,0.286,ok,37.387,2247.320,71.6,52.3,0.0
1126,0.319,ok,37.387,2247.320,71.6,52.3,0.0
1127,0.433,ok,37.387,2247.320,71.6,52.3,0.0
1128,0.382,ok,37.387,2247.320,71.6,52.3,0.0
1129,0.400,ok,37.387,2247.320,71.6,52.3,0.0
1130,0.311,ok,37.387,2247.320,71.6,52.3,0.0
1131,0.269,ok,37.387,2247.320,71.6,52.3,0.0
1132,0.261,ok,37.387,2247.320,71.6,52.3,0.0
1133,0.330,ok,37.387,2247.320,71.6,52.3,0.0
1134,0.286,ok,37.387,2247.320,71.6,52.3,0.0
1135,0.303,ok,37.387,2247.320,71.6,52.3,0.0
1136,0.281,ok,37.387,2247.320,71.6,52.3,0.0
1137,0.242,ok,37.387,2247.320,71.6,52.3,0.0
1138,0.236,ok,37.387,2247.320,71.6,52.3,0.0
1139,0.223,ok,37.387,2247.320,71.6,52.3,0.0
1140,0.277,ok,37.387,2247.320,71.6,52.3,0.0
1141,0.317,ok,37.387,2247.320,71.6,52.3,0.0
1142,0.347,ok,37.387,2247.320,71.6,52.3,0.0
1143,0.290,ok,37.387,2247.320,71.6,52.3,0.0
1144,0.310,ok,37.387,2247.320,71.6,52.3,0.0
1145,0.279,ok,37.387,2247.320,71.6,52.3,0.0
1146,0.273,ok,37.387,2247.320,71.6,52.3,0.0
1147,0.373,ok,37.387,2247.320,71.6,52.3,0.0
1148,0.302,ok,37.387,2247.320,71.6,52.3,0.0
1149,0.272,ok,37.387,2247.320,71.6,52.3,0.0
1150,0.283,ok,37.387,2247.320,71.6,52.3,0.0
1151,0.234,ok,37.387,2247.320,71.6,52.3,0.0
1152,0.241,ok,37.387,2247.320,71.6,52.3,0.0
1153,0.214,ok,37.387,2247.320,71.6,52.3,0.0
1154,0.242,ok,37.387,2247.320,71.6,52.3,0.0
1155,0.230,ok,37.387,2247.320,71.6,52.3,0.0
1156,0.216,ok,37.387,2247.320,71.6,52.3,0.0
1157,0.203,ok,37.387,2247.320,71.6,52.3,0.0
1158,0.215,ok,37.387,2247.320,71.6,52.3,0.0
1159,0.257,ok,37.387,2247.320,71.6,52.3,0.0
1160,0.239,ok,37.387,2247.320,71.6,52.3,0.0
1161,0.238,ok,37.387,2247.320,71.6,52.3,0.0
1162,0.223,ok,37.387,2247.320,71.6,52.3,0.0
1163,0.302,ok,37.387,2247.320,71.6,52.3,0.0
1164,0.254,ok,37.387,2247.320,71.6,52.3,0.0
1165,0.260,ok,37.387,2247.320,71.6,52.3,0.0
1166,0.243,ok,37.387,2247.320,71.6,52.3,0.0
1167,0.276,ok,37.387,2247.320,71.6,52.3,0.0
1168,0.232,ok,37.387,2247.320,71.6,52.3,0.0
1169,0.226,ok,37.387,2247.320,71.6,52.3,0.0
1170,0.208,ok,37.387,2247.320,71.6,52.3,0.0
1171,0.232,ok,37.387,2247.320,71.6,52.3,0.0
1172,0.243,ok,37.387,2247.320,71.6,52.3,0.0
1173,0.280,ok,37.387,2247.320,71.6,52.3,0.0
1174,0.232,ok,37.387,2247.320,71.6,52.3,0.0
1175,0.243,ok,37.387,2247.320,71.6,52.3,0.0
1176,0.194,ok,37.387,2247.320,71.6,52.3,0.0
1177,0.217,ok,37.387,2247.320,71.6,52.3,0.0
1178,0.183,ok,37.387,2247.320,71.6,52.3,0.0
1179,0.180,ok,37.387,2247.320,71.6,52.3,0.0
1180,0.198,ok,37.387,2247.320,71.6,52.3,0.0
1181,0.222,ok,37.387,2247.320,71.6,52.3,0.0
1182,0.190,ok,37.387,2247.320,71.6,52.3,0.0
1183,0.222,ok,37.387,2247.320,71.6,52.3,0.0
1184,0.239,ok,37.387,2247.320,71.6,52.3,0.0
1185,0.204,ok,37.387,2247.320,71.6,52.3,0.0
1186,0.248,ok,37.387,2247.320,71.6,52.3,0.0
1187,0.276,ok,37.387,2247.320,71.6,52.3,0.0
1188,0.224,ok,37.387,2247.320,71.6,52.3,0.0
1189,0.227,ok,37.387,2247.320,71.6,52.3,0.0
1190,0.197,ok,37.387,2247.320,71.6,52.3,0.0
1191,0.194,ok,37.387,2247.320,71.6,52.3,0.0
1192,0.195,ok,37.387,2247.320,71.6,52.3,0.0
1193,0.200,ok,37.387,2247.320,71.6,52.3,0.0
1194,0.201,ok,37.387,2247.320,71.6,52.3,0.0
1195,0.194,ok,37.387,2247.320,71.6,52.3,0.0
1196,0.192,ok,37.387,2247.320,71.6,52.3,0.0
1197,0.190,ok,37.387,2247.320,71.6,52.3,0.0
1198,0.190,ok,37.387,2247.320,71.6,52.3,0.0
1199,0.205,ok,37.387,2247.320,71.6,52.3,0.0
1200,0.212,ok,37.387,2247.320,71.6,52.3,0.0
1201,0.226,ok,37.387,2247.320,71.6,52.3,0.0
1202,0.238,ok,37.387,2247.320,71.6,52.3,0.0
1203,0.236,ok,37.387,2247.320,71.6,52.3,0.0
1204,0.270,ok,37.387,2247.320,71.6,52.3,0.0
1205,0.272,ok,37.387,2247.320,71.6,52.3,0.0
1206,0.303,ok,37.387,2247.320,71.6,52.3,0.0
1207,0.321,ok,37.387,2247.320,71.6,52.3,0.0
1208,0.250,ok,37.387,2247.320,71.6,52.3,0.0
1209,0.398,ok,37.387,2247.320,71.6,52.3,0.0
1210,0.291,ok,37.387,2247.320,71.6,52.3,0.0
1211,0.256,ok,37.387,2247.320,71.6,52.3,0.0
1212,0.248,ok,37.387,2247.320,71.6,52.3,0.0
1213,0.249,ok,37.387,2247.320,71.6,52.3,0.0
1214,0.254,ok,37.387,2247.320,71.6,52.3,0.0
1215,0.245,ok,37.387,2247.320,71.6,52.3,0.0
1216,0.234,ok,37.387,2247.320,71.6,52.3,0.0
1217,0.238,ok,37.387,2247.320,71.6,52.3,0.0
1218,0.246,ok,37.387,2247.320,71.6,52.3,0.0
1219,0.266,ok,37.387,2247.320,71.6,52.3,0.0
1220,0.256,ok,37.387,2247.320,71.6,52.3,0.0
1221,0.242,ok,37.387,2247.320,71.6,52.3,0.0
1222,0.291,ok,37.387,2247.320,71.6,52.3,0.0
1223,0.342,ok,37.387,2247.320,71.6,52.3,0.0
1224,0.335,ok,37.387,2247.320,71.6,52.3,0.0
1225,0.315,ok,37.387,2247.320,71.6,52.3,0.0
1226,0.270,ok,37.387,2247.320,71.6,52.3,0.0
1227,0.430,ok,37.387,2247.320,71.6,52.3,0.0
1228,0.413,ok,37.387,2247.320,71.6,52.3,0.0
1229,0.335,ok,37.387,2247.320,71.6,52.3,0.0
1230,0.383,ok,37.387,2247.320,71.6,52.3,0.0
1231,0.301,ok,37.387,2247.320,71.6,52.3,0.0
1232,0.360,ok,37.387,2247.320,71.6,52.3,0.0
1233,0.337,ok,37.387,2247.320,71.6,52.3,0.0
1234,0.285,ok,37.387,2247.320,71.6,52.3,0.0
1235,0.261,ok,37.387,2247.320,71.6,52.3,0.0
1236,0.419,ok,37.387,2247.320,71.6,52.3,0.0
1237,0.272,ok,37.387,2247.320,71.6,52.3,0.0
1238,0.274,ok,37.387,2247.320,71.6,52.3,0.0
1239,0.250,ok,37.387,2247.320,71.6,52.3,0.0
1240,0.264,ok,37.387,2247.320,71.6,52.3,0.0
1241,0.302,ok,37.387,2247.320,71.6,52.3,0.0
1242,0.357,ok,37.387,2247.320,71.6,52.3,0.0
1243,0.305,ok,37.387,2247.320,71.6,52.3,0.0
1244,0.273,ok,37.387,2247.320,71.6,52.3,0.0
1245,0.259,ok,37.387,2247.320,71.6,52.3,0.0
1246,0.236,ok,37.387,2247.320,71.6,52.3,0.0
1247,0.367,ok,37.387,2247.320,71.6,52.3,0.0
1248,0.369,ok,37.387,2247.320,71.6,52.3,0.0
1249,0.308,ok,37.387,2247.320,71.6,52.3,0.0
1250,0.317,ok,37.387,2247.320,71.6,52.3,0.0
1251,0.332,ok,37.387,2247.320,71.6,52.3,0.0
1252,0.330,ok,37.387,2247.320,71.6,52.3,0.0
1253,0.287,ok,37.387,2247.320,71.6,52.3,0.0
1254,0.275,ok,37.387,2247.320,71.6,52.3,0.0
1255,0.289,ok,37.387,2247.320,71.6,52.3,0.0
1256,0.465,ok,37.387,2247.320,71.6,52.3,0.0
1257,0.386,ok,37.387,2247.320,71.6,52.3,0.0
1258,0.318,ok,37.387,2247.320,71.6,52.3,0.0
1259,0.269,ok,37.387,2247.320,71.6,52.3,0.0
1260,0.305,ok,37.387,2247.320,71.6,52.3,0.0
1261,0.302,ok,37.387,2247.320,71.6,52.3,0.0
1262,0.257,ok,37.387,2247.320,71.6,52.3,0.0
1263,0.249,ok,37.387,2247.320,71.6,52.3,0.0
1264,0.259,ok,37.387,2247.320,71.6,52.3,0.0
1265,0.219,ok,37.387,2247.320,71.6,52.3,0.0
1266,0.254,ok,37.387,2247.320,71.6,52.3,0.0
1267,0.224,ok,37.387,2247.320,71.6,52.3,0.0
1268,0.250,ok,37.387,2247.320,71.6,52.3,0.0
1269,0.296,ok,37.387,2247.320,71.6,52.3,0.0
1270,0.382,ok,37.387,2247.320,71.6,52.3,0.0
1271,0.304,ok,37.387,2247.320,71.6,52.3,0.0
1272,0.244,ok,37.387,2247.320,71.6,52.3,0.0
1273,0.226,ok,37.387,2247.320,71.6,52.3,0.0
1274,0.235,ok,37.387,2247.320,71.6,52.3,0.0
1275,0.268,ok,37.387,2247.320,71.6,52.3,0.0
1276,0.271,ok,37.387,2247.320,71.6,52.3,0.0
1277,0.218,ok,37.387,2247.320,71.6,52.3,0.0
1278,0.232,ok,37.387,2247.320,71.6,52.3,0.0
1279,0.218,ok,37.387,2247.320,71.6,52.3,0.0
1280,0.259,ok,37.387,2247.320,71.6,52.3,0.0
1281,0.215,ok,37.387,2247.320,71.6,52.3,0.0
1282,0.266,ok,37.387,2247.320,71.6,52.3,0.0
1283,0.220,ok,37.387,2247.320,71.6,52.3,0.0
1284,0.215,ok,37.387,2247.320,71.6,52.3,0.0
1285,0.216,ok,37.387,2247.320,71.6,52.3,0.0
1286,0.217,ok,37.387,2247.320,71.6,52.3,0.0
1287,0.222,ok,37.387,2247.320,71.6,52.3,0.0
1288,0.213,ok,37.387,2247.320,71.6,52.3,0.0
1289,0.214,ok,37.387,2247.320,71.6,52.3,0.0
1290,0.239,ok,37.387,2247.320,71.6,52.3,0.0
1291,0.277,ok,37.387,2247.320,71.6,52.3,0.0
1292,0.225,ok,37.387,2247.320,71.6,52.3,0.0
1293,0.248,ok,37.387,2247.320,71.6,52.3,0.0
1294,0.212,ok,37.387,2247.320,71.6,52.3,0.0
1295,0.223,ok,37.387,2247.320,71.6,52.3,0.0
1296,0.284,ok,37.387,2247.320,71.6,52.3,0.0
1297,0.274,ok,37.387,2247.320,71.6,52.3,0.0
1298,0.233,ok,37.387,2247.320,71.6,52.3,0.0
1299,0.229,ok,37.387,2247.320,71.6,52.3,0.0
1300,0.250,ok,37.387,2247.320,71.6,52.3,0.0
1301,0.230,ok,37.387,2247.320,71.6,52.3,0.0
1302,0.260,ok,37.387,2247.320,71.6,52.3,0.0
1303,0.271,ok,37.387,2247.320,71.6,52.3,0.0
1304,0.237,ok,37.387,2247.320,71.6,52.3,0.0
1305,0.234,ok,37.387,2247.320,71.6,52.3,0.0
1306,0.243,ok,37.387,2247.320,71.6,52.3,0.0
1307,0.273,ok,37.387,2247.320,71.6,52.3,0.0
1308,0.228,ok,37.387,2247.320,71.6,52.3,0.0
1309,0.228,ok,37.387,2247.320,71.6,52.3,0.0
1310,0.240,ok,37.387,2247.320,71.6,52.3,0.0
1311,0.248,ok,37.387,2247.320,71.6,52.3,0.0
1312,0.280,ok,37.387,2247.320,71.6,52.3,0.0
1313,0.274,ok,37.387,2247.320,71.6,52.3,0.0
1314,0.247,ok,37.387,2247.320,71.6,52.3,0.0
1315,0.249,ok,37.387,2247.320,71.6,52.3,0.0
1316,0.282,ok,37.387,2247.320,71.6,52.3,0.0
1317,0.246,ok,37.387,2247.320,71.6,52.3,0.0
1318,0.264,ok,37.387,2247.320,71.6,52.3,0.0
1319,0.285,ok,37.465,2247.320,76.2,52.3,0.0
1320,0.288,ok,37.465,2247.320,76.2,52.3,0.0
1321,0.257,ok,37.465,2247.320,76.2,52.3,0.0
1322,0.291,ok,37.465,2247.320,76.2,52.3,0.0
1323,0.270,ok,37.465,2247.320,76.2,52.3,0.0
1324,0.267,ok,37.465,2247.320,76.2,52.3,0.0
1325,0.313,ok,37.465,2247.320,76.2,52.3,0.0
1326,0.273,ok,37.465,2247.320,76.2,52.3,0.0
1327,0.251,ok,37.465,2247.320,76.2,52.3,0.0
1328,0.273,ok,37.465,2247.320,76.2,52.3,0.0
1329,0.280,ok,37.465,2247.320,76.2,52.3,0.0
1330,0.330,ok,37.465,2247.320,76.2,52.3,0.0
1331,0.345,ok,37.465,2247.320,76.2,52.3,0.0
1332,0.299,ok,37.465,2247.320,76.2,52.3,0.0
1333,0.286,ok,37.465,2247.320,76.2,52.3,0.0
1334,0.353,ok,37.465,2247.320,76.2,52.3,0.0
1335,0.292,ok,37.465,2247.320,76.2,52.3,0.0
1336,0.297,ok,37.465,2247.320,76.2,52.3,0.0
1337,0.253,ok,37.465,2247.320,76.2,52.3,0.0
1338,0.224,ok,37.465,2247.320,76.2,52.3,0.0
1339,0.219,ok,37.465,2247.320,76.2,52.3,0.0
1340,0.232,ok,37.465,2247.320,76.2,52.3,0.0
1341,0.256,ok,37.465,2247.320,76.2,52.3,0.0
1342,0.207,ok,37.465,2247.320,76.2,52.3,0.0
1343,0.207,ok,37.465,2247.320,76.2,52.3,0.0
1344,0.213,ok,37.465,2247.320,76.2,52.3,0.0
1345,0.212,ok,37.465,2247.320,76.2,52.3,0.0
1346,0.206,ok,37.465,2247.320,76.2,52.3,0.0
1347,0.208,ok,37.465,2247.320,76.2,52.3,0.0
1348,0.202,ok,37.465,2247.320,76.2,52.3,0.0
1349,0.277,ok,37.465,2247.320,76.2,52.3,0.0
1350,0.303,ok,37.465,2247.320,76.2,52.3,0.0
1351,0.272,ok,37.465,2247.320,76.2,52.3,0.0
1352,0.250,ok,37.465,2247.320,76.2,52.3,0.0
1353,0.256,ok,37.465,2247.320,76.2,52.3,0.0
1354,0.263,ok,37.465,2247.320,76.2,52.3,0.0
1355,0.330,ok,37.465,2247.320,76.2,52.3,0.0
1356,0.256,ok,37.465,2247.320,76.2,52.3,0.0
1357,0.280,ok,37.465,2247.320,76.2,52.3,0.0
1358,0.240,ok,37.465,2247.320,76.2,52.3,0.0
1359,0.246,ok,37.465,2247.320,76.2,52.3,0.0
1360,0.285,ok,37.465,2247.320,76.2,52.3,0.0
1361,0.250,ok,37.465,2247.320,76.2,52.3,0.0
1362,0.246,ok,37.465,2247.320,76.2,52.3,0.0
1363,0.282,ok,37.465,2247.320,76.2,52.3,0.0
1364,0.256,ok,37.465,2247.320,76.2,52.3,0.0
1365,0.284,ok,37.465,2247.320,76.2,52.3,0.0
1366,0.283,ok,37.465,2247.320,76.2,52.3,0.0
1367,0.206,ok,37.465,2247.320,76.2,52.3,0.0
1368,0.234,ok,37.465,2247.320,76.2,52.3,0.0
1369,0.191,ok,37.465,2247.320,76.2,52.3,0.0
1370,0.220,ok,37.465,2247.320,76.2,52.3,0.0
1371,0.183,ok,37.465,2247.320,76.2,52.3,0.0
1372,0.219,ok,37.465,2247.320,76.2,52.3,0.0
1373,0.219,ok,37.465,2247.320,76.2,52.3,0.0
1374,0.194,ok,37.465,2247.320,76.2,52.3,0.0
1375,0.226,ok,37.465,2247.320,76.2,52.3,0.0
1376,0.247,ok,37.465,2247.320,76.2,52.3,0.0
1377,0.208,ok,37.465,2247.320,76.2,52.3,0.0
1378,0.219,ok,37.465,2247.320,76.2,52.3,0.0
1379,0.221,ok,37.465,2247.320,76.2,52.3,0.0
1380,0.186,ok,37.465,2247.320,76.2,52.3,0.0
1381,0.188,ok,37.465,2247.320,76.2,52.3,0.0
1382,0.192,ok,37.465,2247.320,76.2,52.3,0.0
1383,0.186,ok,37.465,2247.320,76.2,52.3,0.0
1384,0.196,ok,37.465,2247.320,76.2,52.3,0.0
1385,0.213,ok,37.465,2247.320,76.2,52.3,0.0
1386,0.183,ok,37.465,2247.320,76.2,52.3,0.0
1387,0.267,ok,37.465,2247.320,76.2,52.3,0.0
1388,0.196,ok,37.465,2247.320,76.2,52.3,0.0
1389,0.177,ok,37.465,2247.320,76.2,52.3,0.0
1390,0.173,ok,37.465,2247.320,76.2,52.3,0.0
1391,0.205,ok,37.465,2247.320,76.2,52.3,0.0
1392,0.310,ok,37.465,2247.320,76.2,52.3,0.0
1393,0.364,ok,37.465,2247.320,76.2,52.3,0.0
1394,0.280,ok,37.465,2247.320,76.2,52.3,0.0
1395,0.312,ok,37.465,2247.320,76.2,52.3,0.0
1396,0.451,ok,37.465,2247.320,76.2,52.3,0.0
1397,0.403,ok,37.465,2247.320,76.2,52.3,0.0
1398,0.538,ok,37.465,2247.320,76.2,52.3,0.0
1399,0.474,ok,37.465,2247.320,76.2,52.3,0.0
1400,0.404,ok,37.465,2247.320,76.2,52.3,0.0
1401,0.375,ok,37.465,2247.320,76.2,52.3,0.0
1402,0.437,ok,37.465,2247.320,76.2,52.3,0.0
1403,0.481,ok,37.465,2247.320,76.2,52.3,0.0
1404,0.457,ok,37.465,2247.320,76.2,52.3,0.0
1405,0.425,ok,37.465,2247.320,76.2,52.3,0.0
1406,0.433,ok,37.465,2247.320,76.2,52.3,0.0
1407,0.419,ok,37.465,2247.320,76.2,52.3,0.0
1408,0.401,ok,37.465,2247.320,76.2,52.3,0.0
1409,0.309,ok,37.465,2247.320,76.2,52.3,0.0
1410,0.270,ok,37.465,2247.320,76.2,52.3,0.0
1411,0.372,ok,37.465,2247.320,76.2,52.3,0.0
1412,0.419,ok,37.465,2247.320,76.2,52.3,0.0
1413,0.465,ok,37.465,2247.320,76.2,52.3,0.0
1414,0.375,ok,37.465,2247.320,76.2,52.3,0.0
1415,0.427,ok,37.465,2247.320,76.2,52.3,0.0
1416,0.425,ok,37.465,2247.320,76.2,52.3,0.0
1417,0.481,ok,37.465,2247.320,76.2,52.3,0.0
1418,0.489,ok,37.465,2247.320,76.2,52.3,0.0
1419,0.461,ok,37.465,2247.320,76.2,52.3,0.0
1420,0.434,ok,37.465,2247.320,76.2,52.3,0.0
1421,0.353,ok,37.465,2247.320,76.2,52.3,0.0
1422,0.373,ok,37.465,2247.320,76.2,52.3,0.0
1423,0.349,ok,37.465,2247.320,76.2,52.3,0.0
1424,0.375,ok,37.465,2247.320,76.2,52.3,0.0
1425,0.364,ok,37.465,2247.320,76.2,52.3,0.0
1426,0.348,ok,37.465,2247.320,76.2,52.3,0.0
1427,0.275,ok,37.465,2247.320,76.2,52.3,0.0
1428,0.247,ok,37.465,2247.320,76.2,52.3,0.0
1429,0.222,ok,37.465,2247.320,76.2,52.3,0.0
1430,0.250,ok,37.465,2247.320,76.2,52.3,0.0
1431,0.223,ok,37.465,2247.320,76.2,52.3,0.0
1432,0.192,ok,37.465,2247.320,76.2,52.3,0.0
1433,0.185,ok,37.465,2247.320,76.2,52.3,0.0
1434,0.236,ok,37.465,2247.320,76.2,52.3,0.0
1435,0.267,ok,37.465,2247.320,76.2,52.3,0.0
1436,0.246,ok,37.465,2247.320,76.2,52.3,0.0
1437,0.209,ok,37.465,2247.320,76.2,52.3,0.0
1438,0.178,ok,37.465,2247.320,76.2,52.3,0.0
1439,0.203,ok,37.465,2247.320,76.2,52.3,0.0
1440,0.226,ok,37.465,2247.320,76.2,52.3,0.0
1441,0.174,ok,37.465,2247.320,76.2,52.3,0.0
1442,0.175,ok,37.465,2247.320,76.2,52.3,0.0
1443,0.170,ok,37.465,2247.320,76.2,52.3,0.0
1444,0.162,ok,37.465,2247.320,76.2,52.3,0.0
1445,0.186,ok,37.465,2247.320,76.2,52.3,0.0
1446,0.165,ok,37.465,2247.320,76.2,52.3,0.0
1447,0.160,ok,37.465,2247.320,76.2,52.3,0.0
1448,0.155,ok,37.465,2247.320,76.2,52.3,0.0
1449,0.161,ok,37.465,2247.320,76.2,52.3,0.0
1450,0.156,ok,37.465,2247.320,76.2,52.3,0.0
1451,0.241,ok,37.465,2247.320,76.2,52.3,0.0
1452,0.162,ok,37.465,2247.320,76.2,52.3,0.0
1453,0.162,ok,37.465,2247.320,76.2,52.3,0.0
1454,0.157,ok,37.465,2247.320,76.2,52.3,0.0
1455,0.161,ok,37.465,2247.320,76.2,52.3,0.0
1456,0.157,ok,37.465,2247.320,76.2,52.3,0.0
1457,0.190,ok,37.465,2247.320,76.2,52.3,0.0
1458,0.167,ok,37.465,2247.320,76.2,52.3,0.0
1459,0.164,ok,37.465,2247.320,76.2,52.3,0.0
1460,0.168,ok,37.465,2247.320,76.2,52.3,0.0
1461,0.156,ok,37.465,2247.320,76.2,52.3,0.0
1462,0.205,ok,37.465,2247.320,76.2,52.3,0.0
1463,0.166,ok,37.465,2247.320,76.2,52.3,0.0
1464,0.164,ok,37.465,2247.320,76.2,52.3,0.0
1465,0.230,ok,37.465,2247.320,76.2,52.3,0.0
1466,0.214,ok,37.465,2247.320,76.2,52.3,0.0
1467,0.255,ok,37.465,2247.320,76.2,52.3,0.0
1468,0.241,ok,37.465,2247.320,76.2,52.3,0.0
1469,0.230,ok,37.465,2247.320,76.2,52.3,0.0
1470,0.220,ok,37.465,2247.320,76.2,52.3,0.0
1471,0.230,ok,37.465,2247.320,76.2,52.3,0.0
1472,0.228,ok,37.465,2247.320,76.2,52.3,0.0
1473,0.225,ok,37.465,2247.320,76.2,52.3,0.0
1474,0.219,ok,37.465,2247.320,76.2,52.3,0.0
1475,0.220,ok,37.465,2247.320,76.2,52.3,0.0
1476,0.229,ok,37.465,2247.320,76.2,52.3,0.0
1477,0.227,ok,37.465,2247.320,76.2,52.3,0.0
1478,0.221,ok,37.465,2247.320,76.2,52.3,0.0
1479,0.224,ok,37.465,2247.320,76.2,52.3,0.0
1480,0.279,ok,37.465,2247.320,76.2,52.3,0.0
1481,0.259,ok,37.465,2247.320,76.2,52.3,0.0
1482,0.237,ok,37.465,2247.320,76.2,52.3,0.0
1483,0.282,ok,37.465,2247.320,76.2,52.3,0.0
1484,0.261,ok,37.465,2247.320,76.2,52.3,0.0
1485,0.244,ok,37.465,2247.320,76.2,52.3,0.0
1486,0.271,ok,37.465,2247.320,76.2,52.3,0.0
1487,0.267,ok,37.465,2247.320,76.2,52.3,0.0
1488,0.262,ok,37.465,2247.320,76.2,52.3,0.0
1489,0.233,ok,37.465,2247.320,76.2,52.3,0.0
1490,0.235,ok,37.465,2247.320,76.2,52.3,0.0
1491,0.222,ok,37.465,2247.320,76.2,52.3,0.0
1492,0.250,ok,37.465,2247.320,76.2,52.3,0.0
1493,0.251,ok,37.465,2247.320,76.2,52.3,0.0
1494,0.243,ok,37.465,2247.320,76.2,52.3,0.0
1495,0.227,ok,37.465,2247.320,76.2,52.3,0.0
1496,0.241,ok,37.465,2247.320,76.2,52.3,0.0
1497,0.230,ok,37.465,2247.320,76.2,52.3,0.0
1498,0.235,ok,37.465,2247.320,76.2,52.3,0.0
1499,0.221,ok,37.465,2247.320,76.2,52.3,0.0
1500,0.245,ok,37.465,2247.320,76.2,52.3,0.0
1501,0.245,ok,37.465,2247.320,76.2,52.3,0.0
1502,0.322,ok,37.465,2247.320,76.2,52.3,0.0
1503,0.261,ok,37.465,2247.320,76.2,52.3,0.0
1504,0.289,ok,37.465,2247.320,76.2,52.3,0.0
1505,0.242,ok,37.465,2247.320,76.2,52.3,0.0
1506,0.297,ok,37.465,2247.320,76.2,52.3,0.0
1507,0.242,ok,37.465,2247.320,76.2,52.3,0.0
1508,0.257,ok,37.465,2247.320,76.2,52.3,0.0
1509,0.230,ok,37.465,2247.320,76.2,52.3,0.0
1510,0.265,ok,37.465,2247.320,76.2,52.3,0.0
1511,0.249,ok,37.465,2247.320,76.2,52.3,0.0
1512,0.262,ok,37.465,2247.320,76.2,52.3,0.0
1513,0.246,ok,37.465,2247.320,76.2,52.3,0.0
1514,0.259,ok,37.465,2247.320,76.2,52.3,0.0
1515,0.292,ok,37.465,2247.320,76.2,52.3,0.0
1516,0.245,ok,37.465,2247.320,76.2,52.3,0.0
1517,0.263,ok,37.465,2247.320,76.2,52.3,0.0
1518,0.183,ok,37.465,2247.320,76.2,52.3,0.0
1519,0.172,ok,37.465,2247.320,76.2,52.3,0.0
1520,0.165,ok,37.465,2247.320,76.2,52.3,0.0
1521,0.170,ok,37.465,2247.320,76.2,52.3,0.0
1522,0.172,ok,37.465,2247.320,76.2,52.3,0.0
1523,0.245,ok,37.465,2247.320,76.2,52.3,0.0
1524,0.204,ok,37.465,2247.320,76.2,52.3,0.0
1525,0.205,ok,37.465,2247.320,76.2,52.3,0.0
1526,0.297,ok,37.465,2247.320,76.2,52.3,0.0
1527,0.226,ok,37.465,2247.320,76.2,52.3,0.0
1528,0.209,ok,37.465,2247.320,76.2,52.3,0.0
1529,0.204,ok,37.465,2247.320,76.2,52.3,0.0
1530,0.204,ok,37.465,2247.320,76.2,52.3,0.0
1531,0.192,ok,37.465,2247.320,76.2,52.3,0.0
1532,0.186,ok,37.465,2247.320,76.2,52.3,0.0
1533,0.188,ok,37.465,2247.320,76.2,52.3,0.0
1534,0.180,ok,37.465,2247.320,76.2,52.3,0.0
1535,0.186,ok,37.465,2247.320,76.2,52.3,0.0
1536,0.184,ok,37.465,2247.320,76.2,52.3,0.0
1537,0.185,ok,37.465,2247.320,76.2,52.3,0.0
1538,0.178,ok,37.465,2247.320,76.2,52.3,0.0
1539,0.193,ok,37.465,2247.320,76.2,52.3,0.0
1540,0.199,ok,37.465,2247.320,76.2,52.3,0.0
1541,0.182,ok,37.465,2247.320,76.2,52.3,0.0
1542,0.179,ok,37.465,2247.320,76.2,52.3,0.0
1543,0.176,ok,37.465,2247.320,76.2,52.3,0.0
1544,0.174,ok,37.465,2247.320,76.2,52.3,0.0
1545,0.169,ok,37.465,2247.320,76.2,52.3,0.0
1546,0.183,ok,37.465,2247.320,76.2,52.3,0.0
1547,0.235,ok,37.465,2247.320,76.2,52.3,0.0
1548,0.183,ok,37.465,2247.320,76.2,52.3,0.0
1549,0.179,ok,37.465,2247.320,76.2,52.3,0.0
1550,0.176,ok,37.465,2247.320,76.2,52.3,0.0
1551,0.184,ok,37.465,2247.320,76.2,52.3,0.0
1552,0.187,ok,37.465,2247.320,76.2,52.3,0.0
1553,0.213,ok,37.465,2247.320,76.2,52.3,0.0
1554,0.187,ok,37.465,2247.320,76.2,52.3,0.0
1555,0.179,ok,37.465,2247.320,76.2,52.3,0.0
1556,0.191,ok,37.465,2247.320,76.2,52.3,0.0
1557,0.183,ok,37.465,2247.320,76.2,52.3,0.0
1558,0.175,ok,37.465,2247.320,76.2,52.3,0.0
1559,0.177,ok,37.465,2247.320,76.2,52.3,0.0
1560,0.174,ok,37.465,2247.320,76.2,52.3,0.0
1561,0.186,ok,37.465,2247.320,76.2,52.3,0.0
1562,0.190,ok,37.465,2247.320,76.2,52.3,0.0
1563,0.175,ok,37.465,2247.320,76.2,52.3,0.0
1564,0.172,ok,37.465,2247.320,76.2,52.3,0.0
1565,0.182,ok,37.465,2247.320,76.2,52.3,0.0
1566,0.216,ok,37.465,2247.320,76.2,52.3,0.0
1567,0.235,ok,37.465,2247.320,76.2,52.3,0.0
1568,0.265,ok,37.465,2247.320,76.2,52.3,0.0
1569,0.208,ok,37.465,2247.320,76.2,52.3,0.0
1570,0.193,ok,37.465,2247.320,76.2,52.3,0.0
1571,0.211,ok,37.465,2247.320,76.2,52.3,0.0
1572,0.244,ok,37.465,2247.320,76.2,52.3,0.0
1573,0.300,ok,37.465,2247.320,76.2,52.3,0.0
1574,0.296,ok,37.465,2247.320,76.2,52.3,0.0
1575,0.311,ok,37.465,2247.320,76.2,52.3,0.0
1576,0.292,ok,37.465,2247.320,76.2,52.3,0.0
1577,0.385,ok,37.465,2247.320,76.2,52.3,0.0
1578,0.389,ok,37.465,2247.320,76.2,52.3,0.0
1579,0.318,ok,37.465,2247.320,76.2,52.3,0.0
1580,0.318,ok,37.465,2247.320,76.2,52.3,0.0
1581,0.301,ok,37.465,2247.320,76.2,52.3,0.0
1582,0.317,ok,37.465,2247.320,76.2,52.3,0.0
1583,0.316,ok,37.465,2247.320,76.2,52.3,0.0
1584,0.325,ok,37.465,2247.320,76.2,52.3,0.0
1585,0.271,ok,37.465,2247.320,76.2,52.3,0.0
1586,0.261,ok,37.465,2247.320,76.2,52.3,0.0
1587,0.231,ok,37.465,2247.320,76.2,52.3,0.0
1588,0.263,ok,37.465,2247.320,76.2,52.3,0.0
1589,0.251,ok,37.465,2247.320,76.2,52.3,0.0
1590,0.288,ok,37.465,2247.320,76.2,52.3,0.0
1591,0.254,ok,37.465,2247.320,76.2,52.3,0.0
1592,0.261,ok,37.465,2247.320,76.2,52.3,0.0
1593,0.378,ok,37.465,2247.320,76.2,52.3,0.0
1594,0.269,ok,37.465,2247.320,76.2,52.3,0.0
1595,0.233,ok,37.465,2247.320,76.2,52.3,0.0
1596,0.201,ok,37.465,2247.320,76.2,52.3,0.0
1597,0.215,ok,37.465,2247.320,76.2,52.3,0.0
1598,0.330,ok,37.465,2247.320,76.2,52.3,0.0
1599,0.276,ok,37.465,2247.320,76.2,52.3,0.0
1600,0.241,ok,37.465,2247.320,76.2,52.3,0.0
1601,0.228,ok,37.465,2247.320,76.2,52.3,0.0
1602,0.223,ok,37.465,2247.320,76.2,52.3,0.0
1603,0.229,ok,37.465,2247.320,76.2,52.3,0.0
1604,0.222,ok,37.465,2247.320,76.2,52.3,0.0
1605,0.221,ok,37.465,2247.320,76.2,52.3,0.0
1606,0.222,ok,37.465,2247.320,76.2,52.3,0.0
1607,0.219,ok,37.465,2247.320,76.2,52.3,0.0
1608,0.267,ok,37.465,2247.320,76.2,52.3,0.0
1609,0.270,ok,37.465,2247.320,76.2,52.3,0.0
1610,0.236,ok,37.465,2247.320,76.2,52.3,0.0
1611,0.273,ok,37.465,2247.320,76.2,52.3,0.0
1612,0.241,ok,37.465,2247.320,76.2,52.3,0.0
1613,0.261,ok,37.465,2247.320,76.2,52.3,0.0
1614,0.239,ok,37.465,2247.320,76.2,52.3,0.0
1615,0.204,ok,37.465,2247.320,76.2,52.3,0.0
1616,0.231,ok,37.465,2247.320,76.2,52.3,0.0
1617,0.204,ok,37.465,2247.320,76.2,52.3,0.0
1618,0.231,ok,37.465,2247.320,76.2,52.3,0.0
1619,0.223,ok,37.465,2247.320,76.2,52.3,0.0
1620,0.252,ok,37.465,2247.320,76.2,52.3,0.0
1621,0.232,ok,37.465,2247.320,76.2,52.3,0.0
1622,0.221,ok,37.465,2247.320,76.2,52.3,0.0
1623,0.225,ok,37.465,2247.320,76.2,52.3,0.0
1624,0.250,ok,37.465,2247.320,76.2,52.3,0.0
1625,0.286,ok,37.465,2247.320,76.2,52.3,0.0
1626,0.205,ok,37.465,2247.320,76.2,52.3,0.0
1627,0.231,ok,37.465,2247.320,76.2,52.3,0.0
1628,0.174,ok,37.465,2247.320,76.2,52.3,0.0
1629,0.178,ok,37.465,2247.320,76.2,52.3,0.0
1630,0.183,ok,37.465,2247.320,76.2,52.3,0.0
1631,0.161,ok,37.465,2247.320,76.2,52.3,0.0
1632,0.199,ok,37.465,2247.320,76.2,52.3,0.0
1633,0.159,ok,37.465,2247.320,76.2,52.3,0.0
1634,0.177,ok,37.465,2247.320,76.2,52.3,0.0
1635,0.162,ok,37.465,2247.320,76.2,52.3,0.0
1636,0.172,ok,37.465,2247.320,76.2,52.3,0.0
1637,0.210,ok,37.465,2247.320,76.2,52.3,0.0
1638,0.204,ok,37.465,2247.320,76.2,52.3,0.0
1639,0.209,ok,37.465,2247.320,76.2,52.3,0.0
1640,0.198,ok,37.465,2247.320,76.2,52.3,0.0
1641,0.202,ok,37.465,2247.320,76.2,52.3,0.0
1642,0.184,ok,37.465,2247.320,76.2,52.3,0.0
1643,0.173,ok,37.465,2247.320,76.2,52.3,0.0
1644,0.179,ok,37.465,2247.320,76.2,52.3,0.0
1645,0.190,ok,37.465,2247.320,76.2,52.3,0.0
1646,0.191,ok,37.465,2247.320,76.2,52.3,0.0
1647,0.164,ok,37.465,2247.320,76.2,52.3,0.0
1648,0.163,ok,37.465,2247.320,76.2,52.3,0.0
1649,0.159,ok,37.465,2247.320,76.2,52.3,0.0
1650,0.167,ok,37.465,2247.320,76.2,52.3,0.0
1651,0.167,ok,37.465,2247.320,76.2,52.3,0.0
1652,0.159,ok,37.465,2247.320,76.2,52.3,0.0
1653,0.162,ok,37.465,2247.320,76.2,52.3,0.0
1654,0.198,ok,37.465,2247.320,76.2,52.3,0.0
1655,0.160,ok,37.465,2247.320,76.2,52.3,0.0
1656,0.166,ok,37.465,2247.320,76.2,52.3,0.0
1657,0.179,ok,37.465,2247.320,76.2,52.3,0.0
1658,0.194,ok,37.465,2247.320,76.2,52.3,0.0
1659,0.147,ok,37.465,2247.320,76.2,52.3,0.0
1660,0.141,ok,37.465,2247.320,76.2,52.3,0.0
1661,0.137,ok,37.465,2247.320,76.2,52.3,0.0
1662,0.135,ok,37.465,2247.320,76.2,52.3,0.0
1663,0.144,ok,37.465,2247.320,76.2,52.3,0.0
1664,0.137,ok,37.465,2247.320,76.2,52.3,0.0
1665,0.148,ok,37.465,2247.320,76.2,52.3,0.0
1666,0.252,ok,37.465,2247.320,76.2,52.3,0.0
1667,0.169,ok,37.465,2247.320,76.2,52.3,0.0
1668,0.145,ok,37.465,2247.320,76.2,52.3,0.0
1669,0.149,ok,37.465,2247.320,76.2,52.3,0.0
1670,0.142,ok,37.465,2247.320,76.2,52.3,0.0
1671,0.143,ok,37.465,2247.320,76.2,52.3,0.0
1672,0.135,ok,37.465,2247.320,76.2,52.3,0.0
1673,0.139,ok,37.465,2247.320,76.2,52.3,0.0
1674,0.132,ok,37.465,2247.320,76.2,52.3,0.0
1675,0.180,ok,37.465,2247.320,76.2,52.3,0.0
1676,0.149,ok,37.465,2247.320,76.2,52.3,0.0
1677,0.144,ok,37.465,2247.320,76.2,52.3,0.0
1678,0.138,ok,37.465,2247.320,76.2,52.3,0.0
1679,0.143,ok,37.465,2247.320,76.2,52.3,0.0
1680,0.137,ok,37.465,2247.320,76.2,52.3,0.0
1681,0.138,ok,37.465,2247.320,76.2,52.3,0.0
1682,0.140,ok,37.465,2247.320,76.2,52.3,0.0
1683,0.148,ok,37.465,2247.320,76.2,52.3,0.0
1684,0.146,ok,37.465,2247.320,76.2,52.3,0.0
1685,0.152,ok,37.465,2247.320,76.2,52.3,0.0
1686,0.137,ok,37.465,2247.320,76.2,52.3,0.0
1687,0.139,ok,37.465,2247.320,76.2,52.3,0.0
1688,0.135,ok,37.465,2247.320,76.2,52.3,0.0
1689,0.139,ok,37.465,2247.320,76.2,52.3,0.0
1690,0.152,ok,37.465,2247.320,76.2,52.3,0.0
1691,0.151,ok,37.465,2247.320,76.2,52.3,0.0
1692,0.148,ok,37.465,2247.320,76.2,52.3,0.0
1693,0.144,ok,37.465,2247.320,76.2,52.3,0.0
1694,0.160,ok,37.465,2247.320,76.2,52.3,0.0
1695,0.160,ok,37.465,2247.320,76.2,52.3,0.0
1696,0.190,ok,37.465,2247.320,76.2,52.3,0.0
1697,0.167,ok,37.465,2247.320,76.2,52.3,0.0
1698,0.182,ok,37.465,2247.320,76.2,52.3,0.0
1699,0.177,ok,37.465,2247.320,76.2,52.3,0.0
1700,0.160,ok,37.465,2247.320,76.2,52.3,0.0
1701,0.149,ok,37.465,2247.320,76.2,52.3,0.0
1702,0.154,ok,37.465,2247.320,76.2,52.3,0.0
1703,0.155,ok,37.465,2247.320,76.2,52.3,0.0
1704,0.160,ok,37.465,2247.320,76.2,52.3,0.0
1705,0.139,ok,37.465,2247.320,76.2,52.3,0.0
1706,0.140,ok,37.465,2247.320,76.2,52.3,0.0
1707,0.139,ok,37.465,2247.320,76.2,52.3,0.0
1708,0.141,ok,37.465,2247.320,76.2,52.3,0.0
1709,0.138,ok,37.465,2247.320,76.2,52.3,0.0
1710,0.144,ok,37.465,2247.320,76.2,52.3,0.0
1711,0.135,ok,37.465,2247.320,76.2,52.3,0.0
1712,0.138,ok,37.465,2247.320,76.2,52.3,0.0
1713,0.134,ok,37.465,2247.320,76.2,52.3,0.0
1714,0.140,ok,37.465,2247.320,76.2,52.3,0.0
1715,0.132,ok,37.465,2247.320,76.2,52.3,0.0
1716,0.158,ok,37.465,2247.320,76.2,52.3,0.0
1717,0.136,ok,37.465,2247.320,76.2,52.3,0.0
1718,0.179,ok,37.465,2247.320,76.2,52.3,0.0
1719,0.133,ok,37.465,2247.320,76.2,52.3,0.0
1720,0.140,ok,37.465,2247.320,76.2,52.3,0.0
1721,0.133,ok,37.465,2247.320,76.2,52.3,0.0
1722,0.142,ok,37.465,2247.320,76.2,52.3,0.0
1723,0.144,ok,37.465,2247.320,76.2,52.3,0.0
1724,0.145,ok,37.465,2247.320,76.2,52.3,0.0
1725,0.148,ok,37.465,2247.320,76.2,52.3,0.0
1726,0.142,ok,37.465,2247.320,76.2,52.3,0.0
1727,0.137,ok,37.465,2247.320,76.2,52.3,0.0
1728,0.137,ok,37.465,2247.320,76.2,52.3,0.0
1729,0.139,ok,37.465,2247.320,76.2,52.3,0.0
1730,0.136,ok,37.465,2247.320,76.2,52.3,0.0
1731,0.139,ok,37.465,2247.320,76.2,52.3,0.0
1732,0.138,ok,37.465,2247.320,76.2,52.3,0.0
1733,0.222,ok,37.465,2247.320,76.2,52.3,0.0
1734,0.191,ok,37.465,2247.320,76.2,52.3,0.0
1735,0.199,ok,37.465,2247.320,76.2,52.3,0.0
1736,0.193,ok,37.465,2247.320,76.2,52.3,0.0
1737,0.186,ok,37.465,2247.320,76.2,52.3,0.0
1738,0.190,ok,37.465,2247.320,76.2,52.3,0.0
1739,0.220,ok,37.465,2247.320,76.2,52.3,0.0
1740,0.177,ok,37.465,2247.320,76.2,52.3,0.0
1741,0.179,ok,37.465,2247.320,76.2,52.3,0.0
1742,0.193,ok,37.465,2247.320,76.2,52.3,0.0
1743,0.185,ok,37.465,2247.320,76.2,52.3,0.0
1744,0.179,ok,37.465,2247.320,76.2,52.3,0.0
1745,0.197,ok,37.465,2247.320,76.2,52.3,0.0
1746,0.212,ok,37.465,2247.320,76.2,52.3,0.0
1747,0.197,ok,37.465,2247.320,76.2,52.3,0.0
1748,0.197,ok,37.465,2247.320,76.2,52.3,0.0
1749,0.185,ok,37.465,2247.320,76.2,52.3,0.0
1750,0.193,ok,37.465,2247.320,76.2,52.3,0.0
1751,0.188,ok,37.465,2247.320,76.2,52.3,0.0
1752,0.202,ok,37.465,2247.320,76.2,52.3,0.0
1753,0.200,ok,37.465,2247.320,76.2,52.3,0.0
1754,0.195,ok,37.465,2247.320,76.2,52.3,0.0
1755,0.192,ok,37.465,2247.320,76.2,52.3,0.0
1756,0.195,ok,37.465,2247.320,76.2,52.3,0.0
1757,0.189,ok,37.465,2247.320,76.2,52.3,0.0
1758,0.196,ok,37.465,2247.320,76.2,52.3,0.0
1759,0.221,ok,37.465,2247.320,76.2,52.3,0.0
1760,0.227,ok,37.465,2247.320,76.2,52.3,0.0
1761,0.185,ok,37.465,2247.320,76.2,52.3,0.0
1762,0.187,ok,37.465,2247.320,76.2,52.3,0.0
1763,0.178,ok,37.465,2247.320,76.2,52.3,0.0
1764,0.180,ok,37.465,2247.320,76.2,52.3,0.0
1765,0.186,ok,37.465,2247.320,76.2,52.3,0.0
1766,0.189,ok,37.465,2247.320,76.2,52.3,0.0
1767,0.196,ok,37.465,2247.320,76.2,52.3,0.0
1768,0.189,ok,37.465,2247.320,76.2,52.3,0.0
1769,0.187,ok,37.465,2247.320,76.2,52.3,0.0
1770,0.180,ok,37.465,2247.320,76.2,52.3,0.0
1771,0.174,ok,37.465,2247.320,76.2,52.3,0.0
1772,0.265,ok,37.465,2247.320,76.2,52.3,0.0
1773,0.186,ok,37.465,2247.320,76.2,52.3,0.0
1774,0.203,ok,37.465,2247.320,76.2,52.3,0.0
1775,0.202,ok,37.465,2247.320,76.2,52.3,0.0
1776,0.183,ok,37.465,2247.320,76.2,52.3,0.0
1777,0.243,ok,37.465,2247.320,76.2,52.3,0.0
1778,0.274,ok,37.465,2247.320,76.2,52.3,0.0
1779,0.300,ok,37.465,2247.320,76.2,52.3,0.0
1780,0.265,ok,37.465,2247.320,76.2,52.3,0.0
1781,0.258,ok,37.465,2247.320,76.2,52.3,0.0
1782,0.320,ok,37.465,2247.320,76.2,52.3,0.0
1783,0.256,ok,37.465,2247.320,76.2,52.3,0.0
1784,0.257,ok,37.465,2247.320,76.2,52.3,0.0
1785,0.255,ok,37.465,2247.320,76.2,52.3,0.0
1786,0.243,ok,37.465,2247.320,76.2,52.3,0.0
1787,0.287,ok,37.465,2247.320,76.2,52.3,0.0
1788,0.276,ok,37.465,2247.320,76.2,52.3,0.0
1789,0.271,ok,37.465,2247.320,76.2,52.3,0.0
1790,0.293,ok,37.465,2247.320,76.2,52.3,0.0
1791,0.293,ok,37.465,2247.320,76.2,52.3,0.0
1792,0.275,ok,37.465,2247.320,76.2,52.3,0.0
1793,0.273,ok,37.465,2247.320,76.2,52.3,0.0
1794,0.269,ok,37.465,2247.320,76.2,52.3,0.0
1795,0.291,ok,37.465,2247.320,76.2,52.3,0.0
1796,0.377,ok,37.465,2247.320,76.2,52.3,0.0
1797,0.397,ok,37.465,2247.320,76.2,52.3,0.0
1798,0.322,ok,37.465,2247.320,76.2,52.3,0.0
1799,0.398,ok,37.465,2247.320,76.2,52.3,0.0
1800,0.381,ok,37.465,2247.320,76.2,52.3,0.0
1801,0.342,ok,37.465,2247.320,76.2,52.3,0.0
1802,0.327,ok,37.465,2247.320,76.2,52.3,0.0
1803,0.434,ok,37.465,2247.320,76.2,52.3,0.0
1804,0.311,ok,37.465,2247.320,76.2,52.3,0.0
1805,0.314,ok,37.465,2247.320,76.2,52.3,0.0
1806,0.242,ok,37.465,2247.320,76.2,52.3,0.0
1807,0.248,ok,37.465,2247.320,76.2,52.3,0.0
1808,0.251,ok,37.465,2247.320,76.2,52.3,0.0
1809,0.226,ok,37.465,2247.320,76.2,52.3,0.0
1810,0.210,ok,37.465,2247.320,76.2,52.3,0.0
1811,0.236,ok,37.465,2247.320,76.2,52.3,0.0
1812,0.245,ok,37.465,2247.320,76.2,52.3,0.0
1813,0.222,ok,37.465,2247.320,76.2,52.3,0.0
1814,0.210,ok,37.465,2247.320,76.2,52.3,0.0
1815,0.237,ok,37.465,2247.320,76.2,52.3,0.0
1816,0.244,ok,37.465,2247.320,76.2,52.3,0.0
1817,0.359,ok,37.465,2247.320,76.2,52.3,0.0
1818,0.294,ok,37.465,2247.320,76.2,52.3,0.0
1819,0.279,ok,37.465,2247.320,76.2,52.3,0.0
1820,0.260,ok,37.465,2247.320,76.2,52.3,0.0
1821,0.327,ok,37.465,2247.320,76.2,52.3,0.0
1822,0.360,ok,37.465,2247.320,76.2,52.3,0.0
1823,0.318,ok,37.465,2247.320,76.2,52.3,0.0
1824,0.408,ok,37.465,2247.320,76.2,52.3,0.0
1825,0.332,ok,37.465,2247.320,76.2,52.3,0.0
1826,0.271,ok,37.465,2247.320,76.2,52.3,0.0
1827,0.282,ok,37.465,2247.320,76.2,52.3,0.0
1828,0.264,ok,37.465,2247.320,76.2,52.3,0.0
1829,0.263,ok,37.465,2247.320,76.2,52.3,0.0
1830,0.233,ok,37.465,2247.320,76.2,52.3,0.0
1831,0.226,ok,37.465,2247.320,76.2,52.3,0.0
1832,0.277,ok,37.465,2247.320,76.2,52.3,0.0
1833,0.300,ok,37.465,2247.320,76.2,52.3,0.0
1834,0.388,ok,37.465,2247.320,76.2,52.3,0.0
1835,0.268,ok,37.465,2247.320,76.2,52.3,0.0
1836,0.224,ok,37.465,2247.320,76.2,52.3,0.0
1837,0.214,ok,37.465,2247.320,76.2,52.3,0.0
1838,0.269,ok,37.465,2247.320,76.2,52.3,0.0
1839,0.244,ok,37.465,2247.320,76.2,52.3,0.0
1840,0.209,ok,37.465,2247.320,76.2,52.3,0.0
1841,0.208,ok,37.465,2247.320,76.2,52.3,0.0
1842,0.202,ok,37.465,2247.320,76.2,52.3,0.0
1843,0.206,ok,37.465,2247.320,76.2,52.3,0.0
1844,0.215,ok,37.465,2247.320,76.2,52.3,0.0
1845,0.222,ok,37.465,2247.320,76.2,52.3,0.0
1846,0.243,ok,37.465,2247.320,76.2,52.3,0.0
1847,0.211,ok,37.465,2247.320,76.2,52.3,0.0
1848,0.228,ok,37.465,2247.320,76.2,52.3,0.0
1849,0.262,ok,37.465,2247.320,76.2,52.3,0.0
1850,0.248,ok,37.465,2247.320,76.2,52.3,0.0
1851,0.252,ok,37.465,2247.320,76.2,52.3,0.0
1852,0.217,ok,37.465,2247.320,76.2,52.3,0.0
1853,0.248,ok,37.465,2247.320,76.2,52.3,0.0
1854,0.243,ok,37.465,2247.320,76.2,52.3,0.0
1855,0.277,ok,37.465,2247.320,76.2,52.3,0.0
1856,0.212,ok,37.465,2247.320,76.2,52.3,0.0
1857,0.218,ok,37.465,2247.320,76.2,52.3,0.0
1858,0.210,ok,37.465,2247.320,76.2,52.3,0.0
1859,0.203,ok,37.465,2247.320,76.2,52.3,0.0
1860,0.235,ok,37.465,2247.320,76.2,52.3,0.0
1861,0.204,ok,37.465,2247.320,76.2,52.3,0.0
1862,0.281,ok,37.465,2247.320,76.2,52.3,0.0
1863,0.212,ok,37.465,2247.320,76.2,52.3,0.0
1864,0.235,ok,37.465,2247.320,76.2,52.3,0.0
1865,0.195,ok,37.465,2247.320,76.2,52.3,0.0
1866,0.221,ok,37.465,2247.320,76.2,52.3,0.0
1867,0.235,ok,37.465,2247.320,76.2,52.3,0.0
1868,0.204,ok,37.465,2247.320,76.2,52.3,0.0
1869,0.226,ok,37.465,2247.320,76.2,52.3,0.0
1870,0.210,ok,37.465,2247.320,76.2,52.3,0.0
1871,0.209,ok,37.465,2247.320,76.2,52.3,0.0
1872,0.272,ok,37.465,2247.320,76.2,52.3,0.0
1873,0.276,ok,37.465,2247.320,76.2,52.3,0.0
1874,0.326,ok,37.465,2247.320,76.2,52.3,0.0
1875,0.234,ok,37.465,2247.320,76.2,52.3,0.0
1876,0.234,ok,37.465,2247.320,76.2,52.3,0.0
1877,0.220,ok,37.465,2247.320,76.2,52.3,0.0
1878,0.207,ok,37.465,2247.320,76.2,52.3,0.0
1879,0.199,ok,37.465,2247.320,76.2,52.3,0.0
1880,0.193,ok,37.465,2247.320,76.2,52.3,0.0
1881,0.186,ok,37.465,2247.320,76.2,52.3,0.0
1882,0.202,ok,37.465,2247.320,76.2,52.3,0.0
1883,0.189,ok,37.465,2247.320,76.2,52.3,0.0
1884,0.193,ok,37.465,2247.320,76.2,52.3,0.0
1885,0.186,ok,37.465,2247.320,76.2,52.3,0.0
1886,0.186,ok,37.465,2247.320,76.2,52.3,0.0
1887,0.183,ok,37.465,2247.320,76.2,52.3,0.0
1888,0.236,ok,37.465,2247.320,76.2,52.3,0.0
1889,0.198,ok,37.465,2247.320,76.2,52.3,0.0
1890,0.204,ok,37.465,2247.320,76.2,52.3,0.0
1891,0.256,ok,37.465,2247.320,76.2,52.3,0.0
1892,0.223,ok,37.465,2247.320,76.2,52.3,0.0
1893,0.230,ok,37.465,2247.320,76.2,52.3,0.0
1894,0.270,ok,37.465,2247.320,76.2,52.3,0.0
1895,0.272,ok,37.465,2247.320,76.2,52.3,0.0
1896,0.260,ok,37.465,2247.320,76.2,52.3,0.0
1897,0.268,ok,37.465,2247.320,76.2,52.3,0.0
1898,0.286,ok,37.465,2247.320,76.2,52.3,0.0
1899,0.270,ok,37.465,2247.320,76.2,52.3,0.0
1900,0.263,ok,37.465,2247.320,76.2,52.3,0.0
1901,0.261,ok,37.465,2247.320,76.2,52.3,0.0
1902,0.253,ok,37.465,2247.320,76.2,52.3,0.0
1903,0.258,ok,37.465,2247.320,76.2,52.3,0.0
1904,0.265,ok,37.465,2247.320,76.2,52.3,0.0
1905,0.251,ok,37.465,2247.320,76.2,52.3,0.0
1906,0.256,ok,37.465,2247.320,76.2,52.3,0.0
1907,0.254,ok,37.465,2247.320,76.2,52.3,0.0
1908,0.266,ok,37.465,2247.320,76.2,52.3,0.0
1909,0.258,ok,37.465,2247.320,76.2,52.3,0.0
1910,0.363,ok,37.465,2247.320,76.2,52.3,0.0
1911,0.253,ok,37.465,2247.320,76.2,52.3,0.0
1912,0.266,ok,37.465,2247.320,76.2,52.3,0.0
1913,0.277,ok,37.465,2247.320,76.2,52.3,0.0
1914,0.246,ok,37.465,2247.320,76.2,52.3,0.0
1915,0.256,ok,37.465,2247.320,76.2,52.3,0.0
1916,0.255,ok,37.465,2247.320,76.2,52.3,0.0
1917,0.308,ok,37.465,2247.320,76.2,52.3,0.0
1918,0.237,ok,37.465,2247.320,76.2,52.3,0.0
1919,0.230,ok,37.465,2247.320,76.2,52.3,0.0
1920,0.249,ok,37.465,2247.320,76.2,52.3,0.0
1921,0.280,ok,37.465,2247.320,76.2,52.3,0.0
1922,0.304,ok,37.465,2247.320,76.2,52.3,0.0
1923,0.256,ok,37.465,2247.320,76.2,52.3,0.0
1924,0.237,ok,37.465,2247.320,76.2,52.3,0.0
1925,0.254,ok,37.465,2247.320,76.2,52.3,0.0
1926,0.227,ok,37.465,2247.320,76.2,52.3,0.0
1927,0.268,ok,37.465,2247.320,76.2,52.3,0.0
1928,0.250,ok,37.465,2247.320,76.2,52.3,0.0
1929,0.263,ok,37.465,2247.320,76.2,52.3,0.0
1930,0.229,ok,37.465,2247.320,76.2,52.3,0.0
1931,0.328,ok,37.465,2247.320,76.2,52.3,0.0
1932,0.261,ok,37.465,2247.320,76.2,52.3,0.0
1933,0.220,ok,37.465,2247.320,76.2,52.3,0.0
1934,0.211,ok,37.465,2247.320,76.2,52.3,0.0
1935,0.238,ok,37.465,2247.320,76.2,52.3,0.0
1936,0.234,ok,37.465,2247.320,76.2,52.3,0.0
1937,0.237,ok,37.465,2247.320,76.2,52.3,0.0
1938,0.247,ok,37.465,2247.320,76.2,52.3,0.0
1939,0.218,ok,37.465,2247.320,76.2,52.3,0.0
1940,0.224,ok,37.465,2247.320,76.2,52.3,0.0
1941,0.196,ok,37.465,2247.320,76.2,52.3,0.0
1942,0.191,ok,37.465,2247.320,76.2,52.3,0.0
1943,0.192,ok,37.465,2247.320,76.2,52.3,0.0
1944,0.189,ok,37.465,2247.320,76.2,52.3,0.0
1945,0.197,ok,37.465,2247.320,76.2,52.3,0.0
1946,0.179,ok,37.465,2247.320,76.2,52.3,0.0
1947,0.220,ok,37.465,2247.320,76.2,52.3,0.0
1948,0.175,ok,37.465,2247.320,76.2,52.3,0.0
1949,0.202,ok,37.465,2247.320,76.2,52.3,0.0
1950,0.198,ok,37.465,2247.320,76.2,52.3,0.0
1951,0.162,ok,37.465,2247.320,76.2,52.3,0.0
1952,0.230,ok,37.465,2247.320,76.2,52.3,0.0
1953,0.198,ok,37.465,2247.320,76.2,52.3,0.0
1954,0.188,ok,37.465,2247.320,76.2,52.3,0.0
1955,0.206,ok,37.465,2247.320,76.2,52.3,0.0
1956,0.196,ok,37.465,2247.320,76.2,52.3,0.0
1957,0.194,ok,37.465,2247.320,76.2,52.3,0.0
1958,0.175,ok,37.465,2247.320,76.2,52.3,0.0
1959,0.229,ok,37.465,2247.320,76.2,52.3,0.0
1960,0.191,ok,37.465,2247.320,76.2,52.3,0.0
1961,0.293,ok,37.465,2247.320,76.2,52.3,0.0
1962,0.236,ok,37.465,2247.320,76.2,52.3,0.0
1963,0.230,ok,37.465,2247.320,76.2,52.3,0.0
1964,0.208,ok,37.465,2247.320,76.2,52.3,0.0
1965,0.183,ok,37.465,2247.320,76.2,52.3,0.0
1966,0.173,ok,37.465,2247.320,76.2,52.3,0.0
1967,0.170,ok,37.465,2247.320,76.2,52.3,0.0
1968,0.168,ok,37.465,2247.320,76.2,52.3,0.0
1969,0.235,ok,37.465,2247.320,76.2,52.3,0.0
1970,0.286,ok,37.465,2247.320,76.2,52.3,0.0
1971,0.307,ok,37.465,2247.320,76.2,52.3,0.0
1972,0.283,ok,37.465,2247.320,76.2,52.3,0.0
1973,0.345,ok,37.465,2247.320,76.2,52.3,0.0
1974,0.374,ok,37.465,2247.320,76.2,52.3,0.0
1975,0.409,ok,37.465,2247.320,76.2,52.3,0.0
1976,0.363,ok,37.465,2247.320,76.2,52.3,0.0
1977,0.296,ok,37.465,2247.320,76.2,52.3,0.0
1978,0.292,ok,37.465,2247.320,76.2,52.3,0.0
1979,0.300,ok,37.465,2247.320,76.2,52.3,0.0
1980,0.272,ok,37.465,2247.320,76.2,52.3,0.0
1981,0.272,ok,37.465,2247.320,76.2,52.3,0.0
1982,0.276,ok,37.465,2247.320,76.2,52.3,0.0
1983,0.303,ok,37.465,2247.320,76.2,52.3,0.0
1984,0.423,ok,37.465,2247.320,76.2,52.3,0.0
1985,0.271,ok,37.465,2247.320,76.2,52.3,0.0
1986,0.241,ok,37.465,2247.320,76.2,52.3,0.0
1987,0.243,ok,37.465,2247.320,76.2,52.3,0.0
1988,0.251,ok,37.465,2247.320,76.2,52.3,0.0
1989,0.270,ok,37.465,2247.320,76.2,52.3,0.0
1990,0.272,ok,37.465,2247.320,76.2,52.3,0.0
1991,0.245,ok,37.465,2247.320,76.2,52.3,0.0
1992,0.246,ok,37.465,2247.320,76.2,52.3,0.0
1993,0.263,ok,37.465,2247.320,76.2,52.3,0.0
1994,0.266,ok,37.465,2247.320,76.2,52.3,0.0
1995,0.415,ok,37.465,2247.320,76.2,52.3,0.0
1996,0.345,ok,37.465,2247.320,76.2,52.3,0.0
1997,0.304,ok,37.465,2247.320,76.2,52.3,0.0
1998,0.270,ok,37.465,2247.320,76.2,52.3,0.0
1999,0.299,ok,37.465,2247.320,76.2,52.3,0.0
2000,0.270,ok,37.465,2247.320,76.2,52.3,0.0
2001,0.296,ok,37.465,2247.320,76.2,52.3,0.0
2002,0.260,ok,37.465,2247.320,76.2,52.3,0.0
2003,0.256,ok,37.465,2247.320,76.2,52.3,0.0
2004,0.247,ok,37.465,2247.320,76.2,52.3,0.0
2005,0.265,ok,37.465,2247.320,76.2,52.3,0.0
2006,0.266,ok,37.465,2247.320,76.2,52.3,0.0
2007,0.246,ok,37.465,2247.320,76.2,52.3,0.0
2008,0.256,ok,37.465,2247.320,76.2,52.3,0.0
2009,0.244,ok,37.465,2247.320,76.2,52.3,0.0
2010,0.256,ok,37.465,2247.320,76.2,52.3,0.0
2011,0.250,ok,37.465,2247.320,76.2,52.3,0.0
2012,0.204,ok,37.465,2247.320,76.2,52.3,0.0
2013,0.183,ok,37.465,2247.320,76.2,52.3,0.0
2014,0.177,ok,37.465,2247.320,76.2,52.3,0.0
2015,0.223,ok,37.465,2247.320,76.2,52.3,0.0
2016,0.296,ok,37.465,2247.320,76.2,52.3,0.0
2017,0.247,ok,37.465,2247.320,76.2,52.3,0.0
2018,0.270,ok,37.465,2247.320,76.2,52.3,0.0
2019,0.252,ok,37.465,2247.320,76.2,52.3,0.0
2020,0.191,ok,37.465,2247.320,76.2,52.3,0.0
2021,0.176,ok,37.465,2247.320,76.2,52.3,0.0
2022,0.169,ok,37.465,2247.320,76.2,52.3,0.0
2023,0.219,ok,37.465,2247.320,76.2,52.3,0.0
2024,0.190,ok,37.465,2247.320,76.2,52.3,0.0
2025,0.182,ok,37.465,2247.320,76.2,52.3,0.0
2026,0.176,ok,37.465,2247.320,76.2,52.3,0.0
2027,0.181,ok,37.465,2247.320,76.2,52.3,0.0
2028,0.220,ok,37.465,2247.320,76.2,52.3,0.0
2029,0.181,ok,37.465,2247.320,76.2,52.3,0.0
2030,0.163,ok,37.465,2247.320,76.2,52.3,0.0
2031,0.162,ok,37.465,2247.320,76.2,52.3,0.0
2032,0.166,ok,37.465,2247.320,76.2,52.3,0.0
2033,0.174,ok,37.465,2247.320,76.2,52.3,0.0
2034,0.196,ok,37.465,2247.320,76.2,52.3,0.0
2035,0.177,ok,37.465,2247.320,76.2,52.3,0.0
2036,0.203,ok,37.465,2247.320,76.2,52.3,0.0
2037,0.165,ok,37.465,2247.320,76.2,52.3,0.0
2038,0.233,ok,37.465,2247.320,76.2,52.3,0.0
2039,0.185,ok,37.465,2247.320,76.2,52.3,0.0
2040,0.235,ok,37.465,2247.320,76.2,52.3,0.0
2041,0.219,ok,37.465,2247.320,76.2,52.3,0.0
2042,0.178,ok,37.465,2247.320,76.2,52.3,0.0
2043,0.179,ok,37.465,2247.320,76.2,52.3,0.0
2044,0.163,ok,37.465,2247.320,76.2,52.3,0.0
2045,0.167,ok,37.465,2247.320,76.2,52.3,0.0
2046,0.158,ok,37.465,2247.320,76.2,52.3,0.0
2047,0.151,ok,37.465,2247.320,76.2,52.3,0.0
2048,0.154,ok,37.465,2247.320,76.2,52.3,0.0
2049,0.151,ok,37.465,2247.320,76.2,52.3,0.0
2050,0.152,ok,37.465,2247.320,76.2,52.3,0.0
2051,0.159,ok,37.465,2247.320,76.2,52.3,0.0
2052,0.168,ok,37.465,2247.320,76.2,52.3,0.0
2053,0.151,ok,37.465,2247.320,76.2,52.3,0.0
2054,0.149,ok,37.465,2247.320,76.2,52.3,0.0
2055,0.149,ok,37.465,2247.320,76.2,52.3,0.0
2056,0.148,ok,37.465,2247.320,76.2,52.3,0.0
2057,0.147,ok,37.465,2247.320,76.2,52.3,0.0
2058,0.226,ok,37.465,2247.320,76.2,52.3,0.0
2059,0.186,ok,37.465,2247.320,76.2,52.3,0.0
2060,0.152,ok,37.465,2247.320,76.2,52.3,0.0
2061,0.149,ok,37.465,2247.320,76.2,52.3,0.0
2062,0.149,ok,37.465,2247.320,76.2,52.3,0.0
2063,0.149,ok,37.465,2247.320,76.2,52.3,0.0
2064,0.158,ok,37.465,2247.320,76.2,52.3,0.0
2065,0.154,ok,37.465,2247.320,76.2,52.3,0.0
2066,0.155,ok,37.465,2247.320,76.2,52.3,0.0
2067,0.147,ok,37.465,2247.320,76.2,52.3,0.0
2068,0.149,ok,37.465,2247.320,76.2,52.3,0.0
2069,0.146,ok,37.465,2247.320,76.2,52.3,0.0
2070,0.157,ok,37.465,2247.320,76.2,52.3,0.0
2071,0.154,ok,37.465,2247.320,76.2,52.3,0.0
2072,0.293,ok,37.465,2247.320,76.2,52.3,0.0
2073,0.248,ok,37.465,2247.320,76.2,52.3,0.0
2074,0.228,ok,37.465,2247.320,76.2,52.3,0.0
2075,0.214,ok,37.465,2247.320,76.2,52.3,0.0
2076,0.208,ok,37.465,2247.320,76.2,52.3,0.0
2077,0.247,ok,37.465,2247.320,76.2,52.3,0.0
2078,0.233,ok,37.465,2247.320,76.2,52.3,0.0
2079,0.226,ok,37.465,2247.320,76.2,52.3,0.0
2080,0.267,ok,37.465,2247.320,76.2,52.3,0.0
2081,0.224,ok,37.465,2247.320,76.2,52.3,0.0
2082,0.229,ok,37.465,2247.320,76.2,52.3,0.0
2083,0.240,ok,37.465,2247.320,76.2,52.3,0.0
2084,0.199,ok,37.465,2247.320,76.2,52.3,0.0
2085,0.167,ok,37.465,2247.320,76.2,52.3,0.0
2086,0.157,ok,37.465,2247.320,76.2,52.3,0.0
2087,0.152,ok,37.465,2247.320,76.2,52.3,0.0
2088,0.153,ok,37.465,2247.320,76.2,52.3,0.0
2089,0.176,ok,37.465,2247.320,76.2,52.3,0.0
2090,0.168,ok,37.465,2247.320,76.2,52.3,0.0
2091,0.160,ok,37.465,2247.320,76.2,52.3,0.0
2092,0.158,ok,37.465,2247.320,76.2,52.3,0.0
2093,0.153,ok,37.465,2247.320,76.2,52.3,0.0
2094,0.152,ok,37.465,2247.320,76.2,52.3,0.0
2095,0.174,ok,37.465,2247.320,76.2,52.3,0.0
2096,0.157,ok,37.465,2247.320,76.2,52.3,0.0
2097,0.214,ok,37.465,2247.320,76.2,52.3,0.0
2098,0.180,ok,37.465,2247.320,76.2,52.3,0.0
2099,0.175,ok,37.465,2247.320,76.2,52.3,0.0
2100,0.169,ok,37.465,2247.320,76.2,52.3,0.0
2101,0.162,ok,37.465,2247.320,76.2,52.3,0.0
2102,0.203,ok,37.465,2247.320,76.2,52.3,0.0
2103,0.172,ok,37.465,2247.320,76.2,52.3,0.0
2104,0.165,ok,37.465,2247.320,76.2,52.3,0.0
2105,0.159,ok,37.465,2247.320,76.2,52.3,0.0
2106,0.165,ok,37.465,2247.320,76.2,52.3,0.0
2107,0.175,ok,37.465,2247.320,76.2,52.3,0.0
2108,0.158,ok,37.465,2247.320,76.2,52.3,0.0
2109,0.166,ok,37.465,2247.320,76.2,52.3,0.0
2110,0.164,ok,37.465,2247.320,76.2,52.3,0.0
2111,0.167,ok,37.465,2247.320,76.2,52.3,0.0
2112,0.268,ok,37.465,2247.320,76.2,52.3,0.0
2113,0.190,ok,37.465,2247.320,76.2,52.3,0.0
2114,0.214,ok,37.465,2247.320,76.2,52.3,0.0
2115,0.178,ok,37.465,2247.320,76.2,52.3,0.0
2116,0.182,ok,37.465,2247.320,76.2,52.3,0.0
2117,0.182,ok,37.465,2247.320,76.2,52.3,0.0
2118,0.190,ok,37.465,2247.320,76.2,52.3,0.0
2119,0.176,ok,37.465,2247.320,76.2,52.3,0.0
2120,0.167,ok,37.465,2247.320,76.2,52.3,0.0
2121,0.161,ok,37.465,2247.320,76.2,52.3,0.0
2122,0.154,ok,37.465,2247.320,76.2,52.3,0.0
2123,0.200,ok,37.465,2247.320,76.2,52.3,0.0
2124,0.219,ok,37.465,2247.320,76.2,52.3,0.0
2125,0.199,ok,37.465,2247.320,76.2,52.3,0.0
2126,0.230,ok,37.465,2247.320,76.2,52.3,0.0
2127,0.169,ok,37.465,2247.320,76.2,52.3,0.0
2128,0.184,ok,37.465,2247.320,76.2,52.3,0.0
2129,0.196,ok,37.465,2247.320,76.2,52.3,0.0
2130,0.168,ok,37.465,2247.320,76.2,52.3,0.0
2131,0.196,ok,37.465,2247.320,76.2,52.3,0.0
2132,0.221,ok,37.465,2247.320,76.2,52.3,0.0
2133,0.187,ok,37.465,2247.320,76.2,52.3,0.0
2134,0.174,ok,37.465,2247.320,76.2,52.3,0.0
2135,0.158,ok,37.465,2247.320,76.2,52.3,0.0
2136,0.165,ok,37.465,2247.320,76.2,52.3,0.0
2137,0.198,ok,37.465,2247.320,76.2,52.3,0.0
2138,0.277,ok,37.465,2247.320,76.2,52.3,0.0
2139,0.223,ok,37.465,2247.320,76.2,52.3,0.0
2140,0.212,ok,37.465,2247.320,76.2,52.3,0.0
2141,0.227,ok,37.465,2247.320,76.2,52.3,0.0
2142,0.208,ok,37.465,2247.320,76.2,52.3,0.0
2143,0.220,ok,37.465,2247.320,76.2,52.3,0.0
2144,0.256,ok,37.465,2247.320,76.2,52.3,0.0
2145,0.197,ok,37.465,2247.320,76.2,52.3,0.0
2146,0.207,ok,37.465,2247.320,76.2,52.3,0.0
2147,0.207,ok,37.465,2247.320,76.2,52.3,0.0
2148,0.210,ok,37.465,2247.320,76.2,52.3,0.0
2149,0.254,ok,37.465,2247.320,76.2,52.3,0.0
2150,0.286,ok,37.465,2247.320,76.2,52.3,0.0
2151,0.233,ok,37.465,2247.320,76.2,52.3,0.0
2152,0.210,ok,37.465,2247.320,76.2,52.3,0.0
2153,0.225,ok,37.465,2247.320,76.2,52.3,0.0
2154,0.248,ok,37.465,2247.320,76.2,52.3,0.0
2155,0.228,ok,37.465,2247.320,76.2,52.3,0.0
2156,0.229,ok,37.465,2247.320,76.2,52.3,0.0
2157,0.219,ok,37.465,2247.320,76.2,52.3,0.0
2158,0.251,ok,37.465,2247.320,76.2,52.3,0.0
2159,0.215,ok,37.465,2247.320,76.2,52.3,0.0
2160,0.258,ok,37.465,2247.320,76.2,52.3,0.0
2161,0.212,ok,37.465,2247.320,76.2,52.3,0.0
2162,0.182,ok,37.465,2247.320,76.2,52.3,0.0
2163,0.206,ok,37.465,2247.320,76.2,52.3,0.0
2164,0.190,ok,37.465,2247.320,76.2,52.3,0.0
2165,0.204,ok,37.465,2247.320,76.2,52.3,0.0
2166,0.211,ok,37.465,2247.320,76.2,52.3,0.0
2167,0.162,ok,37.465,2247.320,76.2,52.3,0.0
2168,0.147,ok,37.465,2247.320,76.2,52.3,0.0
2169,0.220,ok,37.465,2247.320,76.2,52.3,0.0
2170,0.266,ok,37.465,2247.320,76.2,52.3,0.0
2171,0.315,ok,37.465,2247.320,76.2,52.3,0.0
2172,0.259,ok,37.465,2247.320,76.2,52.3,0.0
2173,0.239,ok,37.465,2247.320,76.2,52.3,0.0
2174,0.357,ok,37.465,2247.320,76.2,52.3,0.0
2175,0.360,ok,37.465,2247.320,76.2,52.3,0.0
2176,0.284,ok,37.465,2247.320,76.2,52.3,0.0
2177,0.253,ok,37.465,2247.320,76.2,52.3,0.0
2178,0.239,ok,37.465,2247.320,76.2,52.3,0.0
2179,0.188,ok,37.465,2247.320,76.2,52.3,0.0
2180,0.240,ok,37.465,2247.320,76.2,52.3,0.0
2181,0.198,ok,37.465,2247.320,76.2,52.3,0.0
2182,0.177,ok,37.465,2247.320,76.2,52.3,0.0
2183,0.176,ok,37.465,2247.320,76.2,52.3,0.0
2184,0.171,ok,37.465,2247.320,76.2,52.3,0.0
2185,0.170,ok,37.465,2247.320,76.2,52.3,0.0
2186,0.174,ok,37.465,2247.320,76.2,52.3,0.0
2187,0.218,ok,37.465,2247.320,76.2,52.3,0.0
2188,0.193,ok,37.465,2247.320,76.2,52.3,0.0
2189,0.174,ok,37.465,2247.320,76.2,52.3,0.0
2190,0.174,ok,37.465,2247.320,76.2,52.3,0.0
2191,0.171,ok,37.465,2247.320,76.2,52.3,0.0
2192,0.186,ok,37.465,2247.320,76.2,52.3,0.0
2193,0.181,ok,37.465,2247.320,76.2,52.3,0.0
2194,0.208,ok,37.465,2247.320,76.2,52.3,0.0
2195,0.203,ok,37.465,2247.320,76.2,52.3,0.0
2196,0.179,ok,37.465,2247.320,76.2,52.3,0.0
2197,0.199,ok,37.465,2247.320,76.2,52.3,0.0
2198,0.185,ok,37.465,2247.320,76.2,52.3,0.0
2199,0.180,ok,37.547,2247.320,71.6,52.3,0.0
2200,0.171,ok,37.547,2247.320,71.6,52.3,0.0
2201,0.184,ok,37.547,2247.320,71.6,52.3,0.0
2202,0.182,ok,37.547,2247.320,71.6,52.3,0.0
2203,0.180,ok,37.547,2247.320,71.6,52.3,0.0
2204,0.173,ok,37.547,2247.320,71.6,52.3,0.0
2205,0.172,ok,37.547,2247.320,71.6,52.3,0.0
2206,0.203,ok,37.547,2247.320,71.6,52.3,0.0
2207,0.175,ok,37.547,2247.320,71.6,52.3,0.0
2208,0.249,ok,37.547,2247.320,71.6,52.3,0.0
2209,0.219,ok,37.547,2247.320,71.6,52.3,0.0
2210,0.224,ok,37.547,2247.320,71.6,52.3,0.0
2211,0.257,ok,37.547,2247.320,71.6,52.3,0.0
2212,0.220,ok,37.547,2247.320,71.6,52.3,0.0
2213,0.182,ok,37.547,2247.320,71.6,52.3,0.0
2214,0.188,ok,37.547,2247.320,71.6,52.3,0.0
2215,0.166,ok,37.547,2247.320,71.6,52.3,0.0
2216,0.237,ok,37.547,2247.320,71.6,52.3,0.0
2217,0.252,ok,37.547,2247.320,71.6,52.3,0.0
2218,0.374,ok,37.547,2247.320,71.6,52.3,0.0
2219,0.377,ok,37.547,2247.320,71.6,52.3,0.0
2220,0.377,ok,37.547,2247.320,71.6,52.3,0.0
2221,0.393,ok,37.547,2247.320,71.6,52.3,0.0
2222,0.361,ok,37.547,2247.320,71.6,52.3,0.0
2223,0.340,ok,37.547,2247.320,71.6,52.3,0.0
2224,0.352,ok,37.547,2247.320,71.6,52.3,0.0
2225,0.260,ok,37.547,2247.320,71.6,52.3,0.0
2226,0.314,ok,37.547,2247.320,71.6,52.3,0.0
2227,0.245,ok,37.547,2247.320,71.6,52.3,0.0
2228,0.246,ok,37.547,2247.320,71.6,52.3,0.0
2229,0.206,ok,37.547,2247.320,71.6,52.3,0.0
2230,0.279,ok,37.547,2247.320,71.6,52.3,0.0
2231,0.211,ok,37.547,2247.320,71.6,52.3,0.0
2232,0.341,ok,37.547,2247.320,71.6,52.3,0.0
2233,0.321,ok,37.547,2247.320,71.6,52.3,0.0
2234,0.291,ok,37.547,2247.320,71.6,52.3,0.0
2235,0.380,ok,37.547,2247.320,71.6,52.3,0.0
2236,0.317,ok,37.547,2247.320,71.6,52.3,0.0
2237,0.351,ok,37.547,2247.320,71.6,52.3,0.0
2238,0.283,ok,37.547,2247.320,71.6,52.3,0.0
2239,0.246,ok,37.547,2247.320,71.6,52.3,0.0
2240,0.264,ok,37.547,2247.320,71.6,52.3,0.0
2241,0.316,ok,37.547,2247.320,71.6,52.3,0.0
2242,0.418,ok,37.547,2247.320,71.6,52.3,0.0
2243,0.381,ok,37.547,2247.320,71.6,52.3,0.0
2244,0.303,ok,37.547,2247.320,71.6,52.3,0.0
2245,0.338,ok,37.547,2247.320,71.6,52.3,0.0
2246,0.295,ok,37.547,2247.320,71.6,52.3,0.0
2247,0.309,ok,37.547,2247.320,71.6,52.3,0.0
2248,0.241,ok,37.547,2247.320,71.6,52.3,0.0
2249,0.230,ok,37.547,2247.320,71.6,52.3,0.0
2250,0.231,ok,37.547,2247.320,71.6,52.3,0.0
2251,0.327,ok,37.547,2247.320,71.6,52.3,0.0
2252,0.358,ok,37.547,2247.320,71.6,52.3,0.0
2253,0.294,ok,37.547,2247.320,71.6,52.3,0.0
2254,0.286,ok,37.547,2247.320,71.6,52.3,0.0
2255,0.275,ok,37.547,2247.320,71.6,52.3,0.0
2256,0.294,ok,37.547,2247.320,71.6,52.3,0.0
2257,0.271,ok,37.547,2247.320,71.6,52.3,0.0
2258,0.306,ok,37.547,2247.320,71.6,52.3,0.0
2259,0.369,ok,37.547,2247.320,71.6,52.3,0.0
2260,0.341,ok,37.547,2247.320,71.6,52.3,0.0
2261,0.342,ok,37.547,2247.320,71.6,52.3,0.0
2262,0.371,ok,37.547,2247.320,71.6,52.3,0.0
2263,0.363,ok,37.547,2247.320,71.6,52.3,0.0
2264,0.267,ok,37.547,2247.320,71.6,52.3,0.0
2265,0.252,ok,37.547,2247.320,71.6,52.3,0.0
2266,0.256,ok,37.547,2247.320,71.6,52.3,0.0
2267,0.277,ok,37.547,2247.320,71.6,52.3,0.0
2268,0.254,ok,37.547,2247.320,71.6,52.3,0.0
2269,0.248,ok,37.547,2247.320,71.6,52.3,0.0
2270,0.238,ok,37.547,2247.320,71.6,52.3,0.0
2271,0.233,ok,37.547,2247.320,71.6,52.3,0.0
2272,0.271,ok,37.547,2247.320,71.6,52.3,0.0
2273,0.256,ok,37.547,2247.320,71.6,52.3,0.0
2274,0.243,ok,37.547,2247.320,71.6,52.3,0.0
2275,0.242,ok,37.547,2247.320,71.6,52.3,0.0
2276,0.241,ok,37.547,2247.320,71.6,52.3,0.0
2277,0.316,ok,37.547,2247.320,71.6,52.3,0.0
2278,0.366,ok,37.547,2247.320,71.6,52.3,0.0
2279,0.344,ok,37.547,2247.320,71.6,52.3,0.0
2280,0.376,ok,37.547,2247.320,71.6,52.3,0.0
2281,0.377,ok,37.547,2247.320,71.6,52.3,0.0
2282,0.406,ok,37.547,2247.320,71.6,52.3,0.0
2283,0.411,ok,37.547,2247.320,71.6,52.3,0.0
2284,0.406,ok,37.547,2247.320,71.6,52.3,0.0
2285,0.334,ok,37.547,2247.320,71.6,52.3,0.0
2286,0.407,ok,37.547,2247.320,71.6,52.3,0.0
2287,0.312,ok,37.547,2247.320,71.6,52.3,0.0
2288,0.369,ok,37.547,2247.320,71.6,52.3,0.0
2289,0.308,ok,37.547,2247.320,71.6,52.3,0.0
2290,0.298,ok,37.547,2247.320,71.6,52.3,0.0
2291,0.371,ok,37.547,2247.320,71.6,52.3,0.0
2292,0.377,ok,37.547,2247.320,71.6,52.3,0.0
2293,0.373,ok,37.547,2247.320,71.6,52.3,0.0
2294,0.414,ok,37.547,2247.320,71.6,52.3,0.0
2295,0.386,ok,37.547,2247.320,71.6,52.3,0.0
2296,0.366,ok,37.547,2247.320,71.6,52.3,0.0
2297,0.367,ok,37.547,2247.320,71.6,52.3,0.0
2298,0.333,ok,37.547,2247.320,71.6,52.3,0.0
2299,0.337,ok,37.547,2247.320,71.6,52.3,0.0
2300,0.333,ok,37.547,2247.320,71.6,52.3,0.0
2301,0.376,ok,37.547,2247.320,71.6,52.3,0.0
2302,0.387,ok,37.547,2247.320,71.6,52.3,0.0
2303,0.398,ok,37.547,2247.320,71.6,52.3,0.0
2304,0.367,ok,37.547,2247.320,71.6,52.3,0.0
2305,0.362,ok,37.547,2247.320,71.6,52.3,0.0
2306,0.357,ok,37.547,2247.320,71.6,52.3,0.0
2307,0.384,ok,37.547,2247.320,71.6,52.3,0.0
2308,0.320,ok,37.547,2247.320,71.6,52.3,0.0
2309,0.288,ok,37.547,2247.320,71.6,52.3,0.0
2310,0.336,ok,37.547,2247.320,71.6,52.3,0.0
2311,0.322,ok,37.547,2247.320,71.6,52.3,0.0
2312,0.311,ok,37.547,2247.320,71.6,52.3,0.0
2313,0.333,ok,37.547,2247.320,71.6,52.3,0.0
2314,0.281,ok,37.547,2247.320,71.6,52.3,0.0
2315,0.379,ok,37.547,2247.320,71.6,52.3,0.0
2316,0.273,ok,37.547,2247.320,71.6,52.3,0.0
2317,0.265,ok,37.547,2247.320,71.6,52.3,0.0
2318,0.297,ok,37.547,2247.320,71.6,52.3,0.0
2319,0.286,ok,37.547,2247.320,71.6,52.3,0.0
2320,0.290,ok,37.547,2247.320,71.6,52.3,0.0
2321,0.286,ok,37.547,2247.320,71.6,52.3,0.0
2322,0.262,ok,37.547,2247.320,71.6,52.3,0.0
2323,0.288,ok,37.547,2247.320,71.6,52.3,0.0
2324,0.303,ok,37.547,2247.320,71.6,52.3,0.0
2325,0.331,ok,37.547,2247.320,71.6,52.3,0.0
2326,0.266,ok,37.547,2247.320,71.6,52.3,0.0
2327,0.274,ok,37.547,2247.320,71.6,52.3,0.0
2328,0.313,ok,37.547,2247.320,71.6,52.3,0.0
2329,0.279,ok,37.547,2247.320,71.6,52.3,0.0
2330,0.273,ok,37.547,2247.320,71.6,52.3,0.0
2331,0.252,ok,37.547,2247.320,71.6,52.3,0.0
2332,0.310,ok,37.547,2247.320,71.6,52.3,0.0
2333,0.386,ok,37.547,2247.320,71.6,52.3,0.0
2334,0.361,ok,37.547,2247.320,71.6,52.3,0.0
2335,0.302,ok,37.547,2247.320,71.6,52.3,0.0
2336,0.287,ok,37.547,2247.320,71.6,52.3,0.0
2337,0.370,ok,37.547,2247.320,71.6,52.3,0.0
2338,0.262,ok,37.547,2247.320,71.6,52.3,0.0
2339,0.255,ok,37.547,2247.320,71.6,52.3,0.0
2340,0.260,ok,37.547,2247.320,71.6,52.3,0.0
2341,0.281,ok,37.547,2247.320,71.6,52.3,0.0
2342,0.268,ok,37.547,2247.320,71.6,52.3,0.0
2343,0.272,ok,37.547,2247.320,71.6,52.3,0.0
2344,0.322,ok,37.547,2247.320,71.6,52.3,0.0
2345,0.310,ok,37.547,2247.320,71.6,52.3,0.0
2346,0.274,ok,37.547,2247.320,71.6,52.3,0.0
2347,0.299,ok,37.547,2247.320,71.6,52.3,0.0
2348,0.248,ok,37.547,2247.320,71.6,52.3,0.0
2349,0.273,ok,37.547,2247.320,71.6,52.3,0.0
2350,0.351,ok,37.547,2247.320,71.6,52.3,0.0
2351,0.307,ok,37.547,2247.320,71.6,52.3,0.0
2352,0.321,ok,37.547,2247.320,71.6,52.3,0.0
2353,0.286,ok,37.547,2247.320,71.6,52.3,0.0
2354,0.331,ok,37.547,2247.320,71.6,52.3,0.0
2355,0.347,ok,37.547,2247.320,71.6,52.3,0.0
2356,0.292,ok,37.547,2247.320,71.6,52.3,0.0
2357,0.274,ok,37.547,2247.320,71.6,52.3,0.0
2358,0.395,ok,37.547,2247.320,71.6,52.3,0.0
2359,0.382,ok,37.547,2247.320,71.6,52.3,0.0
2360,0.355,ok,37.547,2247.320,71.6,52.3,0.0
2361,0.319,ok,37.547,2247.320,71.6,52.3,0.0
2362,0.405,ok,37.547,2247.320,71.6,52.3,0.0
2363,0.268,ok,37.547,2247.320,71.6,52.3,0.0
2364,0.225,ok,37.547,2247.320,71.6,52.3,0.0
2365,0.216,ok,37.547,2247.320,71.6,52.3,0.0
2366,0.209,ok,37.547,2247.320,71.6,52.3,0.0
2367,0.214,ok,37.547,2247.320,71.6,52.3,0.0
2368,0.219,ok,37.547,2247.320,71.6,52.3,0.0
2369,0.243,ok,37.547,2247.320,71.6,52.3,0.0
2370,0.239,ok,37.547,2247.320,71.6,52.3,0.0
2371,0.282,ok,37.547,2247.320,71.6,52.3,0.0
2372,0.278,ok,37.547,2247.320,71.6,52.3,0.0
2373,0.223,ok,37.547,2247.320,71.6,52.3,0.0
2374,0.205,ok,37.547,2247.320,71.6,52.3,0.0
2375,0.230,ok,37.547,2247.320,71.6,52.3,0.0
2376,0.243,ok,37.547,2247.320,71.6,52.3,0.0
2377,0.262,ok,37.547,2247.320,71.6,52.3,0.0
2378,0.219,ok,37.547,2247.320,71.6,52.3,0.0
2379,0.256,ok,37.547,2247.320,71.6,52.3,0.0
2380,0.217,ok,37.547,2247.320,71.6,52.3,0.0
2381,0.229,ok,37.547,2247.320,71.6,52.3,0.0
2382,0.183,ok,37.547,2247.320,71.6,52.3,0.0
2383,0.207,ok,37.547,2247.320,71.6,52.3,0.0
2384,0.208,ok,37.547,2247.320,71.6,52.3,0.0
2385,0.201,ok,37.547,2247.320,71.6,52.3,0.0
2386,0.199,ok,37.547,2247.320,71.6,52.3,0.0
2387,0.199,ok,37.547,2247.320,71.6,52.3,0.0
2388,0.200,ok,37.547,2247.320,71.6,52.3,0.0
2389,0.215,ok,37.547,2247.320,71.6,52.3,0.0
2390,0.206,ok,37.547,2247.320,71.6,52.3,0.0
2391,0.199,ok,37.547,2247.320,71.6,52.3,0.0
2392,0.200,ok,37.547,2247.320,71.6,52.3,0.0
2393,0.213,ok,37.547,2247.320,71.6,52.3,0.0
2394,0.259,ok,37.547,2247.320,71.6,52.3,0.0
2395,0.225,ok,37.547,2247.320,71.6,52.3,0.0
2396,0.210,ok,37.547,2247.320,71.6,52.3,0.0
2397,0.199,ok,37.547,2247.320,71.6,52.3,0.0
2398,0.237,ok,37.547,2247.320,71.6,52.3,0.0
2399,0.185,ok,37.547,2247.320,71.6,52.3,0.0
2400,0.195,ok,37.547,2247.320,71.6,52.3,0.0
2401,0.146,ok,37.547,2247.320,71.6,52.3,0.0
2402,0.153,ok,37.547,2247.320,71.6,52.3,0.0
2403,0.142,ok,37.547,2247.320,71.6,52.3,0.0
2404,0.155,ok,37.547,2247.320,71.6,52.3,0.0
2405,0.147,ok,37.547,2247.320,71.6,52.3,0.0
2406,0.206,ok,37.547,2247.320,71.6,52.3,0.0
2407,0.152,ok,37.547,2247.320,71.6,52.3,0.0
2408,0.182,ok,37.547,2247.320,71.6,52.3,0.0
2409,0.140,ok,37.547,2247.320,71.6,52.3,0.0
2410,0.158,ok,37.547,2247.320,71.6,52.3,0.0
2411,0.142,ok,37.547,2247.320,71.6,52.3,0.0
2412,0.146,ok,37.547,2247.320,71.6,52.3,0.0
2413,0.139,ok,37.547,2247.320,71.6,52.3,0.0
2414,0.144,ok,37.547,2247.320,71.6,52.3,0.0
2415,0.139,ok,37.547,2247.320,71.6,52.3,0.0
2416,0.142,ok,37.547,2247.320,71.6,52.3,0.0
2417,0.145,ok,37.547,2247.320,71.6,52.3,0.0
2418,0.146,ok,37.547,2247.320,71.6,52.3,0.0
2419,0.138,ok,37.547,2247.320,71.6,52.3,0.0
2420,0.156,ok,37.547,2247.320,71.6,52.3,0.0
2421,0.200,ok,37.547,2247.320,71.6,52.3,0.0
2422,0.204,ok,37.547,2247.320,71.6,52.3,0.0
2423,0.189,ok,37.547,2247.320,71.6,52.3,0.0
2424,0.163,ok,37.547,2247.320,71.6,52.3,0.0
2425,0.159,ok,37.547,2247.320,71.6,52.3,0.0
2426,0.152,ok,37.547,2247.320,71.6,52.3,0.0
2427,0.156,ok,37.547,2247.320,71.6,52.3,0.0
2428,0.194,ok,37.547,2247.320,71.6,52.3,0.0
2429,0.139,ok,37.547,2247.320,71.6,52.3,0.0
2430,0.153,ok,37.547,2247.320,71.6,52.3,0.0
2431,0.151,ok,37.547,2247.320,71.6,52.3,0.0
2432,0.158,ok,37.547,2247.320,71.6,52.3,0.0
2433,0.155,ok,37.547,2247.320,71.6,52.3,0.0
2434,0.144,ok,37.547,2247.320,71.6,52.3,0.0
2435,0.151,ok,37.547,2247.320,71.6,52.3,0.0
2436,0.146,ok,37.547,2247.320,71.6,52.3,0.0
2437,0.152,ok,37.547,2247.320,71.6,52.3,0.0
2438,0.203,ok,37.547,2247.320,71.6,52.3,0.0
2439,0.133,ok,37.547,2247.320,71.6,52.3,0.0
2440,0.150,ok,37.547,2247.320,71.6,52.3,0.0
2441,0.144,ok,37.547,2247.320,71.6,52.3,0.0
2442,0.151,ok,37.547,2247.320,71.6,52.3,0.0
2443,0.181,ok,37.547,2247.320,71.6,52.3,0.0
2444,0.143,ok,37.547,2247.320,71.6,52.3,0.0
2445,0.154,ok,37.547,2247.320,71.6,52.3,0.0
2446,0.140,ok,37.547,2247.320,71.6,52.3,0.0
2447,0.144,ok,37.547,2247.320,71.6,52.3,0.0
2448,0.144,ok,37.547,2247.320,71.6,52.3,0.0
2449,0.145,ok,37.547,2247.320,71.6,52.3,0.0
2450,0.138,ok,37.547,2247.320,71.6,52.3,0.0
2451,0.142,ok,37.547,2247.320,71.6,52.3,0.0
2452,0.140,ok,37.547,2247.320,71.6,52.3,0.0
2453,0.141,ok,37.547,2247.320,71.6,52.3,0.0
2454,0.138,ok,37.547,2247.320,71.6,52.3,0.0
2455,0.147,ok,37.547,2247.320,71.6,52.3,0.0
2456,0.156,ok,37.547,2247.320,71.6,52.3,0.0
2457,0.129,ok,37.547,2247.320,71.6,52.3,0.0
2458,0.128,ok,37.547,2247.320,71.6,52.3,0.0
2459,0.125,ok,37.547,2247.320,71.6,52.3,0.0
2460,0.124,ok,37.547,2247.320,71.6,52.3,0.0
2461,0.119,ok,37.547,2247.320,71.6,52.3,0.0
2462,0.117,ok,37.547,2247.320,71.6,52.3,0.0
2463,0.134,ok,37.547,2247.320,71.6,52.3,0.0
2464,0.157,ok,37.547,2247.320,71.6,52.3,0.0
2465,0.122,ok,37.547,2247.320,71.6,52.3,0.0
2466,0.131,ok,37.547,2247.320,71.6,52.3,0.0
2467,0.120,ok,37.547,2247.320,71.6,52.3,0.0
2468,0.116,ok,37.547,2247.320,71.6,52.3,0.0
2469,0.118,ok,37.547,2247.320,71.6,52.3,0.0
2470,0.117,ok,37.547,2247.320,71.6,52.3,0.0
2471,0.125,ok,37.547,2247.320,71.6,52.3,0.0
2472,0.118,ok,37.547,2247.320,71.6,52.3,0.0
2473,0.127,ok,37.547,2247.320,71.6,52.3,0.0
2474,0.180,ok,37.547,2247.320,71.6,52.3,0.0
2475,0.175,ok,37.547,2247.320,71.6,52.3,0.0
2476,0.185,ok,37.547,2247.320,71.6,52.3,0.0
2477,0.177,ok,37.547,2247.320,71.6,52.3,0.0
2478,0.169,ok,37.547,2247.320,71.6,52.3,0.0
2479,0.164,ok,37.547,2247.320,71.6,52.3,0.0
2480,0.163,ok,37.547,2247.320,71.6,52.3,0.0
2481,0.162,ok,37.547,2247.320,71.6,52.3,0.0
2482,0.175,ok,37.547,2247.320,71.6,52.3,0.0
2483,0.168,ok,37.547,2247.320,71.6,52.3,0.0
2484,0.164,ok,37.547,2247.320,71.6,52.3,0.0
2485,0.160,ok,37.547,2247.320,71.6,52.3,0.0
2486,0.190,ok,37.547,2247.320,71.6,52.3,0.0
2487,0.160,ok,37.547,2247.320,71.6,52.3,0.0
2488,0.155,ok,37.547,2247.320,71.6,52.3,0.0
2489,0.160,ok,37.547,2247.320,71.6,52.3,0.0
2490,0.158,ok,37.547,2247.320,71.6,52.3,0.0
2491,0.165,ok,37.547,2247.320,71.6,52.3,0.0
2492,0.156,ok,37.547,2247.320,71.6,52.3,0.0
2493,0.144,ok,37.547,2247.320,71.6,52.3,0.0
2494,0.134,ok,37.547,2247.320,71.6,52.3,0.0
2495,0.136,ok,37.547,2247.320,71.6,52.3,0.0
2496,0.139,ok,37.547,2247.320,71.6,52.3,0.0
2497,0.139,ok,37.547,2247.320,71.6,52.3,0.0
2498,0.131,ok,37.547,2247.320,71.6,52.3,0.0
2499,0.136,ok,37.547,2247.320,71.6,52.3,0.0
2500,0.130,ok,37.547,2247.320,71.6,52.3,0.0
2501,0.148,ok,37.547,2247.320,71.6,52.3,0.0
2502,0.130,ok,37.547,2247.320,71.6,52.3,0.0
2503,0.145,ok,37.547,2247.320,71.6,52.3,0.0
2504,0.241,ok,37.547,2247.320,71.6,52.3,0.0
2505,0.192,ok,37.547,2247.320,71.6,52.3,0.0
2506,0.226,ok,37.547,2247.320,71.6,52.3,0.0
2507,0.244,ok,37.547,2247.320,71.6,52.3,0.0
2508,0.220,ok,37.547,2247.320,71.6,52.3,0.0
2509,0.204,ok,37.547,2247.320,71.6,52.3,0.0
2510,0.215,ok,37.547,2247.320,71.6,52.3,0.0
2511,0.218,ok,37.547,2247.320,71.6,52.3,0.0
2512,0.253,ok,37.547,2247.320,71.6,52.3,0.0
2513,0.205,ok,37.547,2247.320,71.6,52.3,0.0
2514,0.193,ok,37.547,2247.320,71.6,52.3,0.0
2515,0.188,ok,37.547,2247.320,71.6,52.3,0.0
2516,0.194,ok,37.547,2247.320,71.6,52.3,0.0
2517,0.191,ok,37.547,2247.320,71.6,52.3,0.0
2518,0.196,ok,37.547,2247.320,71.6,52.3,0.0
2519,0.195,ok,37.547,2247.320,71.6,52.3,0.0
2520,0.203,ok,37.547,2247.320,71.6,52.3,0.0
2521,0.189,ok,37.547,2247.320,71.6,52.3,0.0
2522,0.200,ok,37.547,2247.320,71.6,52.3,0.0
2523,0.201,ok,37.547,2247.320,71.6,52.3,0.0
2524,0.239,ok,37.547,2247.320,71.6,52.3,0.0
2525,0.193,ok,37.547,2247.320,71.6,52.3,0.0
2526,0.206,ok,37.547,2247.320,71.6,52.3,0.0
2527,0.232,ok,37.547,2247.320,71.6,52.3,0.0
2528,0.262,ok,37.547,2247.320,71.6,52.3,0.0
2529,0.249,ok,37.547,2247.320,71.6,52.3,0.0
2530,0.213,ok,37.547,2247.320,71.6,52.3,0.0
2531,0.217,ok,37.547,2247.320,71.6,52.3,0.0
2532,0.212,ok,37.547,2247.320,71.6,52.3,0.0
2533,0.209,ok,37.547,2247.320,71.6,52.3,0.0
2534,0.203,ok,37.547,2247.320,71.6,52.3,0.0
2535,0.201,ok,37.547,2247.320,71.6,52.3,0.0
2536,0.209,ok,37.547,2247.320,71.6,52.3,0.0
2537,0.203,ok,37.547,2247.320,71.6,52.3,0.0
2538,0.200,ok,37.547,2247.320,71.6,52.3,0.0
2539,0.209,ok,37.547,2247.320,71.6,52.3,0.0
2540,0.202,ok,37.547,2247.320,71.6,52.3,0.0
2541,0.221,ok,37.547,2247.320,71.6,52.3,0.0
2542,0.205,ok,37.547,2247.320,71.6,52.3,0.0
2543,0.208,ok,37.547,2247.320,71.6,52.3,0.0
2544,0.203,ok,37.547,2247.320,71.6,52.3,0.0
2545,0.207,ok,37.547,2247.320,71.6,52.3,0.0
2546,0.243,ok,37.547,2247.320,71.6,52.3,0.0
2547,0.214,ok,37.547,2247.320,71.6,52.3,0.0
2548,0.232,ok,37.547,2247.320,71.6,52.3,0.0
2549,0.169,ok,37.547,2247.320,71.6,52.3,0.0
2550,0.181,ok,37.547,2247.320,71.6,52.3,0.0
2551,0.135,ok,37.547,2247.320,71.6,52.3,0.0
2552,0.148,ok,37.547,2247.320,71.6,52.3,0.0
2553,0.229,ok,37.547,2247.320,71.6,52.3,0.0
2554,0.204,ok,37.547,2247.320,71.6,52.3,0.0
2555,0.197,ok,37.547,2247.320,71.6,52.3,0.0
2556,0.192,ok,37.547,2247.320,71.6,52.3,0.0
2557,0.171,ok,37.547,2247.320,71.6,52.3,0.0
2558,0.170,ok,37.547,2247.320,71.6,52.3,0.0
2559,0.176,ok,37.547,2247.320,71.6,52.3,0.0
2560,0.170,ok,37.547,2247.320,71.6,52.3,0.0
2561,0.161,ok,37.547,2247.320,71.6,52.3,0.0
2562,0.168,ok,37.547,2247.320,71.6,52.3,0.0
2563,0.155,ok,37.547,2247.320,71.6,52.3,0.0
2564,0.155,ok,37.547,2247.320,71.6,52.3,0.0
2565,0.151,ok,37.547,2247.320,71.6,52.3,0.0
2566,0.153,ok,37.547,2247.320,71.6,52.3,0.0
2567,0.150,ok,37.547,2247.320,71.6,52.3,0.0
2568,0.160,ok,37.547,2247.320,71.6,52.3,0.0
2569,0.152,ok,37.547,2247.320,71.6,52.3,0.0
2570,0.152,ok,37.547,2247.320,71.6,52.3,0.0
2571,0.186,ok,37.547,2247.320,71.6,52.3,0.0
2572,0.156,ok,37.547,2247.320,71.6,52.3,0.0
2573,0.150,ok,37.547,2247.320,71.6,52.3,0.0
2574,0.203,ok,37.547,2247.320,71.6,52.3,0.0
2575,0.160,ok,37.547,2247.320,71.6,52.3,0.0
2576,0.133,ok,37.547,2247.320,71.6,52.3,0.0
2577,0.125,ok,37.547,2247.320,71.6,52.3,0.0
2578,0.116,ok,37.547,2247.320,71.6,52.3,0.0
2579,0.120,ok,37.547,2247.320,71.6,52.3,0.0
2580,0.116,ok,37.547,2247.320,71.6,52.3,0.0
2581,0.118,ok,37.547,2247.320,71.6,52.3,0.0
2582,0.120,ok,37.547,2247.320,71.6,52.3,0.0
2583,0.136,ok,37.547,2247.320,71.6,52.3,0.0
2584,0.150,ok,37.547,2247.320,71.6,52.3,0.0
2585,0.195,ok,37.547,2247.320,71.6,52.3,0.0
2586,0.203,ok,37.547,2247.320,71.6,52.3,0.0
2587,0.191,ok,37.547,2247.320,71.6,52.3,0.0
2588,0.267,ok,37.547,2247.320,71.6,52.3,0.0
2589,0.285,ok,37.547,2247.320,71.6,52.3,0.0
2590,0.232,ok,37.547,2247.320,71.6,52.3,0.0
2591,0.256,ok,37.547,2247.320,71.6,52.3,0.0
2592,0.304,ok,37.547,2247.320,71.6,52.3,0.0
2593,0.250,ok,37.547,2247.320,71.6,52.3,0.0
2594,0.243,ok,37.547,2247.320,71.6,52.3,0.0
2595,0.305,ok,37.547,2247.320,71.6,52.3,0.0
2596,0.222,ok,37.547,2247.320,71.6,52.3,0.0
2597,0.305,ok,37.547,2247.320,71.6,52.3,0.0
2598,0.341,ok,37.547,2247.320,71.6,52.3,0.0
2599,0.241,ok,37.547,2247.320,71.6,52.3,0.0
2600,0.230,ok,37.547,2247.320,71.6,52.3,0.0
2601,0.215,ok,37.547,2247.320,71.6,52.3,0.0
2602,0.206,ok,37.547,2247.320,71.6,52.3,0.0
2603,0.202,ok,37.547,2247.320,71.6,52.3,0.0
2604,0.191,ok,37.547,2247.320,71.6,52.3,0.0
2605,0.187,ok,37.547,2247.320,71.6,52.3,0.0
2606,0.167,ok,37.547,2247.320,71.6,52.3,0.0
2607,0.170,ok,37.547,2247.320,71.6,52.3,0.0
2608,0.181,ok,37.547,2247.320,71.6,52.3,0.0
2609,0.181,ok,37.547,2247.320,71.6,52.3,0.0
2610,0.177,ok,37.547,2247.320,71.6,52.3,0.0
2611,0.173,ok,37.547,2247.320,71.6,52.3,0.0
2612,0.170,ok,37.547,2247.320,71.6,52.3,0.0
2613,0.169,ok,37.547,2247.320,71.6,52.3,0.0
2614,0.313,ok,37.547,2247.320,71.6,52.3,0.0
2615,0.252,ok,37.547,2247.320,71.6,52.3,0.0
2616,0.178,ok,37.547,2247.320,71.6,52.3,0.0
2617,0.160,ok,37.547,2247.320,71.6,52.3,0.0
2618,0.151,ok,37.547,2247.320,71.6,52.3,0.0
2619,0.155,ok,37.547,2247.320,71.6,52.3,0.0
2620,0.149,ok,37.547,2247.320,71.6,52.3,0.0
2621,0.158,ok,37.547,2247.320,71.6,52.3,0.0
2622,0.263,ok,37.547,2247.320,71.6,52.3,0.0
2623,0.239,ok,37.547,2247.320,71.6,52.3,0.0
2624,0.255,ok,37.547,2247.320,71.6,52.3,0.0
2625,0.260,ok,37.547,2247.320,71.6,52.3,0.0
2626,0.233,ok,37.547,2247.320,71.6,52.3,0.0
2627,0.228,ok,37.547,2247.320,71.6,52.3,0.0
2628,0.237,ok,37.547,2247.320,71.6,52.3,0.0
2629,0.263,ok,37.547,2247.320,71.6,52.3,0.0
2630,0.237,ok,37.547,2247.320,71.6,52.3,0.0
2631,0.230,ok,37.547,2247.320,71.6,52.3,0.0
2632,0.231,ok,37.547,2247.320,71.6,52.3,0.0
2633,0.229,ok,37.547,2247.320,71.6,52.3,0.0
2634,0.225,ok,37.547,2247.320,71.6,52.3,0.0
2635,0.262,ok,37.547,2247.320,71.6,52.3,0.0
2636,0.242,ok,37.547,2247.320,71.6,52.3,0.0
2637,0.230,ok,37.547,2247.320,71.6,52.3,0.0
2638,0.222,ok,37.547,2247.320,71.6,52.3,0.0
2639,0.222,ok,37.547,2247.320,71.6,52.3,0.0
2640,0.220,ok,37.547,2247.320,71.6,52.3,0.0
2641,0.230,ok,37.547,2247.320,71.6,52.3,0.0
2642,0.231,ok,37.547,2247.320,71.6,52.3,0.0
2643,0.267,ok,37.547,2247.320,71.6,52.3,0.0
2644,0.238,ok,37.547,2247.320,71.6,52.3,0.0
2645,0.259,ok,37.547,2247.320,71.6,52.3,0.0
2646,0.238,ok,37.547,2247.320,71.6,52.3,0.0
2647,0.189,ok,37.547,2247.320,71.6,52.3,0.0
2648,0.186,ok,37.547,2247.320,71.6,52.3,0.0
2649,0.177,ok,37.547,2247.320,71.6,52.3,0.0
2650,0.222,ok,37.547,2247.320,71.6,52.3,0.0
2651,0.245,ok,37.547,2247.320,71.6,52.3,0.0
2652,0.226,ok,37.547,2247.320,71.6,52.3,0.0
2653,0.198,ok,37.547,2247.320,71.6,52.3,0.0
2654,0.196,ok,37.547,2247.320,71.6,52.3,0.0
2655,0.206,ok,37.547,2247.320,71.6,52.3,0.0
2656,0.237,ok,37.547,2247.320,71.6,52.3,0.0
2657,0.193,ok,37.547,2247.320,71.6,52.3,0.0
2658,0.213,ok,37.547,2247.320,71.6,52.3,0.0
2659,0.204,ok,37.547,2247.320,71.6,52.3,0.0
2660,0.185,ok,37.547,2247.320,71.6,52.3,0.0
2661,0.193,ok,37.547,2247.320,71.6,52.3,0.0
2662,0.212,ok,37.547,2247.320,71.6,52.3,0.0
2663,0.180,ok,37.547,2247.320,71.6,52.3,0.0
2664,0.182,ok,37.547,2247.320,71.6,52.3,0.0
2665,0.186,ok,37.547,2247.320,71.6,52.3,0.0
2666,0.176,ok,37.547,2247.320,71.6,52.3,0.0
2667,0.180,ok,37.547,2247.320,71.6,52.3,0.0
2668,0.178,ok,37.547,2247.320,71.6,52.3,0.0
2669,0.179,ok,37.547,2247.320,71.6,52.3,0.0
2670,0.211,ok,37.547,2247.320,71.6,52.3,0.0
2671,0.197,ok,37.547,2247.320,71.6,52.3,0.0
2672,0.220,ok,37.547,2247.320,71.6,52.3,0.0
2673,0.180,ok,37.547,2247.320,71.6,52.3,0.0
2674,0.167,ok,37.547,2247.320,71.6,52.3,0.0
2675,0.204,ok,37.547,2247.320,71.6,52.3,0.0
2676,0.218,ok,37.547,2247.320,71.6,52.3,0.0
2677,0.203,ok,37.547,2247.320,71.6,52.3,0.0
2678,0.228,ok,37.547,2247.320,71.6,52.3,0.0
2679,0.195,ok,37.547,2247.320,71.6,52.3,0.0
2680,0.222,ok,37.547,2247.320,71.6,52.3,0.0
2681,0.188,ok,37.547,2247.320,71.6,52.3,0.0
2682,0.176,ok,37.547,2247.320,71.6,52.3,0.0
2683,0.176,ok,37.547,2247.320,71.6,52.3,0.0
2684,0.171,ok,37.547,2247.320,71.6,52.3,0.0
2685,0.185,ok,37.547,2247.320,71.6,52.3,0.0
2686,0.175,ok,37.547,2247.320,71.6,52.3,0.0
2687,0.176,ok,37.547,2247.320,71.6,52.3,0.0
2688,0.173,ok,37.547,2247.320,71.6,52.3,0.0
2689,0.176,ok,37.547,2247.320,71.6,52.3,0.0
2690,0.214,ok,37.547,2247.320,71.6,52.3,0.0
2691,0.181,ok,37.547,2247.320,71.6,52.3,0.0
2692,0.205,ok,37.547,2247.320,71.6,52.3,0.0
2693,0.187,ok,37.547,2247.320,71.6,52.3,0.0
2694,0.170,ok,37.547,2247.320,71.6,52.3,0.0
2695,0.174,ok,37.547,2247.320,71.6,52.3,0.0
2696,0.206,ok,37.547,2247.320,71.6,52.3,0.0
2697,0.187,ok,37.547,2247.320,71.6,52.3,0.0
2698,0.176,ok,37.547,2247.320,71.6,52.3,0.0
2699,0.244,ok,37.547,2247.320,71.6,52.3,0.0
2700,0.176,ok,37.547,2247.320,71.6,52.3,0.0
2701,0.205,ok,37.547,2247.320,71.6,52.3,0.0
2702,0.201,ok,37.547,2247.320,71.6,52.3,0.0
2703,0.195,ok,37.547,2247.320,71.6,52.3,0.0
2704,0.185,ok,37.547,2247.320,71.6,52.3,0.0
2705,0.185,ok,37.547,2247.320,71.6,52.3,0.0
2706,0.194,ok,37.547,2247.320,71.6,52.3,0.0
2707,0.189,ok,37.547,2247.320,71.6,52.3,0.0
2708,0.187,ok,37.547,2247.320,71.6,52.3,0.0
2709,0.210,ok,37.547,2247.320,71.6,52.3,0.0
2710,0.227,ok,37.547,2247.320,71.6,52.3,0.0
2711,0.220,ok,37.547,2247.320,71.6,52.3,0.0
2712,0.222,ok,37.547,2247.320,71.6,52.3,0.0
2713,0.191,ok,37.547,2247.320,71.6,52.3,0.0
2714,0.190,ok,37.547,2247.320,71.6,52.3,0.0
2715,0.245,ok,37.547,2247.320,71.6,52.3,0.0
2716,0.196,ok,37.547,2247.320,71.6,52.3,0.0
2717,0.227,ok,37.547,2247.320,71.6,52.3,0.0
2718,0.181,ok,37.547,2247.320,71.6,52.3,0.0
2719,0.249,ok,37.547,2247.320,71.6,52.3,0.0
2720,0.271,ok,37.547,2247.320,71.6,52.3,0.0
2721,0.229,ok,37.547,2247.320,71.6,52.3,0.0
2722,0.220,ok,37.547,2247.320,71.6,52.3,0.0
2723,0.245,ok,37.547,2247.320,71.6,52.3,0.0
2724,0.228,ok,37.547,2247.320,71.6,52.3,0.0
2725,0.269,ok,37.547,2247.320,71.6,52.3,0.0
2726,0.221,ok,37.547,2247.320,71.6,52.3,0.0
2727,0.221,ok,37.547,2247.320,71.6,52.3,0.0
2728,0.246,ok,37.547,2247.320,71.6,52.3,0.0
2729,0.205,ok,37.547,2247.320,71.6,52.3,0.0
2730,0.205,ok,37.547,2247.320,71.6,52.3,0.0
2731,0.195,ok,37.547,2247.320,71.6,52.3,0.0
2732,0.229,ok,37.547,2247.320,71.6,52.3,0.0
2733,0.201,ok,37.547,2247.320,71.6,52.3,0.0
2734,0.204,ok,37.547,2247.320,71.6,52.3,0.0
2735,0.193,ok,37.547,2247.320,71.6,52.3,0.0
2736,0.239,ok,37.547,2247.320,71.6,52.3,0.0
2737,0.192,ok,37.547,2247.320,71.6,52.3,0.0
2738,0.206,ok,37.547,2247.320,71.6,52.3,0.0
2739,0.196,ok,37.547,2247.320,71.6,52.3,0.0
2740,0.234,ok,37.547,2247.320,71.6,52.3,0.0
2741,0.190,ok,37.547,2247.320,71.6,52.3,0.0
2742,0.231,ok,37.547,2247.320,71.6,52.3,0.0
2743,0.268,ok,37.547,2247.320,71.6,52.3,0.0
2744,0.361,ok,37.547,2247.320,71.6,52.3,0.0
2745,0.311,ok,37.547,2247.320,71.6,52.3,0.0
2746,0.298,ok,37.547,2247.320,71.6,52.3,0.0
2747,0.276,ok,37.547,2247.320,71.6,52.3,0.0
2748,0.259,ok,37.547,2247.320,71.6,52.3,0.0
2749,0.272,ok,37.547,2247.320,71.6,52.3,0.0
2750,0.252,ok,37.547,2247.320,71.6,52.3,0.0
2751,0.250,ok,37.547,2247.320,71.6,52.3,0.0
2752,0.245,ok,37.547,2247.320,71.6,52.3,0.0
2753,0.250,ok,37.547,2247.320,71.6,52.3,0.0
2754,0.248,ok,37.547,2247.320,71.6,52.3,0.0
2755,0.249,ok,37.547,2247.320,71.6,52.3,0.0
2756,0.266,ok,37.547,2247.320,71.6,52.3,0.0
2757,0.327,ok,37.547,2247.320,71.6,52.3,0.0
2758,0.267,ok,37.547,2247.320,71.6,52.3,0.0
2759,0.260,ok,37.547,2247.320,71.6,52.3,0.0
2760,0.243,ok,37.547,2247.320,71.6,52.3,0.0
2761,0.331,ok,37.547,2247.320,71.6,52.3,0.0
2762,0.251,ok,37.547,2247.320,71.6,52.3,0.0
2763,0.281,ok,37.547,2247.320,71.6,52.3,0.0
2764,0.246,ok,37.547,2247.320,71.6,52.3,0.0
2765,0.262,ok,37.547,2247.320,71.6,52.3,0.0
2766,0.255,ok,37.547,2247.320,71.6,52.3,0.0
2767,0.202,ok,37.547,2247.320,71.6,52.3,0.0
2768,0.181,ok,37.547,2247.320,71.6,52.3,0.0
2769,0.226,ok,37.547,2247.320,71.6,52.3,0.0
2770,0.212,ok,37.547,2247.320,71.6,52.3,0.0
2771,0.183,ok,37.547,2247.320,71.6,52.3,0.0
2772,0.176,ok,37.547,2247.320,71.6,52.3,0.0
2773,0.179,ok,37.547,2247.320,71.6,52.3,0.0
2774,0.183,ok,37.547,2247.320,71.6,52.3,0.0
2775,0.183,ok,37.547,2247.320,71.6,52.3,0.0
2776,0.175,ok,37.547,2247.320,71.6,52.3,0.0
2777,0.211,ok,37.547,2247.320,71.6,52.3,0.0
2778,0.173,ok,37.547,2247.320,71.6,52.3,0.0
2779,0.182,ok,37.547,2247.320,71.6,52.3,0.0
2780,0.270,ok,37.547,2247.320,71.6,52.3,0.0
2781,0.194,ok,37.547,2247.320,71.6,52.3,0.0
2782,0.156,ok,37.547,2247.320,71.6,52.3,0.0
2783,0.153,ok,37.547,2247.320,71.6,52.3,0.0
2784,0.184,ok,37.547,2247.320,71.6,52.3,0.0
2785,0.270,ok,37.547,2247.320,71.6,52.3,0.0
2786,0.273,ok,37.547,2247.320,71.6,52.3,0.0
2787,0.507,ok,37.547,2247.320,71.6,52.3,0.0
2788,0.351,ok,37.547,2247.320,71.6,52.3,0.0
2789,0.388,ok,37.547,2247.320,71.6,52.3,0.0
2790,0.366,ok,37.547,2247.320,71.6,52.3,0.0
2791,0.364,ok,37.547,2247.320,71.6,52.3,0.0
2792,0.277,ok,37.547,2247.320,71.6,52.3,0.0
2793,0.252,ok,37.547,2247.320,71.6,52.3,0.0
2794,0.326,ok,37.547,2247.320,71.6,52.3,0.0
2795,0.307,ok,37.547,2247.320,71.6,52.3,0.0
2796,0.297,ok,37.547,2247.320,71.6,52.3,0.0
2797,0.293,ok,37.547,2247.320,71.6,52.3,0.0
2798,0.335,ok,37.547,2247.320,71.6,52.3,0.0
2799,0.267,ok,37.547,2247.320,71.6,52.3,0.0
2800,0.259,ok,37.547,2247.320,71.6,52.3,0.0
2801,0.264,ok,37.547,2247.320,71.6,52.3,0.0
2802,0.258,ok,37.547,2247.320,71.6,52.3,0.0
2803,0.253,ok,37.547,2247.320,71.6,52.3,0.0
2804,0.308,ok,37.547,2247.320,71.6,52.3,0.0
2805,0.304,ok,37.547,2247.320,71.6,52.3,0.0
2806,0.318,ok,37.547,2247.320,71.6,52.3,0.0
2807,0.267,ok,37.547,2247.320,71.6,52.3,0.0
2808,0.237,ok,37.547,2247.320,71.6,52.3,0.0
2809,0.318,ok,37.547,2247.320,71.6,52.3,0.0
2810,0.306,ok,37.547,2247.320,71.6,52.3,0.0
2811,0.296,ok,37.547,2247.320,71.6,52.3,0.0
2812,0.284,ok,37.547,2247.320,71.6,52.3,0.0
2813,0.292,ok,37.547,2247.320,71.6,52.3,0.0
2814,0.286,ok,37.547,2247.320,71.6,52.3,0.0
2815,0.264,ok,37.547,2247.320,71.6,52.3,0.0
2816,0.274,ok,37.547,2247.320,71.6,52.3,0.0
2817,0.262,ok,37.547,2247.320,71.6,52.3,0.0
2818,0.270,ok,37.547,2247.320,71.6,52.3,0.0
2819,0.259,ok,37.547,2247.320,71.6,52.3,0.0
2820,0.260,ok,37.547,2247.320,71.6,52.3,0.0
2821,0.257,ok,37.547,2247.320,71.6,52.3,0.0
2822,0.256,ok,37.547,2247.320,71.6,52.3,0.0
2823,0.298,ok,37.547,2247.320,71.6,52.3,0.0
2824,0.271,ok,37.547,2247.320,71.6,52.3,0.0
2825,0.282,ok,37.547,2247.320,71.6,52.3,0.0
2826,0.261,ok,37.547,2247.320,71.6,52.3,0.0
2827,0.318,ok,37.547,2247.320,71.6,52.3,0.0
2828,0.258,ok,37.547,2247.320,71.6,52.3,0.0
2829,0.262,ok,37.547,2247.320,71.6,52.3,0.0
2830,0.252,ok,37.547,2247.320,71.6,52.3,0.0
2831,0.252,ok,37.547,2247.320,71.6,52.3,0.0
2832,0.252,ok,37.547,2247.320,71.6,52.3,0.0
2833,0.262,ok,37.547,2247.320,71.6,52.3,0.0
2834,0.249,ok,37.547,2247.320,71.6,52.3,0.0
2835,0.252,ok,37.547,2247.320,71.6,52.3,0.0
2836,0.254,ok,37.547,2247.320,71.6,52.3,0.0
2837,0.277,ok,37.547,2247.320,71.6,52.3,0.0
2838,0.229,ok,37.547,2247.320,71.6,52.3,0.0
2839,0.193,ok,37.547,2247.320,71.6,52.3,0.0
2840,0.184,ok,37.547,2247.320,71.6,52.3,0.0
2841,0.198,ok,37.547,2247.320,71.6,52.3,0.0
2842,0.187,ok,37.547,2247.320,71.6,52.3,0.0
2843,0.237,ok,37.547,2247.320,71.6,52.3,0.0
2844,0.268,ok,37.547,2247.320,71.6,52.3,0.0
2845,0.270,ok,37.547,2247.320,71.6,52.3,0.0
2846,0.261,ok,37.547,2247.320,71.6,52.3,0.0
2847,0.254,ok,37.547,2247.320,71.6,52.3,0.0
2848,0.347,ok,37.547,2247.320,71.6,52.3,0.0
2849,0.263,ok,37.547,2247.320,71.6,52.3,0.0
2850,0.257,ok,37.547,2247.320,71.6,52.3,0.0
2851,0.251,ok,37.547,2247.320,71.6,52.3,0.0
2852,0.255,ok,37.547,2247.320,71.6,52.3,0.0
2853,0.247,ok,37.547,2247.320,71.6,52.3,0.0
2854,0.248,ok,37.547,2247.320,71.6,52.3,0.0
2855,0.243,ok,37.547,2247.320,71.6,52.3,0.0
2856,0.248,ok,37.547,2247.320,71.6,52.3,0.0
2857,0.256,ok,37.547,2247.320,71.6,52.3,0.0
2858,0.257,ok,37.547,2247.320,71.6,52.3,0.0
2859,0.252,ok,37.547,2247.320,71.6,52.3,0.0
2860,0.244,ok,37.547,2247.320,71.6,52.3,0.0
2861,0.257,ok,37.547,2247.320,71.6,52.3,0.0
2862,0.284,ok,37.547,2247.320,71.6,52.3,0.0
2863,0.322,ok,37.547,2247.320,71.6,52.3,0.0
2864,0.273,ok,37.547,2247.320,71.6,52.3,0.0
2865,0.267,ok,37.547,2247.320,71.6,52.3,0.0
2866,0.303,ok,37.547,2247.320,71.6,52.3,0.0
2867,0.266,ok,37.547,2247.320,71.6,52.3,0.0
2868,0.282,ok,37.547,2247.320,71.6,52.3,0.0
2869,0.269,ok,37.547,2247.320,71.6,52.3,0.0
2870,0.351,ok,37.547,2247.320,71.6,52.3,0.0
2871,0.272,ok,37.547,2247.320,71.6,52.3,0.0
2872,0.261,ok,37.547,2247.320,71.6,52.3,0.0
2873,0.262,ok,37.547,2247.320,71.6,52.3,0.0
2874,0.257,ok,37.547,2247.320,71.6,52.3,0.0
2875,0.270,ok,37.547,2247.320,71.6,52.3,0.0
2876,0.276,ok,37.547,2247.320,71.6,52.3,0.0
2877,0.265,ok,37.547,2247.320,71.6,52.3,0.0
2878,0.258,ok,37.547,2247.320,71.6,52.3,0.0
2879,0.280,ok,37.547,2247.320,71.6,52.3,0.0
2880,0.292,ok,37.547,2247.320,71.6,52.3,0.0
2881,0.268,ok,37.547,2247.320,71.6,52.3,0.0
2882,0.252,ok,37.547,2247.320,71.6,52.3,0.0
2883,0.252,ok,37.547,2247.320,71.6,52.3,0.0
2884,0.246,ok,37.547,2247.320,71.6,52.3,0.0
2885,0.248,ok,37.547,2247.320,71.6,52.3,0.0
2886,0.249,ok,37.547,2247.320,71.6,52.3,0.0
2887,0.250,ok,37.547,2247.320,71.6,52.3,0.0
2888,0.244,ok,37.547,2247.320,71.6,52.3,0.0
2889,0.245,ok,37.547,2247.320,71.6,52.3,0.0
2890,0.255,ok,37.547,2247.320,71.6,52.3,0.0
2891,0.313,ok,37.547,2247.320,71.6,52.3,0.0
2892,0.246,ok,37.547,2247.320,71.6,52.3,0.0
2893,0.250,ok,37.547,2247.320,71.6,52.3,0.0
2894,0.251,ok,37.547,2247.320,71.6,52.3,0.0
2895,0.258,ok,37.547,2247.320,71.6,52.3,0.0
2896,0.244,ok,37.547,2247.320,71.6,52.3,0.0
2897,0.244,ok,37.547,2247.320,71.6,52.3,0.0
2898,0.251,ok,37.547,2247.320,71.6,52.3,0.0
2899,0.263,ok,37.547,2247.320,71.6,52.3,0.0
2900,0.258,ok,37.547,2247.320,71.6,52.3,0.0
2901,0.248,ok,37.547,2247.320,71.6,52.3,0.0
2902,0.309,ok,37.547,2247.320,71.6,52.3,0.0
2903,0.253,ok,37.547,2247.320,71.6,52.3,0.0
2904,0.237,ok,37.547,2247.320,71.6,52.3,0.0
2905,0.231,ok,37.547,2247.320,71.6,52.3,0.0
2906,0.242,ok,37.547,2247.320,71.6,52.3,0.0
2907,0.237,ok,37.547,2247.320,71.6,52.3,0.0
2908,0.234,ok,37.547,2247.320,71.6,52.3,0.0
2909,0.229,ok,37.547,2247.320,71.6,52.3,0.0
2910,0.241,ok,37.547,2247.320,71.6,52.3,0.0
2911,0.239,ok,37.547,2247.320,71.6,52.3,0.0
2912,0.283,ok,37.547,2247.320,71.6,52.3,0.0
2913,0.236,ok,37.547,2247.320,71.6,52.3,0.0
2914,0.244,ok,37.547,2247.320,71.6,52.3,0.0
2915,0.238,ok,37.547,2247.320,71.6,52.3,0.0
2916,0.240,ok,37.547,2247.320,71.6,52.3,0.0
2917,0.232,ok,37.547,2247.320,71.6,52.3,0.0
2918,0.235,ok,37.547,2247.320,71.6,52.3,0.0
2919,0.265,ok,37.547,2247.320,71.6,52.3,0.0
2920,0.268,ok,37.547,2247.320,71.6,52.3,0.0
2921,0.257,ok,37.547,2247.320,71.6,52.3,0.0
2922,0.253,ok,37.547,2247.320,71.6,52.3,0.0
2923,0.237,ok,37.547,2247.320,71.6,52.3,0.0
2924,0.236,ok,37.547,2247.320,71.6,52.3,0.0
2925,0.232,ok,37.547,2247.320,71.6,52.3,0.0
2926,0.239,ok,37.547,2247.320,71.6,52.3,0.0
2927,0.235,ok,37.547,2247.320,71.6,52.3,0.0
2928,0.235,ok,37.547,2247.320,71.6,52.3,0.0
2929,0.229,ok,37.547,2247.320,71.6,52.3,0.0
2930,0.233,ok,37.547,2247.320,71.6,52.3,0.0
2931,0.243,ok,37.547,2247.320,71.6,52.3,0.0
2932,0.241,ok,37.547,2247.320,71.6,52.3,0.0
2933,0.231,ok,37.547,2247.320,71.6,52.3,0.0
2934,0.283,ok,37.547,2247.320,71.6,52.3,0.0
2935,0.278,ok,37.547,2247.320,71.6,52.3,0.0
2936,0.278,ok,37.547,2247.320,71.6,52.3,0.0
2937,0.242,ok,37.547,2247.320,71.6,52.3,0.0
2938,0.244,ok,37.547,2247.320,71.6,52.3,0.0
2939,0.241,ok,37.547,2247.320,71.6,52.3,0.0
2940,0.266,ok,37.547,2247.320,71.6,52.3,0.0
2941,0.262,ok,37.547,2247.320,71.6,52.3,0.0
2942,0.255,ok,37.547,2247.320,71.6,52.3,0.0
2943,0.235,ok,37.547,2247.320,71.6,52.3,0.0
2944,0.247,ok,37.547,2247.320,71.6,52.3,0.0
2945,0.233,ok,37.547,2247.320,71.6,52.3,0.0
2946,0.232,ok,37.547,2247.320,71.6,52.3,0.0
2947,0.241,ok,37.547,2247.320,71.6,52.3,0.0
2948,0.237,ok,37.547,2247.320,71.6,52.3,0.0
2949,0.233,ok,37.547,2247.320,71.6,52.3,0.0
2950,0.253,ok,37.547,2247.320,71.6,52.3,0.0
2951,0.299,ok,37.547,2247.320,71.6,52.3,0.0
2952,0.332,ok,37.547,2247.320,71.6,52.3,0.0
2953,0.334,ok,37.547,2247.320,71.6,52.3,0.0
2954,0.312,ok,37.547,2247.320,71.6,52.3,0.0
2955,0.401,ok,37.547,2247.320,71.6,52.3,0.0
2956,0.349,ok,37.547,2247.320,71.6,52.3,0.0
2957,0.334,ok,37.547,2247.320,71.6,52.3,0.0
2958,0.273,ok,37.547,2247.320,71.6,52.3,0.0
2959,0.281,ok,37.547,2247.320,71.6,52.3,0.0
2960,0.287,ok,37.547,2247.320,71.6,52.3,0.0
2961,0.301,ok,37.547,2247.320,71.6,52.3,0.0
2962,0.263,ok,37.547,2247.320,71.6,52.3,0.0
2963,0.257,ok,37.547,2247.320,71.6,52.3,0.0
2964,0.248,ok,37.547,2247.320,71.6,52.3,0.0
2965,0.256,ok,37.547,2247.320,71.6,52.3,0.0
2966,0.249,ok,37.547,2247.320,71.6,52.3,0.0
2967,0.268,ok,37.547,2247.320,71.6,52.3,0.0
2968,0.249,ok,37.547,2247.320,71.6,52.3,0.0
2969,0.264,ok,37.547,2247.320,71.6,52.3,0.0
2970,0.295,ok,37.547,2247.320,71.6,52.3,0.0
2971,0.332,ok,37.547,2247.320,71.6,52.3,0.0
2972,0.273,ok,37.547,2247.320,71.6,52.3,0.0
2973,0.237,ok,37.547,2247.320,71.6,52.3,0.0
2974,0.204,ok,37.547,2247.320,71.6,52.3,0.0
2975,0.214,ok,37.547,2247.320,71.6,52.3,0.0
2976,0.286,ok,37.547,2247.320,71.6,52.3,0.0
2977,0.319,ok,37.547,2247.320,71.6,52.3,0.0
2978,0.258,ok,37.547,2247.320,71.6,52.3,0.0
2979,0.214,ok,37.547,2247.320,71.6,52.3,0.0
2980,0.205,ok,37.547,2247.320,71.6,52.3,0.0
2981,0.200,ok,37.547,2247.320,71.6,52.3,0.0
2982,0.188,ok,37.547,2247.320,71.6,52.3,0.0
2983,0.180,ok,37.547,2247.320,71.6,52.3,0.0
2984,0.247,ok,37.547,2247.320,71.6,52.3,0.0
2985,0.144,ok,37.547,2247.320,71.6,52.3,0.0
2986,0.131,ok,37.547,2247.320,71.6,52.3,0.0
2987,0.127,ok,37.547,2247.320,71.6,52.3,0.0
2988,0.125,ok,37.547,2247.320,71.6,52.3,0.0
2989,0.124,ok,37.547,2247.320,71.6,52.3,0.0
2990,0.121,ok,37.547,2247.320,71.6,52.3,0.0
2991,0.129,ok,37.547,2247.320,71.6,52.3,0.0
2992,0.124,ok,37.547,2247.320,71.6,52.3,0.0
2993,0.123,ok,37.547,2247.320,71.6,52.3,0.0
2994,0.120,ok,37.547,2247.320,71.6,52.3,0.0
2995,0.123,ok,37.547,2247.320,71.6,52.3,0.0
2996,0.122,ok,37.547,2247.320,71.6,52.3,0.0
2997,0.122,ok,37.547,2247.320,71.6,52.3,0.0
2998,0.172,ok,37.547,2247.320,71.6,52.3,0.0
2999,0.132,ok,37.547,2247.320,71.6,52.3,0.0
3000,0.133,ok,37.547,2247.320,71.6,52.3,0.0
3001,0.130,ok,37.547,2247.320,71.6,52.3,0.0
3002,0.133,ok,37.547,2247.320,71.6,52.3,0.0
3003,0.127,ok,37.547,2247.320,71.6,52.3,0.0
3004,0.124,ok,37.547,2247.320,71.6,52.3,0.0
3005,0.120,ok,37.547,2247.320,71.6,52.3,0.0
3006,0.181,ok,37.547,2247.320,71.6,52.3,0.0
3007,0.188,ok,37.547,2247.320,71.6,52.3,0.0
3008,0.280,ok,37.547,2247.320,71.6,52.3,0.0
3009,0.264,ok,37.547,2247.320,71.6,52.3,0.0
3010,0.258,ok,37.547,2247.320,71.6,52.3,0.0
3011,0.256,ok,37.547,2247.320,71.6,52.3,0.0
3012,0.250,ok,37.547,2247.320,71.6,52.3,0.0
3013,0.246,ok,37.547,2247.320,71.6,52.3,0.0
3014,0.251,ok,37.547,2247.320,71.6,52.3,0.0
3015,0.251,ok,37.547,2247.320,71.6,52.3,0.0
3016,0.251,ok,37.547,2247.320,71.6,52.3,0.0
3017,0.247,ok,37.547,2247.320,71.6,52.3,0.0
3018,0.250,ok,37.547,2247.320,71.6,52.3,0.0
3019,0.306,ok,37.547,2247.320,71.6,52.3,0.0
3020,0.251,ok,37.547,2247.320,71.6,52.3,0.0
3021,0.246,ok,37.547,2247.320,71.6,52.3,0.0
3022,0.253,ok,37.547,2247.320,71.6,52.3,0.0
3023,0.265,ok,37.547,2247.320,71.6,52.3,0.0
3024,0.249,ok,37.547,2247.320,71.6,52.3,0.0
3025,0.248,ok,37.547,2247.320,71.6,52.3,0.0
3026,0.254,ok,37.547,2247.320,71.6,52.3,0.0
3027,0.273,ok,37.547,2247.320,71.6,52.3,0.0
3028,0.270,ok,37.547,2247.320,71.6,52.3,0.0
3029,0.256,ok,37.547,2247.320,71.6,52.3,0.0
3030,0.261,ok,37.547,2247.320,71.6,52.3,0.0
3031,0.249,ok,37.547,2247.320,71.6,52.3,0.0
3032,0.250,ok,37.547,2247.320,71.6,52.3,0.0
3033,0.264,ok,37.547,2247.320,71.6,52.3,0.0
3034,0.260,ok,37.547,2247.320,71.6,52.3,0.0
3035,0.253,ok,37.547,2247.320,71.6,52.3,0.0
3036,0.251,ok,37.547,2247.320,71.6,52.3,0.0
3037,0.272,ok,37.547,2247.320,71.6,52.3,0.0
3038,0.258,ok,37.547,2247.320,71.6,52.3,0.0
3039,0.254,ok,37.547,2247.320,71.6,52.3,0.0
3040,0.298,ok,37.547,2247.320,71.6,52.3,0.0
3041,0.265,ok,37.547,2247.320,71.6,52.3,0.0
3042,0.258,ok,37.547,2247.320,71.6,52.3,0.0
3043,0.250,ok,37.547,2247.320,71.6,52.3,0.0
3044,0.246,ok,37.547,2247.320,71.6,52.3,0.0
3045,0.249,ok,37.547,2247.320,71.6,52.3,0.0
3046,0.262,ok,37.547,2247.320,71.6,52.3,0.0
3047,0.262,ok,37.547,2247.320,71.6,52.3,0.0
3048,0.258,ok,37.547,2247.320,71.6,52.3,0.0
3049,0.253,ok,37.547,2247.320,71.6,52.3,0.0
3050,0.255,ok,37.547,2247.320,71.6,52.3,0.0
3051,0.261,ok,37.547,2247.320,71.6,52.3,0.0
3052,0.252,ok,37.637,2247.320,72.0,52.3,0.0
3053,0.253,ok,37.637,2247.320,72.0,52.3,0.0
3054,0.254,ok,37.637,2247.320,72.0,52.3,0.0
3055,0.251,ok,37.637,2247.320,72.0,52.3,0.0
3056,0.247,ok,37.637,2247.320,72.0,52.3,0.0
3057,0.255,ok,37.637,2247.320,72.0,52.3,0.0
3058,0.252,ok,37.637,2247.320,72.0,52.3,0.0
3059,0.252,ok,37.637,2247.320,72.0,52.3,0.0
3060,0.296,ok,37.637,2247.320,72.0,52.3,0.0
3061,0.278,ok,37.637,2247.320,72.0,52.3,0.0
3062,0.398,ok,37.637,2247.320,72.0,52.3,0.0
3063,0.293,ok,37.637,2247.320,72.0,52.3,0.0
3064,0.277,ok,37.637,2247.320,72.0,52.3,0.0
3065,0.267,ok,37.637,2247.320,72.0,52.3,0.0
3066,0.264,ok,37.637,2247.320,72.0,52.3,0.0
3067,0.261,ok,37.637,2247.320,72.0,52.3,0.0
3068,0.259,ok,37.637,2247.320,72.0,52.3,0.0
3069,0.253,ok,37.637,2247.320,72.0,52.3,0.0
3070,0.249,ok,37.637,2247.320,72.0,52.3,0.0
3071,0.251,ok,37.637,2247.320,72.0,52.3,0.0
3072,0.249,ok,37.637,2247.320,72.0,52.3,0.0
3073,0.248,ok,37.637,2247.320,72.0,52.3,0.0
3074,0.250,ok,37.637,2247.320,72.0,52.3,0.0
3075,0.254,ok,37.637,2247.320,72.0,52.3,0.0
3076,0.253,ok,37.637,2247.320,72.0,52.3,0.0
3077,0.252,ok,37.637,2247.320,72.0,52.3,0.0
3078,0.248,ok,37.637,2247.320,72.0,52.3,0.0
3079,0.252,ok,37.637,2247.320,72.0,52.3,0.0
3080,0.249,ok,37.637,2247.320,72.0,52.3,0.0
3081,0.249,ok,37.637,2247.320,72.0,52.3,0.0
3082,0.248,ok,37.637,2247.320,72.0,52.3,0.0
3083,0.314,ok,37.637,2247.320,72.0,52.3,0.0
3084,0.305,ok,37.637,2247.320,72.0,52.3,0.0
3085,0.242,ok,37.637,2247.320,72.0,52.3,0.0
3086,0.233,ok,37.637,2247.320,72.0,52.3,0.0
3087,0.237,ok,37.637,2247.320,72.0,52.3,0.0
3088,0.210,ok,37.637,2247.320,72.0,52.3,0.0
3089,0.207,ok,37.637,2247.320,72.0,52.3,0.0
3090,0.202,ok,37.637,2247.320,72.0,52.3,0.0
3091,0.203,ok,37.637,2247.320,72.0,52.3,0.0
3092,0.214,ok,37.637,2247.320,72.0,52.3,0.0
3093,0.209,ok,37.637,2247.320,72.0,52.3,0.0
3094,0.204,ok,37.637,2247.320,72.0,52.3,0.0
3095,0.202,ok,37.637,2247.320,72.0,52.3,0.0
3096,0.207,ok,37.637,2247.320,72.0,52.3,0.0
3097,0.217,ok,37.637,2247.320,72.0,52.3,0.0
3098,0.211,ok,37.637,2247.320,72.0,52.3,0.0
3099,0.205,ok,37.637,2247.320,72.0,52.3,0.0
3100,0.204,ok,37.637,2247.320,72.0,52.3,0.0
3101,0.209,ok,37.637,2247.320,72.0,52.3,0.0
3102,0.219,ok,37.637,2247.320,72.0,52.3,0.0
3103,0.208,ok,37.637,2247.320,72.0,52.3,0.0
3104,0.241,ok,37.637,2247.320,72.0,52.3,0.0
3105,0.217,ok,37.637,2247.320,72.0,52.3,0.0
3106,0.212,ok,37.637,2247.320,72.0,52.3,0.0
3107,0.220,ok,37.637,2247.320,72.0,52.3,0.0
3108,0.221,ok,37.637,2247.320,72.0,52.3,0.0
3109,0.234,ok,37.637,2247.320,72.0,52.3,0.0
3110,0.159,ok,37.637,2247.320,72.0,52.3,0.0
3111,0.151,ok,37.637,2247.320,72.0,52.3,0.0
3112,0.144,ok,37.637,2247.320,72.0,52.3,0.0
3113,0.149,ok,37.637,2247.320,72.0,52.3,0.0
3114,0.138,ok,37.637,2247.320,72.0,52.3,0.0
3115,0.136,ok,37.637,2247.320,72.0,52.3,0.0
3116,0.136,ok,37.637,2247.320,72.0,52.3,0.0
3117,0.136,ok,37.637,2247.320,72.0,52.3,0.0
3118,0.147,ok,37.637,2247.320,72.0,52.3,0.0
3119,0.140,ok,37.637,2247.320,72.0,52.3,0.0
3120,0.139,ok,37.637,2247.320,72.0,52.3,0.0
3121,0.137,ok,37.637,2247.320,72.0,52.3,0.0
3122,0.136,ok,37.637,2247.320,72.0,52.3,0.0
3123,0.138,ok,37.637,2247.320,72.0,52.3,0.0
3124,0.136,ok,37.637,2247.320,72.0,52.3,0.0
3125,0.141,ok,37.637,2247.320,72.0,52.3,0.0
3126,0.183,ok,37.637,2247.320,72.0,52.3,0.0
3127,0.139,ok,37.637,2247.320,72.0,52.3,0.0
3128,0.138,ok,37.637,2247.320,72.0,52.3,0.0
3129,0.137,ok,37.637,2247.320,72.0,52.3,0.0
3130,0.138,ok,37.637,2247.320,72.0,52.3,0.0
3131,0.136,ok,37.637,2247.320,72.0,52.3,0.0
3132,0.146,ok,37.637,2247.320,72.0,52.3,0.0
3133,0.141,ok,37.637,2247.320,72.0,52.3,0.0
3134,0.143,ok,37.637,2247.320,72.0,52.3,0.0
3135,0.136,ok,37.637,2247.320,72.0,52.3,0.0
3136,0.134,ok,37.637,2247.320,72.0,52.3,0.0
3137,0.133,ok,37.637,2247.320,72.0,52.3,0.0
3138,0.132,ok,37.637,2247.320,72.0,52.3,0.0
3139,0.139,ok,37.637,2247.320,72.0,52.3,0.0
3140,0.141,ok,37.637,2247.320,72.0,52.3,0.0
3141,0.188,ok,37.637,2247.320,72.0,52.3,0.0
3142,0.155,ok,37.637,2247.320,72.0,52.3,0.0
3143,0.145,ok,37.637,2247.320,72.0,52.3,0.0
3144,0.137,ok,37.637,2247.320,72.0,52.3,0.0
3145,0.135,ok,37.637,2247.320,72.0,52.3,0.0
3146,0.144,ok,37.637,2247.320,72.0,52.3,0.0
3147,0.168,ok,37.637,2247.320,72.0,52.3,0.0
3148,0.150,ok,37.637,2247.320,72.0,52.3,0.0
3149,0.135,ok,37.637,2247.320,72.0,52.3,0.0
3150,0.133,ok,37.637,2247.320,72.0,52.3,0.0
3151,0.134,ok,37.637,2247.320,72.0,52.3,0.0
3152,0.149,ok,37.637,2247.320,72.0,52.3,0.0
3153,0.254,ok,37.637,2247.320,72.0,52.3,0.0
3154,0.330,ok,37.637,2247.320,72.0,52.3,0.0
3155,0.288,ok,37.637,2247.320,72.0,52.3,0.0
3156,0.237,ok,37.637,2247.320,72.0,52.3,0.0
3157,0.229,ok,37.637,2247.320,72.0,52.3,0.0
3158,0.239,ok,37.637,2247.320,72.0,52.3,0.0
3159,0.218,ok,37.637,2247.320,72.0,52.3,0.0
3160,0.159,ok,37.637,2247.320,72.0,52.3,0.0
3161,0.172,ok,37.637,2247.320,72.0,52.3,0.0
3162,0.157,ok,37.637,2247.320,72.0,52.3,0.0
3163,0.159,ok,37.637,2247.320,72.0,52.3,0.0
3164,0.151,ok,37.637,2247.320,72.0,52.3,0.0
3165,0.154,ok,37.637,2247.320,72.0,52.3,0.0
3166,0.169,ok,37.637,2247.320,72.0,52.3,0.0
3167,0.164,ok,37.637,2247.320,72.0,52.3,0.0
3168,0.196,ok,37.637,2247.320,72.0,52.3,0.0
3169,0.298,ok,37.637,2247.320,72.0,52.3,0.0
3170,0.213,ok,37.637,2247.320,72.0,52.3,0.0
3171,0.180,ok,37.637,2247.320,72.0,52.3,0.0
3172,0.265,ok,37.637,2247.320,72.0,52.3,0.0
3173,0.228,ok,37.637,2247.320,72.0,52.3,0.0
3174,0.215,ok,37.637,2247.320,72.0,52.3,0.0
3175,0.231,ok,37.637,2247.320,72.0,52.3,0.0
3176,0.221,ok,37.637,2247.320,72.0,52.3,0.0
3177,0.224,ok,37.637,2247.320,72.0,52.3,0.0
3178,0.227,ok,37.637,2247.320,72.0,52.3,0.0
3179,0.229,ok,37.637,2247.320,72.0,52.3,0.0
3180,0.246,ok,37.637,2247.320,72.0,52.3,0.0
3181,0.307,ok,37.637,2247.320,72.0,52.3,0.0
3182,0.328,ok,37.637,2247.320,72.0,52.3,0.0
3183,0.269,ok,37.637,2247.320,72.0,52.3,0.0
3184,0.280,ok,37.637,2247.320,72.0,52.3,0.0
3185,0.307,ok,37.637,2247.320,72.0,52.3,0.0
3186,0.251,ok,37.637,2247.320,72.0,52.3,0.0
3187,0.297,ok,37.637,2247.320,72.0,52.3,0.0
3188,0.269,ok,37.637,2247.320,72.0,52.3,0.0
3189,0.224,ok,37.637,2247.320,72.0,52.3,0.0
3190,0.271,ok,37.637,2247.320,72.0,52.3,0.0
3191,0.222,ok,37.637,2247.320,72.0,52.3,0.0
3192,0.255,ok,37.637,2247.320,72.0,52.3,0.0
3193,0.218,ok,37.637,2247.320,72.0,52.3,0.0
3194,0.181,ok,37.637,2247.320,72.0,52.3,0.0
3195,0.176,ok,37.637,2247.320,72.0,52.3,0.0
3196,0.188,ok,37.637,2247.320,72.0,52.3,0.0
3197,0.182,ok,37.637,2247.320,72.0,52.3,0.0
3198,0.263,ok,37.637,2247.320,72.0,52.3,0.0
3199,0.215,ok,37.637,2247.320,72.0,52.3,0.0
3200,0.212,ok,37.637,2247.320,72.0,52.3,0.0
3201,0.221,ok,37.637,2247.320,72.0,52.3,0.0
3202,0.288,ok,37.637,2247.320,72.0,52.3,0.0
3203,0.242,ok,37.637,2247.320,72.0,52.3,0.0
3204,0.277,ok,37.637,2247.320,72.0,52.3,0.0
3205,0.311,ok,37.637,2247.320,72.0,52.3,0.0
3206,0.272,ok,37.637,2247.320,72.0,52.3,0.0
3207,0.203,ok,37.637,2247.320,72.0,52.3,0.0
3208,0.260,ok,37.637,2247.320,72.0,52.3,0.0
3209,0.283,ok,37.637,2247.320,72.0,52.3,0.0
3210,0.301,ok,37.637,2247.320,72.0,52.3,0.0
3211,0.279,ok,37.637,2247.320,72.0,52.3,0.0
3212,0.218,ok,37.637,2247.320,72.0,52.3,0.0
3213,0.216,ok,37.637,2247.320,72.0,52.3,0.0
3214,0.206,ok,37.637,2247.320,72.0,52.3,0.0
3215,0.196,ok,37.637,2247.320,72.0,52.3,0.0
3216,0.197,ok,37.637,2247.320,72.0,52.3,0.0
3217,0.200,ok,37.637,2247.320,72.0,52.3,0.0
3218,0.222,ok,37.637,2247.320,72.0,52.3,0.0
3219,0.215,ok,37.637,2247.320,72.0,52.3,0.0
3220,0.210,ok,37.637,2247.320,72.0,52.3,0.0
3221,0.212,ok,37.637,2247.320,72.0,52.3,0.0
3222,0.227,ok,37.637,2247.320,72.0,52.3,0.0
3223,0.206,ok,37.637,2247.320,72.0,52.3,0.0
3224,0.208,ok,37.637,2247.320,72.0,52.3,0.0
3225,0.204,ok,37.637,2247.320,72.0,52.3,0.0
3226,0.207,ok,37.637,2247.320,72.0,52.3,0.0
3227,0.230,ok,37.637,2247.320,72.0,52.3,0.0
3228,0.218,ok,37.637,2247.320,72.0,52.3,0.0
3229,0.203,ok,37.637,2247.320,72.0,52.3,0.0
3230,0.229,ok,37.637,2247.320,72.0,52.3,0.0
3231,0.217,ok,37.637,2247.320,72.0,52.3,0.0
3232,0.351,ok,37.637,2247.320,72.0,52.3,0.0
3233,0.261,ok,37.637,2247.320,72.0,52.3,0.0
3234,0.242,ok,37.637,2247.320,72.0,52.3,0.0
3235,0.233,ok,37.637,2247.320,72.0,52.3,0.0
3236,0.237,ok,37.637,2247.320,72.0,52.3,0.0
3237,0.263,ok,37.637,2247.320,72.0,52.3,0.0
3238,0.268,ok,37.637,2247.320,72.0,52.3,0.0
3239,0.309,ok,37.637,2247.320,72.0,52.3,0.0
3240,0.449,ok,37.637,2247.320,72.0,52.3,0.0
3241,0.309,ok,37.637,2247.320,72.0,52.3,0.0
3242,0.253,ok,37.637,2247.320,72.0,52.3,0.0
3243,0.231,ok,37.637,2247.320,72.0,52.3,0.0
3244,0.278,ok,37.637,2247.320,72.0,52.3,0.0
3245,0.314,ok,37.637,2247.320,72.0,52.3,0.0
3246,0.305,ok,37.637,2247.320,72.0,52.3,0.0
3247,0.291,ok,37.637,2247.320,72.0,52.3,0.0
3248,0.271,ok,37.637,2247.320,72.0,52.3,0.0
3249,0.298,ok,37.637,2247.320,72.0,52.3,0.0
3250,0.336,ok,37.637,2247.320,72.0,52.3,0.0
3251,0.303,ok,37.637,2247.320,72.0,52.3,0.0
3252,0.294,ok,37.637,2247.320,72.0,52.3,0.0
3253,0.276,ok,37.637,2247.320,72.0,52.3,0.0
3254,0.319,ok,37.637,2247.320,72.0,52.3,0.0
3255,0.283,ok,37.637,2247.320,72.0,52.3,0.0
3256,0.266,ok,37.637,2247.320,72.0,52.3,0.0
3257,0.268,ok,37.637,2247.320,72.0,52.3,0.0
3258,0.274,ok,37.637,2247.320,72.0,52.3,0.0
3259,0.292,ok,37.637,2247.320,72.0,52.3,0.0
3260,0.287,ok,37.637,2247.320,72.0,52.3,0.0
3261,0.272,ok,37.637,2247.320,72.0,52.3,0.0
3262,0.302,ok,37.637,2247.320,72.0,52.3,0.0
3263,0.299,ok,37.637,2247.320,72.0,52.3,0.0
3264,0.271,ok,37.637,2247.320,72.0,52.3,0.0
3265,0.300,ok,37.637,2247.320,72.0,52.3,0.0
3266,0.298,ok,37.637,2247.320,72.0,52.3,0.0
3267,0.322,ok,37.637,2247.320,72.0,52.3,0.0
3268,0.396,ok,37.637,2247.320,72.0,52.3,0.0
3269,0.313,ok,37.637,2247.320,72.0,52.3,0.0
3270,0.282,ok,37.637,2247.320,72.0,52.3,0.0
3271,0.266,ok,37.637,2247.320,72.0,52.3,0.0
3272,0.263,ok,37.637,2247.320,72.0,52.3,0.0
3273,0.326,ok,37.637,2247.320,72.0,52.3,0.0
3274,0.325,ok,37.637,2247.320,72.0,52.3,0.0
3275,0.370,ok,37.637,2247.320,72.0,52.3,0.0
3276,0.377,ok,37.637,2247.320,72.0,52.3,0.0
3277,0.309,ok,37.637,2247.320,72.0,52.3,0.0
3278,0.333,ok,37.637,2247.320,72.0,52.3,0.0
3279,0.331,ok,37.637,2247.320,72.0,52.3,0.0
3280,0.315,ok,37.637,2247.320,72.0,52.3,0.0
3281,0.314,ok,37.637,2247.320,72.0,52.3,0.0
3282,0.357,ok,37.637,2247.320,72.0,52.3,0.0
3283,0.321,ok,37.637,2247.320,72.0,52.3,0.0
3284,0.308,ok,37.637,2247.320,72.0,52.3,0.0
3285,0.295,ok,37.637,2247.320,72.0,52.3,0.0
3286,0.328,ok,37.637,2247.320,72.0,52.3,0.0
3287,0.323,ok,37.637,2247.320,72.0,52.3,0.0
3288,0.314,ok,37.637,2247.320,72.0,52.3,0.0
3289,0.331,ok,37.637,2247.320,72.0,52.3,0.0
3290,0.301,ok,37.637,2247.320,72.0,52.3,0.0
3291,0.260,ok,37.637,2247.320,72.0,52.3,0.0
3292,0.232,ok,37.637,2247.320,72.0,52.3,0.0
3293,0.234,ok,37.637,2247.320,72.0,52.3,0.0
3294,0.237,ok,37.637,2247.320,72.0,52.3,0.0
3295,0.278,ok,37.637,2247.320,72.0,52.3,0.0
3296,0.291,ok,37.637,2247.320,72.0,52.3,0.0
3297,0.242,ok,37.637,2247.320,72.0,52.3,0.0
3298,0.249,ok,37.637,2247.320,72.0,52.3,0.0
3299,0.276,ok,37.637,2247.320,72.0,52.3,0.0
3300,0.274,ok,37.637,2247.320,72.0,52.3,0.0
3301,0.238,ok,37.637,2247.320,72.0,52.3,0.0
3302,0.250,ok,37.637,2247.320,72.0,52.3,0.0
3303,0.235,ok,37.637,2247.320,72.0,52.3,0.0
3304,0.265,ok,37.637,2247.320,72.0,52.3,0.0
3305,0.620,ok,37.637,2247.320,72.0,52.3,0.0
3306,0.245,ok,37.637,2247.320,72.0,52.3,0.0
3307,0.282,ok,37.637,2247.320,72.0,52.3,0.0
3308,0.264,ok,37.637,2247.320,72.0,52.3,0.0
3309,0.289,ok,37.637,2247.320,72.0,52.3,0.0
3310,0.321,ok,37.637,2247.320,72.0,52.3,0.0
3311,0.284,ok,37.637,2247.320,72.0,52.3,0.0
3312,0.240,ok,37.637,2247.320,72.0,52.3,0.0
3313,0.253,ok,37.637,2247.320,72.0,52.3,0.0
3314,0.225,ok,37.637,2247.320,72.0,52.3,0.0
3315,0.242,ok,37.637,2247.320,72.0,52.3,0.0
3316,0.246,ok,37.637,2247.320,72.0,52.3,0.0
3317,0.272,ok,37.637,2247.320,72.0,52.3,0.0
3318,0.281,ok,37.637,2247.320,72.0,52.3,0.0
3319,0.277,ok,37.637,2247.320,72.0,52.3,0.0
3320,0.239,ok,37.637,2247.320,72.0,52.3,0.0
3321,0.234,ok,37.637,2247.320,72.0,52.3,0.0
3322,0.285,ok,37.637,2247.320,72.0,52.3,0.0
3323,0.253,ok,37.637,2247.320,72.0,52.3,0.0
3324,0.277,ok,37.637,2247.320,72.0,52.3,0.0
3325,0.234,ok,37.637,2247.320,72.0,52.3,0.0
3326,0.250,ok,37.637,2247.320,72.0,52.3,0.0
3327,0.270,ok,37.637,2247.320,72.0,52.3,0.0
3328,0.266,ok,37.637,2247.320,72.0,52.3,0.0
3329,0.272,ok,37.637,2247.320,72.0,52.3,0.0
3330,0.268,ok,37.637,2247.320,72.0,52.3,0.0
3331,0.284,ok,37.637,2247.320,72.0,52.3,0.0
3332,0.334,ok,37.637,2247.320,72.0,52.3,0.0
3333,0.346,ok,37.637,2247.320,72.0,52.3,0.0
3334,0.366,ok,37.637,2247.320,72.0,52.3,0.0
3335,0.397,ok,37.637,2247.320,72.0,52.3,0.0
3336,0.304,ok,37.637,2247.320,72.0,52.3,0.0
3337,0.276,ok,37.637,2247.320,72.0,52.3,0.0
3338,0.318,ok,37.637,2247.320,72.0,52.3,0.0
3339,0.351,ok,37.637,2247.320,72.0,52.3,0.0
3340,0.336,ok,37.637,2247.320,72.0,52.3,0.0
3341,0.351,ok,37.637,2247.320,72.0,52.3,0.0
3342,0.265,ok,37.637,2247.320,72.0,52.3,0.0
3343,0.238,ok,37.637,2247.320,72.0,52.3,0.0
3344,0.217,ok,37.637,2247.320,72.0,52.3,0.0
3345,0.184,ok,37.637,2247.320,72.0,52.3,0.0
3346,0.182,ok,37.637,2247.320,72.0,52.3,0.0
3347,0.240,ok,37.637,2247.320,72.0,52.3,0.0
3348,0.252,ok,37.637,2247.320,72.0,52.3,0.0
3349,0.260,ok,37.637,2247.320,72.0,52.3,0.0
3350,0.214,ok,37.637,2247.320,72.0,52.3,0.0
3351,0.173,ok,37.637,2247.320,72.0,52.3,0.0
3352,0.175,ok,37.637,2247.320,72.0,52.3,0.0
3353,0.167,ok,37.637,2247.320,72.0,52.3,0.0
3354,0.256,ok,37.637,2247.320,72.0,52.3,0.0
3355,0.249,ok,37.637,2247.320,72.0,52.3,0.0
3356,0.226,ok,37.637,2247.320,72.0,52.3,0.0
3357,0.253,ok,37.637,2247.320,72.0,52.3,0.0
3358,0.244,ok,37.637,2247.320,72.0,52.3,0.0
3359,0.261,ok,37.637,2247.320,72.0,52.3,0.0
3360,0.431,ok,37.637,2247.320,72.0,52.3,0.0
3361,0.460,ok,37.637,2247.320,72.0,52.3,0.0
3362,0.348,ok,37.637,2247.320,72.0,52.3,0.0
3363,0.224,ok,37.637,2247.320,72.0,52.3,0.0
3364,0.309,ok,37.637,2247.320,72.0,52.3,0.0
3365,0.293,ok,37.637,2247.320,72.0,52.3,0.0
3366,0.240,ok,37.637,2247.320,72.0,52.3,0.0
3367,0.206,ok,37.637,2247.320,72.0,52.3,0.0
3368,0.280,ok,37.637,2247.320,72.0,52.3,0.0
3369,0.244,ok,37.637,2247.320,72.0,52.3,0.0
3370,0.216,ok,37.637,2247.320,72.0,52.3,0.0
3371,0.202,ok,37.637,2247.320,72.0,52.3,0.0
3372,0.251,ok,37.637,2247.320,72.0,52.3,0.0
3373,0.224,ok,37.637,2247.320,72.0,52.3,0.0
3374,0.211,ok,37.637,2247.320,72.0,52.3,0.0
3375,0.182,ok,37.637,2247.320,72.0,52.3,0.0
3376,0.177,ok,37.637,2247.320,72.0,52.3,0.0
3377,0.241,ok,37.637,2247.320,72.0,52.3,0.0
3378,0.216,ok,37.637,2247.320,72.0,52.3,0.0
3379,0.200,ok,37.637,2247.320,72.0,52.3,0.0
3380,0.231,ok,37.637,2247.320,72.0,52.3,0.0
3381,0.203,ok,37.637,2247.320,72.0,52.3,0.0
3382,0.240,ok,37.637,2247.320,72.0,52.3,0.0
3383,0.198,ok,37.637,2247.320,72.0,52.3,0.0
3384,0.198,ok,37.637,2247.320,72.0,52.3,0.0
3385,0.200,ok,37.637,2247.320,72.0,52.3,0.0
3386,0.199,ok,37.637,2247.320,72.0,52.3,0.0
3387,0.207,ok,37.637,2247.320,72.0,52.3,0.0
3388,0.199,ok,37.637,2247.320,72.0,52.3,0.0
3389,0.192,ok,37.637,2247.320,72.0,52.3,0.0
3390,0.211,ok,37.637,2247.320,72.0,52.3,0.0
3391,0.260,ok,37.637,2247.320,72.0,52.3,0.0
3392,0.207,ok,37.637,2247.320,72.0,52.3,0.0
3393,0.196,ok,37.637,2247.320,72.0,52.3,0.0
3394,0.204,ok,37.637,2247.320,72.0,52.3,0.0
3395,0.200,ok,37.637,2247.320,72.0,52.3,0.0
3396,0.225,ok,37.637,2247.320,72.0,52.3,0.0
3397,0.210,ok,37.637,2247.320,72.0,52.3,0.0
3398,0.200,ok,37.637,2247.320,72.0,52.3,0.0
3399,0.201,ok,37.637,2247.320,72.0,52.3,0.0
3400,0.206,ok,37.637,2247.320,72.0,52.3,0.0
3401,0.187,ok,37.637,2247.320,72.0,52.3,0.0
3402,0.196,ok,37.637,2247.320,72.0,52.3,0.0
3403,0.228,ok,37.637,2247.320,72.0,52.3,0.0
3404,0.206,ok,37.637,2247.320,72.0,52.3,0.0
3405,0.195,ok,37.637,2247.320,72.0,52.3,0.0
3406,0.196,ok,37.637,2247.320,72.0,52.3,0.0
3407,0.190,ok,37.637,2247.320,72.0,52.3,0.0
3408,0.194,ok,37.637,2247.320,72.0,52.3,0.0
3409,0.199,ok,37.637,2247.320,72.0,52.3,0.0
3410,0.227,ok,37.637,2247.320,72.0,52.3,0.0
3411,0.182,ok,37.637,2247.320,72.0,52.3,0.0
3412,0.179,ok,37.637,2247.320,72.0,52.3,0.0
3413,0.172,ok,37.637,2247.320,72.0,52.3,0.0
3414,0.180,ok,37.637,2247.320,72.0,52.3,0.0
3415,0.178,ok,37.637,2247.320,72.0,52.3,0.0
3416,0.197,ok,37.637,2247.320,72.0,52.3,0.0
3417,0.170,ok,37.637,2247.320,72.0,52.3,0.0
3418,0.239,ok,37.637,2247.320,72.0,52.3,0.0
3419,0.231,ok,37.637,2247.320,72.0,52.3,0.0
3420,0.189,ok,37.637,2247.320,72.0,52.3,0.0
3421,0.199,ok,37.637,2247.320,72.0,52.3,0.0
3422,0.270,ok,37.637,2247.320,72.0,52.3,0.0
3423,0.242,ok,37.637,2247.320,72.0,52.3,0.0
3424,0.286,ok,37.637,2247.320,72.0,52.3,0.0
3425,0.232,ok,37.637,2247.320,72.0,52.3,0.0
3426,0.225,ok,37.637,2247.320,72.0,52.3,0.0
3427,0.229,ok,37.637,2247.320,72.0,52.3,0.0
3428,0.237,ok,37.637,2247.320,72.0,52.3,0.0
3429,0.227,ok,37.637,2247.320,72.0,52.3,0.0
3430,0.238,ok,37.637,2247.320,72.0,52.3,0.0
3431,0.224,ok,37.637,2247.320,72.0,52.3,0.0
3432,0.228,ok,37.637,2247.320,72.0,52.3,0.0
3433,0.223,ok,37.637,2247.320,72.0,52.3,0.0
3434,0.237,ok,37.637,2247.320,72.0,52.3,0.0
3435,0.222,ok,37.637,2247.320,72.0,52.3,0.0
3436,0.208,ok,37.637,2247.320,72.0,52.3,0.0
3437,0.215,ok,37.637,2247.320,72.0,52.3,0.0
3438,0.247,ok,37.637,2247.320,72.0,52.3,0.0
3439,0.218,ok,37.637,2247.320,72.0,52.3,0.0
3440,0.225,ok,37.637,2247.320,72.0,52.3,0.0
3441,0.228,ok,37.637,2247.320,72.0,52.3,0.0
3442,0.224,ok,37.637,2247.320,72.0,52.3,0.0
3443,0.247,ok,37.637,2247.320,72.0,52.3,0.0
3444,0.218,ok,37.637,2247.320,72.0,52.3,0.0
3445,0.225,ok,37.637,2247.320,72.0,52.3,0.0
3446,0.257,ok,37.637,2247.320,72.0,52.3,0.0
3447,0.212,ok,37.637,2247.320,72.0,52.3,0.0
3448,0.205,ok,37.637,2247.320,72.0,52.3,0.0
3449,0.202,ok,37.637,2247.320,72.0,52.3,0.0
3450,0.214,ok,37.637,2247.320,72.0,52.3,0.0
3451,0.207,ok,37.637,2247.320,72.0,52.3,0.0
3452,0.233,ok,37.637,2247.320,72.0,52.3,0.0
3453,0.202,ok,37.637,2247.320,72.0,52.3,0.0
3454,0.201,ok,37.637,2247.320,72.0,52.3,0.0
3455,0.209,ok,37.637,2247.320,72.0,52.3,0.0
3456,0.205,ok,37.637,2247.320,72.0,52.3,0.0
3457,0.210,ok,37.637,2247.320,72.0,52.3,0.0
3458,0.199,ok,37.637,2247.320,72.0,52.3,0.0
3459,0.205,ok,37.637,2247.320,72.0,52.3,0.0
3460,0.205,ok,37.637,2247.320,72.0,52.3,0.0
3461,0.237,ok,37.637,2247.320,72.0,52.3,0.0
3462,0.221,ok,37.637,2247.320,72.0,52.3,0.0
3463,0.204,ok,37.637,2247.320,72.0,52.3,0.0
3464,0.213,ok,37.637,2247.320,72.0,52.3,0.0
3465,0.204,ok,37.637,2247.320,72.0,52.3,0.0
3466,0.251,ok,37.637,2247.320,72.0,52.3,0.0
3467,0.260,ok,37.637,2247.320,72.0,52.3,0.0
3468,0.244,ok,37.637,2247.320,72.0,52.3,0.0
3469,0.242,ok,37.637,2247.320,72.0,52.3,0.0
3470,0.222,ok,37.637,2247.320,72.0,52.3,0.0
3471,0.218,ok,37.637,2247.320,72.0,52.3,0.0
3472,0.248,ok,37.637,2247.320,72.0,52.3,0.0
3473,0.221,ok,37.637,2247.320,72.0,52.3,0.0
3474,0.214,ok,37.637,2247.320,72.0,52.3,0.0
3475,0.212,ok,37.637,2247.320,72.0,52.3,0.0
3476,0.211,ok,37.637,2247.320,72.0,52.3,0.0
3477,0.214,ok,37.637,2247.320,72.0,52.3,0.0
3478,0.217,ok,37.637,2247.320,72.0,52.3,0.0
3479,0.219,ok,37.637,2247.320,72.0,52.3,0.0
3480,0.211,ok,37.637,2247.320,72.0,52.3,0.0
3481,0.208,ok,37.637,2247.320,72.0,52.3,0.0
3482,0.314,ok,37.637,2247.320,72.0,52.3,0.0
3483,0.336,ok,37.637,2247.320,72.0,52.3,0.0
3484,0.211,ok,37.637,2247.320,72.0,52.3,0.0
3485,0.211,ok,37.637,2247.320,72.0,52.3,0.0
3486,0.202,ok,37.637,2247.320,72.0,52.3,0.0
3487,0.234,ok,37.637,2247.320,72.0,52.3,0.0
3488,0.266,ok,37.637,2247.320,72.0,52.3,0.0
3489,0.209,ok,37.637,2247.320,72.0,52.3,0.0
3490,0.289,ok,37.637,2247.320,72.0,52.3,0.0
3491,0.212,ok,37.637,2247.320,72.0,52.3,0.0
3492,0.204,ok,37.637,2247.320,72.0,52.3,0.0
3493,0.240,ok,37.637,2247.320,72.0,52.3,0.0
3494,0.215,ok,37.637,2247.320,72.0,52.3,0.0
3495,0.213,ok,37.637,2247.320,72.0,52.3,0.0
3496,0.197,ok,37.637,2247.320,72.0,52.3,0.0
3497,0.206,ok,37.637,2247.320,72.0,52.3,0.0
3498,0.243,ok,37.637,2247.320,72.0,52.3,0.0
3499,0.210,ok,37.637,2247.320,72.0,52.3,0.0
3500,0.197,ok,37.637,2247.320,72.0,52.3,0.0
3501,0.207,ok,37.637,2247.320,72.0,52.3,0.0
3502,0.187,ok,37.637,2247.320,72.0,52.3,0.0
3503,0.200,ok,37.637,2247.320,72.0,52.3,0.0
3504,0.223,ok,37.637,2247.320,72.0,52.3,0.0
3505,0.257,ok,37.637,2247.320,72.0,52.3,0.0
3506,0.206,ok,37.637,2247.320,72.0,52.3,0.0
3507,0.209,ok,37.637,2247.320,72.0,52.3,0.0
3508,0.206,ok,37.637,2247.320,72.0,52.3,0.0
3509,0.213,ok,37.637,2247.320,72.0,52.3,0.0
3510,0.305,ok,37.637,2247.320,72.0,52.3,0.0
3511,0.238,ok,37.637,2247.320,72.0,52.3,0.0
3512,0.203,ok,37.637,2247.320,72.0,52.3,0.0
3513,0.210,ok,37.637,2247.320,72.0,52.3,0.0
3514,0.202,ok,37.637,2247.320,72.0,52.3,0.0
3515,0.199,ok,37.637,2247.320,72.0,52.3,0.0
3516,0.193,ok,37.637,2247.320,72.0,52.3,0.0
3517,0.229,ok,37.637,2247.320,72.0,52.3,0.0
3518,0.222,ok,37.637,2247.320,72.0,52.3,0.0
3519,0.220,ok,37.637,2247.320,72.0,52.3,0.0
3520,0.213,ok,37.637,2247.320,72.0,52.3,0.0
3521,0.199,ok,37.637,2247.320,72.0,52.3,0.0
3522,0.214,ok,37.637,2247.320,72.0,52.3,0.0
3523,0.213,ok,37.637,2247.320,72.0,52.3,0.0
3524,0.210,ok,37.637,2247.320,72.0,52.3,0.0
3525,0.207,ok,37.637,2247.320,72.0,52.3,0.0
3526,0.219,ok,37.637,2247.320,72.0,52.3,0.0
3527,0.225,ok,37.637,2247.320,72.0,52.3,0.0
3528,0.217,ok,37.637,2247.320,72.0,52.3,0.0
3529,0.162,ok,37.637,2247.320,72.0,52.3,0.0
3530,0.149,ok,37.637,2247.320,72.0,52.3,0.0
3531,0.181,ok,37.637,2247.320,72.0,52.3,0.0
3532,0.160,ok,37.637,2247.320,72.0,52.3,0.0
3533,0.163,ok,37.637,2247.320,72.0,52.3,0.0
3534,0.190,ok,37.637,2247.320,72.0,52.3,0.0
3535,0.165,ok,37.637,2247.320,72.0,52.3,0.0
3536,0.152,ok,37.637,2247.320,72.0,52.3,0.0
3537,0.145,ok,37.637,2247.320,72.0,52.3,0.0
3538,0.156,ok,37.637,2247.320,72.0,52.3,0.0
3539,0.168,ok,37.637,2247.320,72.0,52.3,0.0
3540,0.238,ok,37.637,2247.320,72.0,52.3,0.0
3541,0.239,ok,37.637,2247.320,72.0,52.3,0.0
3542,0.286,ok,37.637,2247.320,72.0,52.3,0.0
3543,0.346,ok,37.637,2247.320,72.0,52.3,0.0
3544,0.355,ok,37.637,2247.320,72.0,52.3,0.0
3545,0.358,ok,37.637,2247.320,72.0,52.3,0.0
3546,0.385,ok,37.637,2247.320,72.0,52.3,0.0
3547,0.312,ok,37.637,2247.320,72.0,52.3,0.0
3548,0.305,ok,37.637,2247.320,72.0,52.3,0.0
3549,0.297,ok,37.637,2247.320,72.0,52.3,0.0
3550,0.390,ok,37.637,2247.320,72.0,52.3,0.0
3551,0.335,ok,37.637,2247.320,72.0,52.3,0.0
3552,0.321,ok,37.637,2247.320,72.0,52.3,0.0
3553,0.308,ok,37.637,2247.320,72.0,52.3,0.0
3554,0.285,ok,37.637,2247.320,72.0,52.3,0.0
3555,0.321,ok,37.637,2247.320,72.0,52.3,0.0
3556,0.255,ok,37.637,2247.320,72.0,52.3,0.0
3557,0.213,ok,37.637,2247.320,72.0,52.3,0.0
3558,0.204,ok,37.637,2247.320,72.0,52.3,0.0
3559,0.222,ok,37.637,2247.320,72.0,52.3,0.0
3560,0.209,ok,37.637,2247.320,72.0,52.3,0.0
3561,0.241,ok,37.637,2247.320,72.0,52.3,0.0
3562,0.246,ok,37.637,2247.320,72.0,52.3,0.0
3563,0.246,ok,37.637,2247.320,72.0,52.3,0.0
3564,0.183,ok,37.637,2247.320,72.0,52.3,0.0
3565,0.149,ok,37.637,2247.320,72.0,52.3,0.0
3566,0.141,ok,37.637,2247.320,72.0,52.3,0.0
3567,0.138,ok,37.637,2247.320,72.0,52.3,0.0
3568,0.150,ok,37.637,2247.320,72.0,52.3,0.0
3569,0.200,ok,37.637,2247.320,72.0,52.3,0.0
3570,0.242,ok,37.637,2247.320,72.0,52.3,0.0
3571,0.278,ok,37.637,2247.320,72.0,52.3,0.0
3572,0.206,ok,37.637,2247.320,72.0,52.3,0.0
3573,0.213,ok,37.637,2247.320,72.0,52.3,0.0
3574,0.240,ok,37.637,2247.320,72.0,52.3,0.0
3575,0.194,ok,37.637,2247.320,72.0,52.3,0.0
3576,0.174,ok,37.637,2247.320,72.0,52.3,0.0
3577,0.167,ok,37.637,2247.320,72.0,52.3,0.0
3578,0.170,ok,37.637,2247.320,72.0,52.3,0.0
3579,0.168,ok,37.637,2247.320,72.0,52.3,0.0
3580,0.164,ok,37.637,2247.320,72.0,52.3,0.0
3581,0.163,ok,37.637,2247.320,72.0,52.3,0.0
3582,0.164,ok,37.637,2247.320,72.0,52.3,0.0
3583,0.164,ok,37.637,2247.320,72.0,52.3,0.0
3584,0.170,ok,37.637,2247.320,72.0,52.3,0.0
3585,0.169,ok,37.637,2247.320,72.0,52.3,0.0
3586,0.163,ok,37.637,2247.320,72.0,52.3,0.0
3587,0.163,ok,37.637,2247.320,72.0,52.3,0.0
3588,0.160,ok,37.637,2247.320,72.0,52.3,0.0
3589,0.160,ok,37.637,2247.320,72.0,52.3,0.0
3590,0.181,ok,37.637,2247.320,72.0,52.3,0.0
3591,0.174,ok,37.637,2247.320,72.0,52.3,0.0
3592,0.166,ok,37.637,2247.320,72.0,52.3,0.0
3593,0.161,ok,37.637,2247.320,72.0,52.3,0.0
3594,0.191,ok,37.637,2247.320,72.0,52.3,0.0
3595,0.197,ok,37.637,2247.320,72.0,52.3,0.0
3596,0.182,ok,37.637,2247.320,72.0,52.3,0.0
3597,0.204,ok,37.637,2247.320,72.0,52.3,0.0
3598,0.206,ok,37.637,2247.320,72.0,52.3,0.0
3599,0.163,ok,37.637,2247.320,72.0,52.3,0.0
3600,0.160,ok,37.637,2247.320,72.0,52.3,0.0
3601,0.208,ok,37.637,2247.320,72.0,52.3,0.0
3602,0.384,ok,37.637,2247.320,72.0,52.3,0.0
3603,0.295,ok,37.637,2247.320,72.0,52.3,0.0
3604,0.230,ok,37.637,2247.320,72.0,52.3,0.0
3605,0.224,ok,37.637,2247.320,72.0,52.3,0.0
3606,0.209,ok,37.637,2247.320,72.0,52.3,0.0
3607,0.212,ok,37.637,2247.320,72.0,52.3,0.0
3608,0.207,ok,37.637,2247.320,72.0,52.3,0.0
3609,0.212,ok,37.637,2247.320,72.0,52.3,0.0
3610,0.207,ok,37.637,2247.320,72.0,52.3,0.0
3611,0.221,ok,37.637,2247.320,72.0,52.3,0.0
3612,0.206,ok,37.637,2247.320,72.0,52.3,0.0
3613,0.207,ok,37.637,2247.320,72.0,52.3,0.0
3614,0.223,ok,37.637,2247.320,72.0,52.3,0.0
3615,0.201,ok,37.637,2247.320,72.0,52.3,0.0
3616,0.200,ok,37.637,2247.320,72.0,52.3,0.0
3617,0.162,ok,37.637,2247.320,72.0,52.3,0.0
3618,0.159,ok,37.637,2247.320,72.0,52.3,0.0
3619,0.157,ok,37.637,2247.320,72.0,52.3,0.0
3620,0.165,ok,37.637,2247.320,72.0,52.3,0.0
3621,0.208,ok,37.637,2247.320,72.0,52.3,0.0
3622,0.156,ok,37.637,2247.320,72.0,52.3,0.0
3623,0.152,ok,37.637,2247.320,72.0,52.3,0.0
3624,0.145,ok,37.637,2247.320,72.0,52.3,0.0
3625,0.149,ok,37.637,2247.320,72.0,52.3,0.0
3626,0.153,ok,37.637,2247.320,72.0,52.3,0.0
3627,0.161,ok,37.637,2247.320,72.0,52.3,0.0
3628,0.250,ok,37.637,2247.320,72.0,52.3,0.0
3629,0.168,ok,37.637,2247.320,72.0,52.3,0.0
3630,0.158,ok,37.637,2247.320,72.0,52.3,0.0
3631,0.153,ok,37.637,2247.320,72.0,52.3,0.0
3632,0.167,ok,37.637,2247.320,72.0,52.3,0.0
3633,0.150,ok,37.637,2247.320,72.0,52.3,0.0
3634,0.150,ok,37.637,2247.320,72.0,52.3,0.0
3635,0.145,ok,37.637,2247.320,72.0,52.3,0.0
3636,0.155,ok,37.637,2247.320,72.0,52.3,0.0
3637,0.147,ok,37.637,2247.320,72.0,52.3,0.0
3638,0.197,ok,37.637,2247.320,72.0,52.3,0.0
3639,0.148,ok,37.637,2247.320,72.0,52.3,0.0
3640,0.149,ok,37.637,2247.320,72.0,52.3,0.0
3641,0.148,ok,37.637,2247.320,72.0,52.3,0.0
3642,0.149,ok,37.637,2247.320,72.0,52.3,0.0
3643,0.145,ok,37.637,2247.320,72.0,52.3,0.0
3644,0.154,ok,37.637,2247.320,72.0,52.3,0.0
3645,0.147,ok,37.637,2247.320,72.0,52.3,0.0
3646,0.149,ok,37.637,2247.320,72.0,52.3,0.0
3647,0.142,ok,37.637,2247.320,72.0,52.3,0.0
3648,0.147,ok,37.637,2247.320,72.0,52.3,0.0
3649,0.142,ok,37.637,2247.320,72.0,52.3,0.0
3650,0.147,ok,37.637,2247.320,72.0,52.3,0.0
3651,0.157,ok,37.637,2247.320,72.0,52.3,0.0
3652,0.224,ok,37.637,2247.320,72.0,52.3,0.0
3653,0.167,ok,37.637,2247.320,72.0,52.3,0.0
3654,0.165,ok,37.637,2247.320,72.0,52.3,0.0
3655,0.156,ok,37.637,2247.320,72.0,52.3,0.0
3656,0.146,ok,37.637,2247.320,72.0,52.3,0.0
3657,0.159,ok,37.637,2247.320,72.0,52.3,0.0
3658,0.167,ok,37.637,2247.320,72.0,52.3,0.0
3659,0.224,ok,37.637,2247.320,72.0,52.3,0.0
3660,0.161,ok,37.637,2247.320,72.0,52.3,0.0
3661,0.155,ok,37.637,2247.320,72.0,52.3,0.0
3662,0.144,ok,37.637,2247.320,72.0,52.3,0.0
3663,0.160,ok,37.637,2247.320,72.0,52.3,0.0
3664,0.147,ok,37.637,2247.320,72.0,52.3,0.0
3665,0.149,ok,37.637,2247.320,72.0,52.3,0.0
3666,0.143,ok,37.637,2247.320,72.0,52.3,0.0
3667,0.153,ok,37.637,2247.320,72.0,52.3,0.0
3668,0.146,ok,37.637,2247.320,72.0,52.3,0.0
3669,0.154,ok,37.637,2247.320,72.0,52.3,0.0
3670,0.149,ok,37.637,2247.320,72.0,52.3,0.0
3671,0.152,ok,37.637,2247.320,72.0,52.3,0.0
3672,0.143,ok,37.637,2247.320,72.0,52.3,0.0
3673,0.148,ok,37.637,2247.320,72.0,52.3,0.0
3674,0.143,ok,37.637,2247.320,72.0,52.3,0.0
3675,0.161,ok,37.637,2247.320,72.0,52.3,0.0
3676,0.153,ok,37.637,2247.320,72.0,52.3,0.0
3677,0.153,ok,37.637,2247.320,72.0,52.3,0.0
3678,0.144,ok,37.637,2247.320,72.0,52.3,0.0
3679,0.149,ok,37.637,2247.320,72.0,52.3,0.0
3680,0.181,ok,37.637,2247.320,72.0,52.3,0.0
3681,0.225,ok,37.637,2247.320,72.0,52.3,0.0
3682,0.329,ok,37.637,2247.320,72.0,52.3,0.0
3683,0.269,ok,37.637,2247.320,72.0,52.3,0.0
3684,0.191,ok,37.637,2247.320,72.0,52.3,0.0
3685,0.171,ok,37.637,2247.320,72.0,52.3,0.0
3686,0.169,ok,37.637,2247.320,72.0,52.3,0.0
3687,0.176,ok,37.637,2247.320,72.0,52.3,0.0
3688,0.190,ok,37.637,2247.320,72.0,52.3,0.0
3689,0.186,ok,37.637,2247.320,72.0,52.3,0.0
3690,0.162,ok,37.637,2247.320,72.0,52.3,0.0
3691,0.152,ok,37.637,2247.320,72.0,52.3,0.0
3692,0.165,ok,37.637,2247.320,72.0,52.3,0.0
3693,0.149,ok,37.637,2247.320,72.0,52.3,0.0
3694,0.151,ok,37.637,2247.320,72.0,52.3,0.0
3695,0.145,ok,37.637,2247.320,72.0,52.3,0.0
3696,0.163,ok,37.637,2247.320,72.0,52.3,0.0
3697,0.159,ok,37.637,2247.320,72.0,52.3,0.0
3698,0.166,ok,37.637,2247.320,72.0,52.3,0.0
3699,0.159,ok,37.637,2247.320,72.0,52.3,0.0
3700,0.155,ok,37.637,2247.320,72.0,52.3,0.0
3701,0.152,ok,37.637,2247.320,72.0,52.3,0.0
3702,0.212,ok,37.637,2247.320,72.0,52.3,0.0
3703,0.188,ok,37.637,2247.320,72.0,52.3,0.0
3704,0.183,ok,37.637,2247.320,72.0,52.3,0.0
3705,0.163,ok,37.637,2247.320,72.0,52.3,0.0
3706,0.157,ok,37.637,2247.320,72.0,52.3,0.0
3707,0.260,ok,37.637,2247.320,72.0,52.3,0.0
3708,0.215,ok,37.637,2247.320,72.0,52.3,0.0
3709,0.200,ok,37.637,2247.320,72.0,52.3,0.0
3710,0.176,ok,37.637,2247.320,72.0,52.3,0.0
3711,0.168,ok,37.637,2247.320,72.0,52.3,0.0
3712,0.160,ok,37.637,2247.320,72.0,52.3,0.0
3713,0.161,ok,37.637,2247.320,72.0,52.3,0.0
3714,0.156,ok,37.637,2247.320,72.0,52.3,0.0
3715,0.166,ok,37.637,2247.320,72.0,52.3,0.0
3716,0.176,ok,37.637,2247.320,72.0,52.3,0.0
3717,0.199,ok,37.637,2247.320,72.0,52.3,0.0
3718,0.192,ok,37.637,2247.320,72.0,52.3,0.0
3719,0.165,ok,37.637,2247.320,72.0,52.3,0.0
3720,0.160,ok,37.637,2247.320,72.0,52.3,0.0
3721,0.164,ok,37.637,2247.320,72.0,52.3,0.0
3722,0.192,ok,37.637,2247.320,72.0,52.3,0.0
3723,0.226,ok,37.637,2247.320,72.0,52.3,0.0
3724,0.190,ok,37.637,2247.320,72.0,52.3,0.0
3725,0.183,ok,37.637,2247.320,72.0,52.3,0.0
3726,0.192,ok,37.637,2247.320,72.0,52.3,0.0
3727,0.184,ok,37.637,2247.320,72.0,52.3,0.0
3728,0.185,ok,37.637,2247.320,72.0,52.3,0.0
3729,0.183,ok,37.637,2247.320,72.0,52.3,0.0
3730,0.179,ok,37.637,2247.320,72.0,52.3,0.0
3731,0.188,ok,37.637,2247.320,72.0,52.3,0.0
3732,0.187,ok,37.637,2247.320,72.0,52.3,0.0
3733,0.182,ok,37.637,2247.320,72.0,52.3,0.0
3734,0.166,ok,37.637,2247.320,72.0,52.3,0.0
3735,0.154,ok,37.637,2247.320,72.0,52.3,0.0
3736,0.150,ok,37.637,2247.320,72.0,52.3,0.0
3737,0.158,ok,37.637,2247.320,72.0,52.3,0.0
3738,0.154,ok,37.637,2247.320,72.0,52.3,0.0
3739,0.149,ok,37.637,2247.320,72.0,52.3,0.0
3740,0.161,ok,37.637,2247.320,72.0,52.3,0.0
3741,0.164,ok,37.637,2247.320,72.0,52.3,0.0
3742,0.152,ok,37.637,2247.320,72.0,52.3,0.0
3743,0.154,ok,37.637,2247.320,72.0,52.3,0.0
3744,0.262,ok,37.637,2247.320,72.0,52.3,0.0
3745,0.218,ok,37.637,2247.320,72.0,52.3,0.0
3746,0.200,ok,37.637,2247.320,72.0,52.3,0.0
3747,0.191,ok,37.637,2247.320,72.0,52.3,0.0
3748,0.198,ok,37.637,2247.320,72.0,52.3,0.0
3749,0.211,ok,37.637,2247.320,72.0,52.3,0.0
3750,0.249,ok,37.637,2247.320,72.0,52.3,0.0
3751,0.204,ok,37.637,2247.320,72.0,52.3,0.0
3752,0.263,ok,37.637,2247.320,72.0,52.3,0.0
3753,0.197,ok,37.637,2247.320,72.0,52.3,0.0
3754,0.189,ok,37.637,2247.320,72.0,52.3,0.0
3755,0.188,ok,37.637,2247.320,72.0,52.3,0.0
3756,0.183,ok,37.637,2247.320,72.0,52.3,0.0
3757,0.185,ok,37.637,2247.320,72.0,52.3,0.0
3758,0.197,ok,37.637,2247.320,72.0,52.3,0.0
3759,0.191,ok,37.637,2247.320,72.0,52.3,0.0
3760,0.183,ok,37.637,2247.320,72.0,52.3,0.0
3761,0.181,ok,37.637,2247.320,72.0,52.3,0.0
3762,0.180,ok,37.637,2247.320,72.0,52.3,0.0
3763,0.206,ok,37.637,2247.320,72.0,52.3,0.0
3764,0.193,ok,37.637,2247.320,72.0,52.3,0.0
3765,0.184,ok,37.637,2247.320,72.0,52.3,0.0
3766,0.214,ok,37.637,2247.320,72.0,52.3,0.0
3767,0.185,ok,37.637,2247.320,72.0,52.3,0.0
3768,0.326,ok,37.637,2247.320,72.0,52.3,0.0
3769,0.233,ok,37.637,2247.320,72.0,52.3,0.0
3770,0.203,ok,37.637,2247.320,72.0,52.3,0.0
3771,0.194,ok,37.637,2247.320,72.0,52.3,0.0
3772,0.200,ok,37.637,2247.320,72.0,52.3,0.0
3773,0.329,ok,37.637,2247.320,72.0,52.3,0.0
3774,0.352,ok,37.637,2247.320,72.0,52.3,0.0
3775,0.322,ok,37.637,2247.320,72.0,52.3,0.0
3776,0.292,ok,37.637,2247.320,72.0,52.3,0.0
3777,0.290,ok,37.637,2247.320,72.0,52.3,0.0
3778,0.329,ok,37.637,2247.320,72.0,52.3,0.0
3779,0.340,ok,37.637,2247.320,72.0,52.3,0.0
3780,0.259,ok,37.637,2247.320,72.0,52.3,0.0
3781,0.240,ok,37.637,2247.320,72.0,52.3,0.0
3782,0.255,ok,37.637,2247.320,72.0,52.3,0.0
3783,0.307,ok,37.637,2247.320,72.0,52.3,0.0
3784,0.335,ok,37.637,2247.320,72.0,52.3,0.0
3785,0.271,ok,37.637,2247.320,72.0,52.3,0.0
3786,0.261,ok,37.637,2247.320,72.0,52.3,0.0
3787,0.288,ok,37.637,2247.320,72.0,52.3,0.0
3788,0.266,ok,37.637,2247.320,72.0,52.3,0.0
3789,0.251,ok,37.637,2247.320,72.0,52.3,0.0
3790,0.261,ok,37.637,2247.320,72.0,52.3,0.0
3791,0.246,ok,37.637,2247.320,72.0,52.3,0.0
3792,0.247,ok,37.637,2247.320,72.0,52.3,0.0
3793,0.242,ok,37.637,2247.320,72.0,52.3,0.0
3794,0.295,ok,37.637,2247.320,72.0,52.3,0.0
3795,0.271,ok,37.637,2247.320,72.0,52.3,0.0
3796,0.255,ok,37.637,2247.320,72.0,52.3,0.0
3797,0.250,ok,37.637,2247.320,72.0,52.3,0.0
3798,0.254,ok,37.637,2247.320,72.0,52.3,0.0
3799,0.285,ok,37.637,2247.320,72.0,52.3,0.0
3800,0.305,ok,37.637,2247.320,72.0,52.3,0.0
3801,0.281,ok,37.637,2247.320,72.0,52.3,0.0
3802,0.264,ok,37.637,2247.320,72.0,52.3,0.0
3803,0.250,ok,37.637,2247.320,72.0,52.3,0.0
3804,0.263,ok,37.637,2247.320,72.0,52.3,0.0
3805,0.270,ok,37.637,2247.320,72.0,52.3,0.0
3806,0.268,ok,37.637,2247.320,72.0,52.3,0.0
3807,0.290,ok,37.637,2247.320,72.0,52.3,0.0
3808,0.336,ok,37.637,2247.320,72.0,52.3,0.0
3809,0.299,ok,37.637,2247.320,72.0,52.3,0.0
3810,0.351,ok,37.637,2247.320,72.0,52.3,0.0
3811,0.278,ok,37.637,2247.320,72.0,52.3,0.0
3812,0.270,ok,37.637,2247.320,72.0,52.3,0.0
3813,0.246,ok,37.637,2247.320,72.0,52.3,0.0
3814,0.254,ok,37.637,2247.320,72.0,52.3,0.0
3815,0.253,ok,37.637,2247.320,72.0,52.3,0.0
3816,0.256,ok,37.637,2247.320,72.0,52.3,0.0
3817,0.242,ok,37.637,2247.320,72.0,52.3,0.0
3818,0.251,ok,37.637,2247.320,72.0,52.3,0.0
3819,0.249,ok,37.637,2247.320,72.0,52.3,0.0
3820,0.254,ok,37.637,2247.320,72.0,52.3,0.0
3821,0.242,ok,37.637,2247.320,72.0,52.3,0.0
3822,0.251,ok,37.637,2247.320,72.0,52.3,0.0
3823,0.251,ok,37.637,2247.320,72.0,52.3,0.0
3824,0.273,ok,37.637,2247.320,72.0,52.3,0.0
3825,0.249,ok,37.637,2247.320,72.0,52.3,0.0
3826,0.254,ok,37.637,2247.320,72.0,52.3,0.0
3827,0.263,ok,37.637,2247.320,72.0,52.3,0.0
3828,0.257,ok,37.637,2247.320,72.0,52.3,0.0
3829,0.243,ok,37.637,2247.320,72.0,52.3,0.0
3830,0.287,ok,37.637,2247.320,72.0,52.3,0.0
3831,0.257,ok,37.637,2247.320,72.0,52.3,0.0
3832,0.255,ok,37.637,2247.320,72.0,52.3,0.0
3833,0.243,ok,37.637,2247.320,72.0,52.3,0.0
3834,0.265,ok,37.637,2247.320,72.0,52.3,0.0
3835,0.267,ok,37.637,2247.320,72.0,52.3,0.0
3836,0.296,ok,37.637,2247.320,72.0,52.3,0.0
3837,0.311,ok,37.637,2247.320,72.0,52.3,0.0
3838,0.277,ok,37.637,2247.320,72.0,52.3,0.0
3839,0.293,ok,37.637,2247.320,72.0,52.3,0.0
3840,0.292,ok,37.637,2247.320,72.0,52.3,0.0
3841,0.262,ok,37.637,2247.320,72.0,52.3,0.0
3842,0.278,ok,37.637,2247.320,72.0,52.3,0.0
3843,0.296,ok,37.637,2247.320,72.0,52.3,0.0
3844,0.270,ok,37.637,2247.320,72.0,52.3,0.0
3845,0.286,ok,37.637,2247.320,72.0,52.3,0.0
3846,0.271,ok,37.637,2247.320,72.0,52.3,0.0
3847,0.257,ok,37.637,2247.320,72.0,52.3,0.0
3848,0.293,ok,37.637,2247.320,72.0,52.3,0.0
3849,0.265,ok,37.637,2247.320,72.0,52.3,0.0
3850,0.263,ok,37.637,2247.320,72.0,52.3,0.0
3851,0.294,ok,37.637,2247.320,72.0,52.3,0.0
3852,0.259,ok,37.637,2247.320,72.0,52.3,0.0
3853,0.320,ok,37.637,2247.320,72.0,52.3,0.0
3854,0.274,ok,37.637,2247.320,72.0,52.3,0.0
3855,0.372,ok,37.637,2247.320,72.0,52.3,0.0
3856,0.363,ok,37.637,2247.320,72.0,52.3,0.0
3857,0.401,ok,37.637,2247.320,72.0,52.3,0.0
3858,0.350,ok,37.637,2247.320,72.0,52.3,0.0
3859,0.329,ok,37.637,2247.320,72.0,52.3,0.0
3860,0.330,ok,37.637,2247.320,72.0,52.3,0.0
3861,0.342,ok,37.637,2247.320,72.0,52.3,0.0
3862,0.306,ok,37.637,2247.320,72.0,52.3,0.0
3863,0.209,ok,37.637,2247.320,72.0,52.3,0.0
3864,0.238,ok,37.637,2247.320,72.0,52.3,0.0
3865,0.244,ok,37.637,2247.320,72.0,52.3,0.0
3866,0.232,ok,37.637,2247.320,72.0,52.3,0.0
3867,0.239,ok,37.637,2247.320,72.0,52.3,0.0
3868,0.201,ok,37.637,2247.320,72.0,52.3,0.0
3869,0.262,ok,37.637,2247.320,72.0,52.3,0.0
3870,0.262,ok,37.637,2247.320,72.0,52.3,0.0
3871,0.255,ok,37.637,2247.320,72.0,52.3,0.0
3872,0.301,ok,37.637,2247.320,72.0,52.3,0.0
3873,0.257,ok,37.637,2247.320,72.0,52.3,0.0
3874,0.240,ok,37.637,2247.320,72.0,52.3,0.0
3875,0.222,ok,37.637,2247.320,72.0,52.3,0.0
3876,0.242,ok,37.637,2247.320,72.0,52.3,0.0
3877,0.242,ok,37.637,2247.320,72.0,52.3,0.0
3878,0.232,ok,37.637,2247.320,72.0,52.3,0.0
3879,0.231,ok,37.637,2247.320,72.0,52.3,0.0
3880,0.304,ok,37.637,2247.320,72.0,52.3,0.0
3881,0.228,ok,37.637,2247.320,72.0,52.3,0.0
3882,0.197,ok,37.637,2247.320,72.0,52.3,0.0
3883,0.189,ok,37.637,2247.320,72.0,52.3,0.0
3884,0.187,ok,37.637,2247.320,72.0,52.3,0.0
3885,0.186,ok,37.637,2247.320,72.0,52.3,0.0
3886,0.199,ok,37.637,2247.320,72.0,52.3,0.0
3887,0.183,ok,37.637,2247.320,72.0,52.3,0.0
3888,0.181,ok,37.637,2247.320,72.0,52.3,0.0
3889,0.178,ok,37.637,2247.320,72.0,52.3,0.0
3890,0.177,ok,37.637,2247.320,72.0,52.3,0.0
3891,0.176,ok,37.637,2247.320,72.0,52.3,0.0
3892,0.220,ok,37.637,2247.320,72.0,52.3,0.0
3893,0.179,ok,37.637,2247.320,72.0,52.3,0.0
3894,0.206,ok,37.637,2247.320,72.0,52.3,0.0
3895,0.170,ok,37.637,2247.320,72.0,52.3,0.0
3896,0.165,ok,37.637,2247.320,72.0,52.3,0.0
3897,0.249,ok,37.637,2247.320,72.0,52.3,0.0
3898,0.226,ok,37.637,2247.320,72.0,52.3,0.0
3899,0.213,ok,37.637,2247.320,72.0,52.3,0.0
3900,0.218,ok,37.637,2247.320,72.0,52.3,0.0
3901,0.213,ok,37.637,2247.320,72.0,52.3,0.0
3902,0.226,ok,37.637,2247.320,72.0,52.3,0.0
3903,0.217,ok,37.637,2247.320,72.0,52.3,0.0
3904,0.221,ok,37.637,2247.320,72.0,52.3,0.0
3905,0.208,ok,37.637,2247.320,72.0,52.3,0.0
3906,0.224,ok,37.637,2247.320,72.0,52.3,0.0
3907,0.215,ok,37.637,2247.320,72.0,52.3,0.0
3908,0.231,ok,37.637,2247.320,72.0,52.3,0.0
3909,0.221,ok,37.637,2247.320,72.0,52.3,0.0
3910,0.254,ok,37.637,2247.320,72.0,52.3,0.0
3911,0.229,ok,37.637,2247.320,72.0,52.3,0.0
3912,0.222,ok,37.637,2247.320,72.0,52.3,0.0
3913,0.210,ok,37.637,2247.320,72.0,52.3,0.0
3914,0.218,ok,37.637,2247.320,72.0,52.3,0.0
3915,0.254,ok,37.637,2247.320,72.0,52.3,0.0
3916,0.221,ok,37.637,2247.320,72.0,52.3,0.0
3917,0.223,ok,37.637,2247.320,72.0,52.3,0.0
3918,0.222,ok,37.637,2247.320,72.0,52.3,0.0
3919,0.223,ok,37.637,2247.320,72.0,52.3,0.0
3920,0.216,ok,37.637,2247.320,72.0,52.3,0.0
3921,0.219,ok,37.637,2247.320,72.0,52.3,0.0
3922,0.208,ok,37.637,2247.320,72.0,52.3,0.0
3923,0.216,ok,37.637,2247.320,72.0,52.3,0.0
3924,0.217,ok,37.637,2247.320,72.0,52.3,0.0
3925,0.219,ok,37.637,2247.320,72.0,52.3,0.0
3926,0.213,ok,37.637,2247.320,72.0,52.3,0.0
3927,0.216,ok,37.637,2247.320,72.0,52.3,0.0
3928,0.213,ok,37.637,2247.320,72.0,52.3,0.0
3929,0.231,ok,37.637,2247.320,72.0,52.3,0.0
3930,0.213,ok,37.637,2247.320,72.0,52.3,0.0
3931,0.215,ok,37.637,2247.320,72.0,52.3,0.0
3932,0.232,ok,37.637,2247.320,72.0,52.3,0.0
3933,0.230,ok,37.637,2247.320,72.0,52.3,0.0
3934,0.225,ok,37.734,2247.320,71.8,52.3,0.0
3935,0.213,ok,37.734,2247.320,71.8,52.3,0.0
3936,0.249,ok,37.734,2247.320,71.8,52.3,0.0
3937,0.221,ok,37.734,2247.320,71.8,52.3,0.0
3938,0.219,ok,37.734,2247.320,71.8,52.3,0.0
3939,0.214,ok,37.734,2247.320,71.8,52.3,0.0
3940,0.211,ok,37.734,2247.320,71.8,52.3,0.0
3941,0.210,ok,37.734,2247.320,71.8,52.3,0.0
3942,0.218,ok,37.734,2247.320,71.8,52.3,0.0
3943,0.219,ok,37.734,2247.320,71.8,52.3,0.0
3944,0.216,ok,37.734,2247.320,71.8,52.3,0.0
3945,0.212,ok,37.734,2247.320,71.8,52.3,0.0
3946,0.210,ok,37.734,2247.320,71.8,52.3,0.0
3947,0.284,ok,37.734,2247.320,71.8,52.3,0.0
3948,0.331,ok,37.734,2247.320,71.8,52.3,0.0
3949,0.259,ok,37.734,2247.320,71.8,52.3,0.0
3950,0.246,ok,37.734,2247.320,71.8,52.3,0.0
3951,0.173,ok,37.734,2247.320,71.8,52.3,0.0
3952,0.221,ok,37.734,2247.320,71.8,52.3,0.0
3953,0.187,ok,37.734,2247.320,71.8,52.3,0.0
3954,0.256,ok,37.734,2247.320,71.8,52.3,0.0
3955,0.216,ok,37.734,2247.320,71.8,52.3,0.0
3956,0.155,ok,37.734,2247.320,71.8,52.3,0.0
3957,0.151,ok,37.734,2247.320,71.8,52.3,0.0
3958,0.223,ok,37.734,2247.320,71.8,52.3,0.0
3959,0.168,ok,37.734,2247.320,71.8,52.3,0.0
3960,0.263,ok,37.734,2247.320,71.8,52.3,0.0
3961,0.266,ok,37.734,2247.320,71.8,52.3,0.0
3962,0.248,ok,37.734,2247.320,71.8,52.3,0.0
3963,0.243,ok,37.734,2247.320,71.8,52.3,0.0
3964,0.227,ok,37.734,2247.320,71.8,52.3,0.0
3965,0.242,ok,37.734,2247.320,71.8,52.3,0.0
3966,0.228,ok,37.734,2247.320,71.8,52.3,0.0
3967,0.224,ok,37.734,2247.320,71.8,52.3,0.0
3968,0.217,ok,37.734,2247.320,71.8,52.3,0.0
3969,0.218,ok,37.734,2247.320,71.8,52.3,0.0
3970,0.216,ok,37.734,2247.320,71.8,52.3,0.0
3971,0.208,ok,37.734,2247.320,71.8,52.3,0.0
3972,0.219,ok,37.734,2247.320,71.8,52.3,0.0
3973,0.215,ok,37.734,2247.320,71.8,52.3,0.0
3974,0.250,ok,37.734,2247.320,71.8,52.3,0.0
3975,0.225,ok,37.734,2247.320,71.8,52.3,0.0
3976,0.283,ok,37.734,2247.320,71.8,52.3,0.0
3977,0.265,ok,37.734,2247.320,71.8,52.3,0.0
3978,0.252,ok,37.734,2247.320,71.8,52.3,0.0
3979,0.261,ok,37.734,2247.320,71.8,52.3,0.0
3980,0.214,ok,37.734,2247.320,71.8,52.3,0.0
3981,0.214,ok,37.734,2247.320,71.8,52.3,0.0
3982,0.229,ok,37.734,2247.320,71.8,52.3,0.0
3983,0.264,ok,37.734,2247.320,71.8,52.3,0.0
3984,0.243,ok,37.734,2247.320,71.8,52.3,0.0
3985,0.229,ok,37.734,2247.320,71.8,52.3,0.0
3986,0.224,ok,37.734,2247.320,71.8,52.3,0.0
3987,0.233,ok,37.734,2247.320,71.8,52.3,0.0
3988,0.243,ok,37.734,2247.320,71.8,52.3,0.0
3989,0.219,ok,37.734,2247.320,71.8,52.3,0.0
3990,0.231,ok,37.734,2247.320,71.8,52.3,0.0
3991,0.223,ok,37.734,2247.320,71.8,52.3,0.0
3992,0.251,ok,37.734,2247.320,71.8,52.3,0.0
3993,0.226,ok,37.734,2247.320,71.8,52.3,0.0
3994,0.234,ok,37.734,2247.320,71.8,52.3,0.0
3995,0.221,ok,37.734,2247.320,71.8,52.3,0.0
3996,0.235,ok,37.734,2247.320,71.8,52.3,0.0
3997,0.218,ok,37.734,2247.320,71.8,52.3,0.0
3998,0.228,ok,37.734,2247.320,71.8,52.3,0.0
3999,0.221,ok,37.734,2247.320,71.8,52.3,0.0
4000,0.268,ok,37.734,2247.320,71.8,52.3,0.0
4001,0.284,ok,37.734,2247.320,71.8,52.3,0.0
4002,0.221,ok,37.734,2247.320,71.8,52.3,0.0
4003,0.216,ok,37.734,2247.320,71.8,52.3,0.0
4004,0.200,ok,37.734,2247.320,71.8,52.3,0.0
4005,0.225,ok,37.734,2247.320,71.8,52.3,0.0
4006,0.210,ok,37.734,2247.320,71.8,52.3,0.0
4007,0.223,ok,37.734,2247.320,71.8,52.3,0.0
4008,0.214,ok,37.734,2247.320,71.8,52.3,0.0
4009,0.212,ok,37.734,2247.320,71.8,52.3,0.0
4010,0.220,ok,37.734,2247.320,71.8,52.3,0.0
4011,0.210,ok,37.734,2247.320,71.8,52.3,0.0
4012,0.209,ok,37.734,2247.320,71.8,52.3,0.0
4013,0.221,ok,37.734,2247.320,71.8,52.3,0.0
4014,0.209,ok,37.734,2247.320,71.8,52.3,0.0
4015,0.206,ok,37.734,2247.320,71.8,52.3,0.0
4016,0.212,ok,37.734,2247.320,71.8,52.3,0.0
4017,0.209,ok,37.734,2247.320,71.8,52.3,0.0
4018,0.205,ok,37.734,2247.320,71.8,52.3,0.0
4019,0.202,ok,37.734,2247.320,71.8,52.3,0.0
4020,0.205,ok,37.734,2247.320,71.8,52.3,0.0
4021,0.214,ok,37.734,2247.320,71.8,52.3,0.0
4022,0.280,ok,37.734,2247.320,71.8,52.3,0.0
4023,0.238,ok,37.734,2247.320,71.8,52.3,0.0
4024,0.218,ok,37.734,2247.320,71.8,52.3,0.0
4025,0.227,ok,37.734,2247.320,71.8,52.3,0.0
4026,0.243,ok,37.734,2247.320,71.8,52.3,0.0
4027,0.248,ok,37.734,2247.320,71.8,52.3,0.0
4028,0.228,ok,37.734,2247.320,71.8,52.3,0.0
4029,0.220,ok,37.734,2247.320,71.8,52.3,0.0
4030,0.228,ok,37.734,2247.320,71.8,52.3,0.0
4031,0.241,ok,37.734,2247.320,71.8,52.3,0.0
4032,0.223,ok,37.734,2247.320,71.8,52.3,0.0
4033,0.215,ok,37.734,2247.320,71.8,52.3,0.0
4034,0.230,ok,37.734,2247.320,71.8,52.3,0.0
4035,0.229,ok,37.734,2247.320,71.8,52.3,0.0
4036,0.235,ok,37.734,2247.320,71.8,52.3,0.0
4037,0.223,ok,37.734,2247.320,71.8,52.3,0.0
4038,0.227,ok,37.734,2247.320,71.8,52.3,0.0
4039,0.222,ok,37.734,2247.320,71.8,52.3,0.0
4040,0.218,ok,37.734,2247.320,71.8,52.3,0.0
4041,0.214,ok,37.734,2247.320,71.8,52.3,0.0
4042,0.214,ok,37.734,2247.320,71.8,52.3,0.0
4043,0.264,ok,37.734,2247.320,71.8,52.3,0.0
4044,0.225,ok,37.734,2247.320,71.8,52.3,0.0
4045,0.216,ok,37.734,2247.320,71.8,52.3,0.0
4046,0.244,ok,37.734,2247.320,71.8,52.3,0.0
4047,0.225,ok,37.734,2247.320,71.8,52.3,0.0
4048,0.221,ok,37.734,2247.320,71.8,52.3,0.0
4049,0.214,ok,37.734,2247.320,71.8,52.3,0.0
4050,0.215,ok,37.734,2247.320,71.8,52.3,0.0
4051,0.216,ok,37.734,2247.320,71.8,52.3,0.0
4052,0.238,ok,37.734,2247.320,71.8,52.3,0.0
4053,0.224,ok,37.734,2247.320,71.8,52.3,0.0
4054,0.221,ok,37.734,2247.320,71.8,52.3,0.0
4055,0.211,ok,37.734,2247.320,71.8,52.3,0.0
4056,0.230,ok,37.734,2247.320,71.8,52.3,0.0
4057,0.244,ok,37.734,2247.320,71.8,52.3,0.0
4058,0.231,ok,37.734,2247.320,71.8,52.3,0.0
4059,0.215,ok,37.734,2247.320,71.8,52.3,0.0
4060,0.211,ok,37.734,2247.320,71.8,52.3,0.0
4061,0.211,ok,37.734,2247.320,71.8,52.3,0.0
4062,0.210,ok,37.734,2247.320,71.8,52.3,0.0
4063,0.205,ok,37.734,2247.320,71.8,52.3,0.0
4064,0.243,ok,37.734,2247.320,71.8,52.3,0.0
4065,0.218,ok,37.734,2247.320,71.8,52.3,0.0
4066,0.209,ok,37.734,2247.320,71.8,52.3,0.0
4067,0.207,ok,37.734,2247.320,71.8,52.3,0.0
4068,0.203,ok,37.734,2247.320,71.8,52.3,0.0
4069,0.204,ok,37.734,2247.320,71.8,52.3,0.0
4070,0.215,ok,37.734,2247.320,71.8,52.3,0.0
4071,0.207,ok,37.734,2247.320,71.8,52.3,0.0
4072,0.205,ok,37.734,2247.320,71.8,52.3,0.0
4073,0.204,ok,37.734,2247.320,71.8,52.3,0.0
4074,0.222,ok,37.734,2247.320,71.8,52.3,0.0
4075,0.212,ok,37.734,2247.320,71.8,52.3,0.0
4076,0.213,ok,37.734,2247.320,71.8,52.3,0.0
4077,0.211,ok,37.734,2247.320,71.8,52.3,0.0
4078,0.203,ok,37.734,2247.320,71.8,52.3,0.0
4079,0.213,ok,37.734,2247.320,71.8,52.3,0.0
4080,0.208,ok,37.734,2247.320,71.8,52.3,0.0
4081,0.224,ok,37.734,2247.320,71.8,52.3,0.0
4082,0.213,ok,37.734,2247.320,71.8,52.3,0.0
4083,0.208,ok,37.734,2247.320,71.8,52.3,0.0
4084,0.213,ok,37.734,2247.320,71.8,52.3,0.0
4085,0.206,ok,37.734,2247.320,71.8,52.3,0.0
4086,0.241,ok,37.734,2247.320,71.8,52.3,0.0
4087,0.208,ok,37.734,2247.320,71.8,52.3,0.0
4088,0.209,ok,37.734,2247.320,71.8,52.3,0.0
4089,0.220,ok,37.734,2247.320,71.8,52.3,0.0
4090,0.226,ok,37.734,2247.320,71.8,52.3,0.0
4091,0.217,ok,37.734,2247.320,71.8,52.3,0.0
4092,0.213,ok,37.734,2247.320,71.8,52.3,0.0
4093,0.216,ok,37.734,2247.320,71.8,52.3,0.0
4094,0.214,ok,37.734,2247.320,71.8,52.3,0.0
4095,0.223,ok,37.734,2247.320,71.8,52.3,0.0
4096,0.212,ok,37.734,2247.320,71.8,52.3,0.0
4097,0.213,ok,37.734,2247.320,71.8,52.3,0.0
4098,0.220,ok,37.734,2247.320,71.8,52.3,0.0
4099,0.217,ok,37.734,2247.320,71.8,52.3,0.0
4100,0.182,ok,37.734,2247.320,71.8,52.3,0.0
4101,0.167,ok,37.734,2247.320,71.8,52.3,0.0
4102,0.166,ok,37.734,2247.320,71.8,52.3,0.0
4103,0.169,ok,37.734,2247.320,71.8,52.3,0.0
4104,0.168,ok,37.734,2247.320,71.8,52.3,0.0
4105,0.180,ok,37.734,2247.320,71.8,52.3,0.0
4106,0.175,ok,37.734,2247.320,71.8,52.3,0.0
4107,0.254,ok,37.734,2247.320,71.8,52.3,0.0
4108,0.232,ok,37.734,2247.320,71.8,52.3,0.0
4109,0.215,ok,37.734,2247.320,71.8,52.3,0.0
4110,0.214,ok,37.734,2247.320,71.8,52.3,0.0
4111,0.208,ok,37.734,2247.320,71.8,52.3,0.0
4112,0.213,ok,37.734,2247.320,71.8,52.3,0.0
4113,0.210,ok,37.734,2247.320,71.8,52.3,0.0
4114,0.209,ok,37.734,2247.320,71.8,52.3,0.0
4115,0.206,ok,37.734,2247.320,71.8,52.3,0.0
4116,0.213,ok,37.734,2247.320,71.8,52.3,0.0
4117,0.214,ok,37.734,2247.320,71.8,52.3,0.0
4118,0.215,ok,37.734,2247.320,71.8,52.3,0.0
4119,0.206,ok,37.734,2247.320,71.8,52.3,0.0
4120,0.208,ok,37.734,2247.320,71.8,52.3,0.0
4121,0.205,ok,37.734,2247.320,71.8,52.3,0.0
4122,0.230,ok,37.734,2247.320,71.8,52.3,0.0
4123,0.220,ok,37.734,2247.320,71.8,52.3,0.0
4124,0.228,ok,37.734,2247.320,71.8,52.3,0.0
4125,0.212,ok,37.734,2247.320,71.8,52.3,0.0
4126,0.211,ok,37.734,2247.320,71.8,52.3,0.0
4127,0.222,ok,37.734,2247.320,71.8,52.3,0.0
4128,0.265,ok,37.734,2247.320,71.8,52.3,0.0
4129,0.221,ok,37.734,2247.320,71.8,52.3,0.0
4130,0.216,ok,37.734,2247.320,71.8,52.3,0.0
4131,0.278,ok,37.734,2247.320,71.8,52.3,0.0
4132,0.294,ok,37.734,2247.320,71.8,52.3,0.0
4133,0.256,ok,37.734,2247.320,71.8,52.3,0.0
4134,0.262,ok,37.734,2247.320,71.8,52.3,0.0
4135,0.259,ok,37.734,2247.320,71.8,52.3,0.0
4136,0.257,ok,37.734,2247.320,71.8,52.3,0.0
4137,0.252,ok,37.734,2247.320,71.8,52.3,0.0
4138,0.260,ok,37.734,2247.320,71.8,52.3,0.0
4139,0.256,ok,37.734,2247.320,71.8,52.3,0.0
4140,0.255,ok,37.734,2247.320,71.8,52.3,0.0
4141,0.313,ok,37.734,2247.320,71.8,52.3,0.0
4142,0.267,ok,37.734,2247.320,71.8,52.3,0.0
4143,0.248,ok,37.734,2247.320,71.8,52.3,0.0
4144,0.232,ok,37.734,2247.320,71.8,52.3,0.0
4145,0.222,ok,37.734,2247.320,71.8,52.3,0.0
4146,0.238,ok,37.734,2247.320,71.8,52.3,0.0
4147,0.232,ok,37.734,2247.320,71.8,52.3,0.0
4148,0.254,ok,37.734,2247.320,71.8,52.3,0.0
4149,0.285,ok,37.734,2247.320,71.8,52.3,0.0
4150,0.364,ok,37.734,2247.320,71.8,52.3,0.0
4151,0.323,ok,37.734,2247.320,71.8,52.3,0.0
4152,0.274,ok,37.734,2247.320,71.8,52.3,0.0
4153,0.326,ok,37.734,2247.320,71.8,52.3,0.0
4154,0.269,ok,37.734,2247.320,71.8,52.3,0.0
4155,0.224,ok,37.734,2247.320,71.8,52.3,0.0
4156,0.209,ok,37.734,2247.320,71.8,52.3,0.0
4157,0.212,ok,37.734,2247.320,71.8,52.3,0.0
4158,0.217,ok,37.734,2247.320,71.8,52.3,0.0
4159,0.219,ok,37.734,2247.320,71.8,52.3,0.0
4160,0.222,ok,37.734,2247.320,71.8,52.3,0.0
4161,0.218,ok,37.734,2247.320,71.8,52.3,0.0
4162,0.232,ok,37.734,2247.320,71.8,52.3,0.0
4163,0.224,ok,37.734,2247.320,71.8,52.3,0.0
4164,0.248,ok,37.734,2247.320,71.8,52.3,0.0
4165,0.241,ok,37.734,2247.320,71.8,52.3,0.0
4166,0.247,ok,37.734,2247.320,71.8,52.3,0.0
4167,0.273,ok,37.734,2247.320,71.8,52.3,0.0
4168,0.321,ok,37.734,2247.320,71.8,52.3,0.0
4169,0.269,ok,37.734,2247.320,71.8,52.3,0.0
4170,0.298,ok,37.734,2247.320,71.8,52.3,0.0
4171,0.265,ok,37.734,2247.320,71.8,52.3,0.0
4172,0.202,ok,37.734,2247.320,71.8,52.3,0.0
4173,0.205,ok,37.734,2247.320,71.8,52.3,0.0
4174,0.236,ok,37.734,2247.320,71.8,52.3,0.0
4175,0.346,ok,37.734,2247.320,71.8,52.3,0.0
4176,0.262,ok,37.734,2247.320,71.8,52.3,0.0
4177,0.235,ok,37.734,2247.320,71.8,52.3,0.0
4178,0.212,ok,37.734,2247.320,71.8,52.3,0.0
4179,0.217,ok,37.734,2247.320,71.8,52.3,0.0
4180,0.270,ok,37.734,2247.320,71.8,52.3,0.0
4181,0.198,ok,37.734,2247.320,71.8,52.3,0.0
4182,0.244,ok,37.734,2247.320,71.8,52.3,0.0
4183,0.252,ok,37.734,2247.320,71.8,52.3,0.0
4184,0.233,ok,37.734,2247.320,71.8,52.3,0.0
4185,0.257,ok,37.734,2247.320,71.8,52.3,0.0
4186,0.216,ok,37.734,2247.320,71.8,52.3,0.0
4187,0.181,ok,37.734,2247.320,71.8,52.3,0.0
4188,0.209,ok,37.734,2247.320,71.8,52.3,0.0
4189,0.170,ok,37.734,2247.320,71.8,52.3,0.0
4190,0.159,ok,37.734,2247.320,71.8,52.3,0.0
4191,0.171,ok,37.734,2247.320,71.8,52.3,0.0
4192,0.198,ok,37.734,2247.320,71.8,52.3,0.0
4193,0.166,ok,37.734,2247.320,71.8,52.3,0.0
4194,0.155,ok,37.734,2247.320,71.8,52.3,0.0
4195,0.159,ok,37.734,2247.320,71.8,52.3,0.0
4196,0.153,ok,37.734,2247.320,71.8,52.3,0.0
4197,0.223,ok,37.734,2247.320,71.8,52.3,0.0
4198,0.222,ok,37.734,2247.320,71.8,52.3,0.0
4199,0.214,ok,37.734,2247.320,71.8,52.3,0.0
4200,0.202,ok,37.734,2247.320,71.8,52.3,0.0
4201,0.206,ok,37.734,2247.320,71.8,52.3,0.0
4202,0.200,ok,37.734,2247.320,71.8,52.3,0.0
4203,0.201,ok,37.734,2247.320,71.8,52.3,0.0
4204,0.193,ok,37.734,2247.320,71.8,52.3,0.0
4205,0.200,ok,37.734,2247.320,71.8,52.3,0.0
4206,0.202,ok,37.734,2247.320,71.8,52.3,0.0
4207,0.208,ok,37.734,2247.320,71.8,52.3,0.0
4208,0.216,ok,37.734,2247.320,71.8,52.3,0.0
4209,0.205,ok,37.734,2247.320,71.8,52.3,0.0
4210,0.216,ok,37.734,2247.320,71.8,52.3,0.0
4211,0.210,ok,37.734,2247.320,71.8,52.3,0.0
4212,0.203,ok,37.734,2247.320,71.8,52.3,0.0
4213,0.247,ok,37.734,2247.320,71.8,52.3,0.0
4214,0.254,ok,37.734,2247.320,71.8,52.3,0.0
4215,0.217,ok,37.734,2247.320,71.8,52.3,0.0
4216,0.211,ok,37.734,2247.320,71.8,52.3,0.0
4217,0.202,ok,37.734,2247.320,71.8,52.3,0.0
4218,0.204,ok,37.734,2247.320,71.8,52.3,0.0
4219,0.201,ok,37.734,2247.320,71.8,52.3,0.0
4220,0.216,ok,37.734,2247.320,71.8,52.3,0.0
4221,0.207,ok,37.734,2247.320,71.8,52.3,0.0
4222,0.222,ok,37.734,2247.320,71.8,52.3,0.0
4223,0.206,ok,37.734,2247.320,71.8,52.3,0.0
4224,0.209,ok,37.734,2247.320,71.8,52.3,0.0
4225,0.215,ok,37.734,2247.320,71.8,52.3,0.0
4226,0.212,ok,37.734,2247.320,71.8,52.3,0.0
4227,0.203,ok,37.734,2247.320,71.8,52.3,0.0
4228,0.207,ok,37.734,2247.320,71.8,52.3,0.0
4229,0.199,ok,37.734,2247.320,71.8,52.3,0.0
4230,0.280,ok,37.734,2247.320,71.8,52.3,0.0
4231,0.232,ok,37.734,2247.320,71.8,52.3,0.0
4232,0.183,ok,37.734,2247.320,71.8,52.3,0.0
4233,0.224,ok,37.734,2247.320,71.8,52.3,0.0
4234,0.197,ok,37.734,2247.320,71.8,52.3,0.0
4235,0.324,ok,37.734,2247.320,71.8,52.3,0.0
4236,0.235,ok,37.734,2247.320,71.8,52.3,0.0
4237,0.174,ok,37.734,2247.320,71.8,52.3,0.0
4238,0.160,ok,37.734,2247.320,71.8,52.3,0.0
4239,0.167,ok,37.734,2247.320,71.8,52.3,0.0
4240,0.156,ok,37.734,2247.320,71.8,52.3,0.0
4241,0.149,ok,37.734,2247.320,71.8,52.3,0.0
4242,0.150,ok,37.734,2247.320,71.8,52.3,0.0
4243,0.146,ok,37.734,2247.320,71.8,52.3,0.0
4244,0.152,ok,37.734,2247.320,71.8,52.3,0.0
4245,0.152,ok,37.734,2247.320,71.8,52.3,0.0
4246,0.149,ok,37.734,2247.320,71.8,52.3,0.0
4247,0.149,ok,37.734,2247.320,71.8,52.3,0.0
4248,0.166,ok,37.734,2247.320,71.8,52.3,0.0
4249,0.150,ok,37.734,2247.320,71.8,52.3,0.0
4250,0.145,ok,37.734,2247.320,71.8,52.3,0.0
4251,0.145,ok,37.734,2247.320,71.8,52.3,0.0
4252,0.283,ok,37.734,2247.320,71.8,52.3,0.0
4253,0.182,ok,37.734,2247.320,71.8,52.3,0.0
4254,0.154,ok,37.734,2247.320,71.8,52.3,0.0
4255,0.155,ok,37.734,2247.320,71.8,52.3,0.0
4256,0.188,ok,37.734,2247.320,71.8,52.3,0.0
4257,0.207,ok,37.734,2247.320,71.8,52.3,0.0
4258,0.211,ok,37.734,2247.320,71.8,52.3,0.0
4259,0.210,ok,37.734,2247.320,71.8,52.3,0.0
4260,0.188,ok,37.734,2247.320,71.8,52.3,0.0
4261,0.189,ok,37.734,2247.320,71.8,52.3,0.0
4262,0.192,ok,37.734,2247.320,71.8,52.3,0.0
4263,0.214,ok,37.734,2247.320,71.8,52.3,0.0
4264,0.212,ok,37.734,2247.320,71.8,52.3,0.0
4265,0.193,ok,37.734,2247.320,71.8,52.3,0.0
4266,0.187,ok,37.734,2247.320,71.8,52.3,0.0
4267,0.197,ok,37.734,2247.320,71.8,52.3,0.0
4268,0.200,ok,37.734,2247.320,71.8,52.3,0.0
4269,0.201,ok,37.734,2247.320,71.8,52.3,0.0
4270,0.194,ok,37.734,2247.320,71.8,52.3,0.0
4271,0.339,ok,37.734,2247.320,71.8,52.3,0.0
4272,0.302,ok,37.734,2247.320,71.8,52.3,0.0
4273,0.296,ok,37.734,2247.320,71.8,52.3,0.0
4274,0.286,ok,37.734,2247.320,71.8,52.3,0.0
4275,0.291,ok,37.734,2247.320,71.8,52.3,0.0
4276,0.283,ok,37.734,2247.320,71.8,52.3,0.0
4277,0.275,ok,37.734,2247.320,71.8,52.3,0.0
4278,0.365,ok,37.734,2247.320,71.8,52.3,0.0
4279,0.300,ok,37.734,2247.320,71.8,52.3,0.0
4280,0.272,ok,37.734,2247.320,71.8,52.3,0.0
4281,0.271,ok,37.734,2247.320,71.8,52.3,0.0
4282,0.266,ok,37.734,2247.320,71.8,52.3,0.0
4283,0.355,ok,37.734,2247.320,71.8,52.3,0.0
4284,0.255,ok,37.734,2247.320,71.8,52.3,0.0
4285,0.265,ok,37.734,2247.320,71.8,52.3,0.0
4286,0.265,ok,37.734,2247.320,71.8,52.3,0.0
4287,0.266,ok,37.734,2247.320,71.8,52.3,0.0
4288,0.195,ok,37.734,2247.320,71.8,52.3,0.0
4289,0.225,ok,37.734,2247.320,71.8,52.3,0.0
4290,0.219,ok,37.734,2247.320,71.8,52.3,0.0
4291,0.241,ok,37.734,2247.320,71.8,52.3,0.0
4292,0.212,ok,37.734,2247.320,71.8,52.3,0.0
4293,0.258,ok,37.734,2247.320,71.8,52.3,0.0
4294,0.189,ok,37.734,2247.320,71.8,52.3,0.0
4295,0.253,ok,37.734,2247.320,71.8,52.3,0.0
4296,0.188,ok,37.734,2247.320,71.8,52.3,0.0
4297,0.207,ok,37.734,2247.320,71.8,52.3,0.0
4298,0.226,ok,37.734,2247.320,71.8,52.3,0.0
4299,0.338,ok,37.734,2247.320,71.8,52.3,0.0
4300,0.210,ok,37.734,2247.320,71.8,52.3,0.0
4301,0.182,ok,37.734,2247.320,71.8,52.3,0.0
4302,0.261,ok,37.734,2247.320,71.8,52.3,0.0
4303,0.253,ok,37.734,2247.320,71.8,52.3,0.0
4304,0.261,ok,37.734,2247.320,71.8,52.3,0.0
4305,0.243,ok,37.734,2247.320,71.8,52.3,0.0
4306,0.227,ok,37.734,2247.320,71.8,52.3,0.0
4307,0.213,ok,37.734,2247.320,71.8,52.3,0.0
4308,0.216,ok,37.734,2247.320,71.8,52.3,0.0
4309,0.236,ok,37.734,2247.320,71.8,52.3,0.0
4310,0.241,ok,37.734,2247.320,71.8,52.3,0.0
4311,0.258,ok,37.734,2247.320,71.8,52.3,0.0
4312,0.246,ok,37.734,2247.320,71.8,52.3,0.0
4313,0.225,ok,37.734,2247.320,71.8,52.3,0.0
4314,0.248,ok,37.734,2247.320,71.8,52.3,0.0
4315,0.247,ok,37.734,2247.320,71.8,52.3,0.0
4316,0.255,ok,37.734,2247.320,71.8,52.3,0.0
4317,0.239,ok,37.734,2247.320,71.8,52.3,0.0
4318,0.225,ok,37.734,2247.320,71.8,52.3,0.0
4319,0.244,ok,37.734,2247.320,71.8,52.3,0.0
4320,0.262,ok,37.734,2247.320,71.8,52.3,0.0
4321,0.233,ok,37.734,2247.320,71.8,52.3,0.0
4322,0.180,ok,37.734,2247.320,71.8,52.3,0.0
4323,0.230,ok,37.734,2247.320,71.8,52.3,0.0
4324,0.185,ok,37.734,2247.320,71.8,52.3,0.0
4325,0.234,ok,37.734,2247.320,71.8,52.3,0.0
4326,0.228,ok,37.734,2247.320,71.8,52.3,0.0
4327,0.201,ok,37.734,2247.320,71.8,52.3,0.0
4328,0.189,ok,37.734,2247.320,71.8,52.3,0.0
4329,0.185,ok,37.734,2247.320,71.8,52.3,0.0
4330,0.199,ok,37.734,2247.320,71.8,52.3,0.0
4331,0.202,ok,37.734,2247.320,71.8,52.3,0.0
4332,0.186,ok,37.734,2247.320,71.8,52.3,0.0
4333,0.195,ok,37.734,2247.320,71.8,52.3,0.0
4334,0.189,ok,37.734,2247.320,71.8,52.3,0.0
4335,0.186,ok,37.734,2247.320,71.8,52.3,0.0
4336,0.177,ok,37.734,2247.320,71.8,52.3,0.0
4337,0.177,ok,37.734,2247.320,71.8,52.3,0.0
4338,0.195,ok,37.734,2247.320,71.8,52.3,0.0
4339,0.183,ok,37.734,2247.320,71.8,52.3,0.0
4340,0.180,ok,37.734,2247.320,71.8,52.3,0.0
4341,0.208,ok,37.734,2247.320,71.8,52.3,0.0
4342,0.219,ok,37.734,2247.320,71.8,52.3,0.0
4343,0.209,ok,37.734,2247.320,71.8,52.3,0.0
4344,0.180,ok,37.734,2247.320,71.8,52.3,0.0
4345,0.182,ok,37.734,2247.320,71.8,52.3,0.0
4346,0.175,ok,37.734,2247.320,71.8,52.3,0.0
4347,0.181,ok,37.734,2247.320,71.8,52.3,0.0
4348,0.175,ok,37.734,2247.320,71.8,52.3,0.0
4349,0.236,ok,37.734,2247.320,71.8,52.3,0.0
4350,0.273,ok,37.734,2247.320,71.8,52.3,0.0
4351,0.230,ok,37.734,2247.320,71.8,52.3,0.0
4352,0.210,ok,37.734,2247.320,71.8,52.3,0.0
4353,0.242,ok,37.734,2247.320,71.8,52.3,0.0
4354,0.309,ok,37.734,2247.320,71.8,52.3,0.0
4355,0.296,ok,37.734,2247.320,71.8,52.3,0.0
4356,0.293,ok,37.734,2247.320,71.8,52.3,0.0
4357,0.284,ok,37.734,2247.320,71.8,52.3,0.0
4358,0.278,ok,37.734,2247.320,71.8,52.3,0.0
4359,0.238,ok,37.734,2247.320,71.8,52.3,0.0
4360,0.280,ok,37.734,2247.320,71.8,52.3,0.0
4361,0.226,ok,37.734,2247.320,71.8,52.3,0.0
4362,0.270,ok,37.734,2247.320,71.8,52.3,0.0
4363,0.310,ok,37.734,2247.320,71.8,52.3,0.0
4364,0.379,ok,37.734,2247.320,71.8,52.3,0.0
4365,0.366,ok,37.734,2247.320,71.8,52.3,0.0
4366,0.352,ok,37.734,2247.320,71.8,52.3,0.0
4367,0.383,ok,37.734,2247.320,71.8,52.3,0.0
4368,0.401,ok,37.734,2247.320,71.8,52.3,0.0
4369,0.367,ok,37.734,2247.320,71.8,52.3,0.0
4370,0.340,ok,37.734,2247.320,71.8,52.3,0.0
4371,0.379,ok,37.734,2247.320,71.8,52.3,0.0
4372,0.399,ok,37.734,2247.320,71.8,52.3,0.0
4373,0.344,ok,37.734,2247.320,71.8,52.3,0.0
4374,0.303,ok,37.734,2247.320,71.8,52.3,0.0
4375,0.337,ok,37.734,2247.320,71.8,52.3,0.0
4376,0.311,ok,37.734,2247.320,71.8,52.3,0.0
4377,0.296,ok,37.734,2247.320,71.8,52.3,0.0
4378,0.296,ok,37.734,2247.320,71.8,52.3,0.0
4379,0.295,ok,37.734,2247.320,71.8,52.3,0.0
4380,0.276,ok,37.734,2247.320,71.8,52.3,0.0
4381,0.249,ok,37.734,2247.320,71.8,52.3,0.0
4382,0.340,ok,37.734,2247.320,71.8,52.3,0.0
4383,0.372,ok,37.734,2247.320,71.8,52.3,0.0
4384,0.367,ok,37.734,2247.320,71.8,52.3,0.0
4385,0.289,ok,37.734,2247.320,71.8,52.3,0.0
4386,0.225,ok,37.734,2247.320,71.8,52.3,0.0
4387,0.231,ok,37.734,2247.320,71.8,52.3,0.0
4388,0.257,ok,37.734,2247.320,71.8,52.3,0.0
4389,0.321,ok,37.734,2247.320,71.8,52.3,0.0
4390,0.276,ok,37.734,2247.320,71.8,52.3,0.0
4391,0.196,ok,37.734,2247.320,71.8,52.3,0.0
4392,0.187,ok,37.734,2247.320,71.8,52.3,0.0
4393,0.170,ok,37.734,2247.320,71.8,52.3,0.0
4394,0.162,ok,37.734,2247.320,71.8,52.3,0.0
4395,0.195,ok,37.734,2247.320,71.8,52.3,0.0
4396,0.161,ok,37.734,2247.320,71.8,52.3,0.0
4397,0.161,ok,37.734,2247.320,71.8,52.3,0.0
4398,0.216,ok,37.734,2247.320,71.8,52.3,0.0
4399,0.273,ok,37.734,2247.320,71.8,52.3,0.0
4400,0.220,ok,37.734,2247.320,71.8,52.3,0.0
4401,0.200,ok,37.734,2247.320,71.8,52.3,0.0
4402,0.223,ok,37.734,2247.320,71.8,52.3,0.0
4403,0.276,ok,37.734,2247.320,71.8,52.3,0.0
4404,0.241,ok,37.734,2247.320,71.8,52.3,0.0
4405,0.208,ok,37.734,2247.320,71.8,52.3,0.0
4406,0.229,ok,37.734,2247.320,71.8,52.3,0.0
4407,0.214,ok,37.734,2247.320,71.8,52.3,0.0
4408,0.211,ok,37.734,2247.320,71.8,52.3,0.0
4409,0.217,ok,37.734,2247.320,71.8,52.3,0.0
4410,0.200,ok,37.734,2247.320,71.8,52.3,0.0
4411,0.217,ok,37.734,2247.320,71.8,52.3,0.0
4412,0.169,ok,37.734,2247.320,71.8,52.3,0.0
4413,0.202,ok,37.734,2247.320,71.8,52.3,0.0
4414,0.168,ok,37.734,2247.320,71.8,52.3,0.0
4415,0.191,ok,37.734,2247.320,71.8,52.3,0.0
4416,0.174,ok,37.734,2247.320,71.8,52.3,0.0
4417,0.209,ok,37.734,2247.320,71.8,52.3,0.0
4418,0.191,ok,37.734,2247.320,71.8,52.3,0.0
4419,0.196,ok,37.734,2247.320,71.8,52.3,0.0
4420,0.163,ok,37.734,2247.320,71.8,52.3,0.0
4421,0.193,ok,37.734,2247.320,71.8,52.3,0.0
4422,0.225,ok,37.734,2247.320,71.8,52.3,0.0
4423,0.261,ok,37.734,2247.320,71.8,52.3,0.0
4424,0.186,ok,37.734,2247.320,71.8,52.3,0.0
4425,0.155,ok,37.734,2247.320,71.8,52.3,0.0
4426,0.160,ok,37.734,2247.320,71.8,52.3,0.0
4427,0.198,ok,37.734,2247.320,71.8,52.3,0.0
4428,0.245,ok,37.734,2247.320,71.8,52.3,0.0
4429,0.258,ok,37.734,2247.320,71.8,52.3,0.0
4430,0.232,ok,37.734,2247.320,71.8,52.3,0.0
4431,0.190,ok,37.734,2247.320,71.8,52.3,0.0
4432,0.171,ok,37.734,2247.320,71.8,52.3,0.0
4433,0.157,ok,37.734,2247.320,71.8,52.3,0.0
4434,0.155,ok,37.734,2247.320,71.8,52.3,0.0
4435,0.151,ok,37.734,2247.320,71.8,52.3,0.0
4436,0.159,ok,37.734,2247.320,71.8,52.3,0.0
4437,0.256,ok,37.734,2247.320,71.8,52.3,0.0
4438,0.231,ok,37.734,2247.320,71.8,52.3,0.0
4439,0.230,ok,37.734,2247.320,71.8,52.3,0.0
4440,0.217,ok,37.734,2247.320,71.8,52.3,0.0
4441,0.240,ok,37.734,2247.320,71.8,52.3,0.0
4442,0.243,ok,37.734,2247.320,71.8,52.3,0.0
4443,0.253,ok,37.734,2247.320,71.8,52.3,0.0
4444,0.256,ok,37.734,2247.320,71.8,52.3,0.0
4445,0.212,ok,37.734,2247.320,71.8,52.3,0.0
4446,0.214,ok,37.734,2247.320,71.8,52.3,0.0
4447,0.219,ok,37.734,2247.320,71.8,52.3,0.0
4448,0.269,ok,37.734,2247.320,71.8,52.3,0.0
4449,0.224,ok,37.734,2247.320,71.8,52.3,0.0
4450,0.204,ok,37.734,2247.320,71.8,52.3,0.0
4451,0.233,ok,37.734,2247.320,71.8,52.3,0.0
4452,0.238,ok,37.734,2247.320,71.8,52.3,0.0
4453,0.237,ok,37.734,2247.320,71.8,52.3,0.0
4454,0.206,ok,37.734,2247.320,71.8,52.3,0.0
4455,0.221,ok,37.734,2247.320,71.8,52.3,0.0
4456,0.230,ok,37.734,2247.320,71.8,52.3,0.0
4457,0.260,ok,37.734,2247.320,71.8,52.3,0.0
4458,0.231,ok,37.734,2247.320,71.8,52.3,0.0
4459,0.193,ok,37.734,2247.320,71.8,52.3,0.0
4460,0.184,ok,37.734,2247.320,71.8,52.3,0.0
4461,0.172,ok,37.734,2247.320,71.8,52.3,0.0
4462,0.197,ok,37.734,2247.320,71.8,52.3,0.0
4463,0.174,ok,37.734,2247.320,71.8,52.3,0.0
4464,0.185,ok,37.734,2247.320,71.8,52.3,0.0
4465,0.190,ok,37.734,2247.320,71.8,52.3,0.0
4466,0.180,ok,37.734,2247.320,71.8,52.3,0.0
4467,0.165,ok,37.734,2247.320,71.8,52.3,0.0
4468,0.211,ok,37.734,2247.320,71.8,52.3,0.0
4469,0.223,ok,37.734,2247.320,71.8,52.3,0.0
4470,0.270,ok,37.734,2247.320,71.8,52.3,0.0
4471,0.233,ok,37.734,2247.320,71.8,52.3,0.0
4472,0.214,ok,37.734,2247.320,71.8,52.3,0.0
4473,0.221,ok,37.734,2247.320,71.8,52.3,0.0
4474,0.262,ok,37.734,2247.320,71.8,52.3,0.0
4475,0.250,ok,37.734,2247.320,71.8,52.3,0.0
4476,0.223,ok,37.734,2247.320,71.8,52.3,0.0
4477,0.226,ok,37.734,2247.320,71.8,52.3,0.0
4478,0.229,ok,37.734,2247.320,71.8,52.3,0.0
4479,0.230,ok,37.734,2247.320,71.8,52.3,0.0
4480,0.222,ok,37.734,2247.320,71.8,52.3,0.0
4481,0.230,ok,37.734,2247.320,71.8,52.3,0.0
4482,0.228,ok,37.734,2247.320,71.8,52.3,0.0
4483,0.232,ok,37.734,2247.320,71.8,52.3,0.0
4484,0.216,ok,37.734,2247.320,71.8,52.3,0.0
4485,0.242,ok,37.734,2247.320,71.8,52.3,0.0
4486,0.221,ok,37.734,2247.320,71.8,52.3,0.0
4487,0.248,ok,37.734,2247.320,71.8,52.3,0.0
4488,0.251,ok,37.734,2247.320,71.8,52.3,0.0
4489,0.220,ok,37.734,2247.320,71.8,52.3,0.0
4490,0.252,ok,37.734,2247.320,71.8,52.3,0.0
4491,0.275,ok,37.734,2247.320,71.8,52.3,0.0
4492,0.295,ok,37.734,2247.320,71.8,52.3,0.0
4493,0.236,ok,37.734,2247.320,71.8,52.3,0.0
4494,0.240,ok,37.734,2247.320,71.8,52.3,0.0
4495,0.244,ok,37.734,2247.320,71.8,52.3,0.0
4496,0.258,ok,37.734,2247.320,71.8,52.3,0.0
4497,0.283,ok,37.734,2247.320,71.8,52.3,0.0
4498,0.221,ok,37.734,2247.320,71.8,52.3,0.0
4499,0.219,ok,37.734,2247.320,71.8,52.3,0.0
4500,0.262,ok,37.734,2247.320,71.8,52.3,0.0
4501,0.210,ok,37.734,2247.320,71.8,52.3,0.0
4502,0.247,ok,37.734,2247.320,71.8,52.3,0.0
4503,0.240,ok,37.734,2247.320,71.8,52.3,0.0
4504,0.174,ok,37.734,2247.320,71.8,52.3,0.0
4505,0.173,ok,37.734,2247.320,71.8,52.3,0.0
4506,0.177,ok,37.734,2247.320,71.8,52.3,0.0
4507,0.167,ok,37.734,2247.320,71.8,52.3,0.0
4508,0.161,ok,37.734,2247.320,71.8,52.3,0.0
4509,0.160,ok,37.734,2247.320,71.8,52.3,0.0
4510,0.155,ok,37.734,2247.320,71.8,52.3,0.0
4511,0.162,ok,37.734,2247.320,71.8,52.3,0.0
4512,0.191,ok,37.734,2247.320,71.8,52.3,0.0
4513,0.165,ok,37.734,2247.320,71.8,52.3,0.0
4514,0.206,ok,37.734,2247.320,71.8,52.3,0.0
4515,0.252,ok,37.734,2247.320,71.8,52.3,0.0
4516,0.165,ok,37.734,2247.320,71.8,52.3,0.0
4517,0.152,ok,37.734,2247.320,71.8,52.3,0.0
4518,0.150,ok,37.734,2247.320,71.8,52.3,0.0
4519,0.227,ok,37.734,2247.320,71.8,52.3,0.0
4520,0.220,ok,37.734,2247.320,71.8,52.3,0.0
4521,0.236,ok,37.734,2247.320,71.8,52.3,0.0
4522,0.203,ok,37.734,2247.320,71.8,52.3,0.0
4523,0.231,ok,37.734,2247.320,71.8,52.3,0.0
4524,0.204,ok,37.734,2247.320,71.8,52.3,0.0
4525,0.230,ok,37.734,2247.320,71.8,52.3,0.0
4526,0.233,ok,37.734,2247.320,71.8,52.3,0.0
4527,0.221,ok,37.734,2247.320,71.8,52.3,0.0
4528,0.202,ok,37.734,2247.320,71.8,52.3,0.0
4529,0.196,ok,37.734,2247.320,71.8,52.3,0.0
4530,0.230,ok,37.734,2247.320,71.8,52.3,0.0
4531,0.194,ok,37.734,2247.320,71.8,52.3,0.0
4532,0.273,ok,37.734,2247.320,71.8,52.3,0.0
4533,0.179,ok,37.734,2247.320,71.8,52.3,0.0
4534,0.222,ok,37.734,2247.320,71.8,52.3,0.0
4535,0.150,ok,37.734,2247.320,71.8,52.3,0.0
4536,0.144,ok,37.734,2247.320,71.8,52.3,0.0
4537,0.155,ok,37.734,2247.320,71.8,52.3,0.0
4538,0.149,ok,37.734,2247.320,71.8,52.3,0.0
4539,0.187,ok,37.734,2247.320,71.8,52.3,0.0
4540,0.171,ok,37.734,2247.320,71.8,52.3,0.0
4541,0.145,ok,37.734,2247.320,71.8,52.3,0.0
4542,0.142,ok,37.734,2247.320,71.8,52.3,0.0
4543,0.143,ok,37.734,2247.320,71.8,52.3,0.0
4544,0.146,ok,37.734,2247.320,71.8,52.3,0.0
4545,0.153,ok,37.734,2247.320,71.8,52.3,0.0
4546,0.181,ok,37.734,2247.320,71.8,52.3,0.0
4547,0.157,ok,37.734,2247.320,71.8,52.3,0.0
4548,0.150,ok,37.734,2247.320,71.8,52.3,0.0
4549,0.146,ok,37.734,2247.320,71.8,52.3,0.0
4550,0.150,ok,37.734,2247.320,71.8,52.3,0.0
4551,0.149,ok,37.734,2247.320,71.8,52.3,0.0
4552,0.142,ok,37.734,2247.320,71.8,52.3,0.0
4553,0.133,ok,37.734,2247.320,71.8,52.3,0.0
4554,0.138,ok,37.734,2247.320,71.8,52.3,0.0
4555,0.173,ok,37.734,2247.320,71.8,52.3,0.0
4556,0.150,ok,37.734,2247.320,71.8,52.3,0.0
4557,0.166,ok,37.734,2247.320,71.8,52.3,0.0
4558,0.385,ok,37.734,2247.320,71.8,52.3,0.0
4559,0.291,ok,37.734,2247.320,71.8,52.3,0.0
4560,0.234,ok,37.734,2247.320,71.8,52.3,0.0
4561,0.232,ok,37.734,2247.320,71.8,52.3,0.0
4562,0.227,ok,37.734,2247.320,71.8,52.3,0.0
4563,0.286,ok,37.734,2247.320,71.8,52.3,0.0
4564,0.278,ok,37.734,2247.320,71.8,52.3,0.0
4565,0.224,ok,37.734,2247.320,71.8,52.3,0.0
4566,0.330,ok,37.734,2247.320,71.8,52.3,0.0
4567,0.421,ok,37.734,2247.320,71.8,52.3,0.0
4568,0.374,ok,37.734,2247.320,71.8,52.3,0.0
4569,0.338,ok,37.734,2247.320,71.8,52.3,0.0
4570,0.324,ok,37.734,2247.320,71.8,52.3,0.0
4571,0.282,ok,37.734,2247.320,71.8,52.3,0.0
4572,0.280,ok,37.734,2247.320,71.8,52.3,0.0
4573,0.360,ok,37.734,2247.320,71.8,52.3,0.0
4574,0.333,ok,37.734,2247.320,71.8,52.3,0.0
4575,0.284,ok,37.734,2247.320,71.8,52.3,0.0
4576,0.397,ok,37.734,2247.320,71.8,52.3,0.0
4577,0.360,ok,37.734,2247.320,71.8,52.3,0.0
4578,0.350,ok,37.734,2247.320,71.8,52.3,0.0
4579,0.239,ok,37.734,2247.320,71.8,52.3,0.0
4580,0.230,ok,37.734,2247.320,71.8,52.3,0.0
4581,0.238,ok,37.734,2247.320,71.8,52.3,0.0
4582,0.232,ok,37.734,2247.320,71.8,52.3,0.0
4583,0.306,ok,37.734,2247.320,71.8,52.3,0.0
4584,0.315,ok,37.734,2247.320,71.8,52.3,0.0
4585,0.315,ok,37.734,2247.320,71.8,52.3,0.0
4586,0.299,ok,37.734,2247.320,71.8,52.3,0.0
4587,0.258,ok,37.734,2247.320,71.8,52.3,0.0
4588,0.215,ok,37.734,2247.320,71.8,52.3,0.0
4589,0.244,ok,37.734,2247.320,71.8,52.3,0.0
4590,0.217,ok,37.734,2247.320,71.8,52.3,0.0
4591,0.244,ok,37.734,2247.320,71.8,52.3,0.0
4592,0.210,ok,37.734,2247.320,71.8,52.3,0.0
4593,0.205,ok,37.734,2247.320,71.8,52.3,0.0
4594,0.199,ok,37.734,2247.320,71.8,52.3,0.0
4595,0.236,ok,37.734,2247.320,71.8,52.3,0.0
4596,0.237,ok,37.734,2247.320,71.8,52.3,0.0
4597,0.206,ok,37.734,2247.320,71.8,52.3,0.0
4598,0.267,ok,37.734,2247.320,71.8,52.3,0.0
4599,0.201,ok,37.734,2247.320,71.8,52.3,0.0
4600,0.196,ok,37.734,2247.320,71.8,52.3,0.0
4601,0.241,ok,37.734,2247.320,71.8,52.3,0.0
4602,0.259,ok,37.734,2247.320,71.8,52.3,0.0
4603,0.225,ok,37.734,2247.320,71.8,52.3,0.0
4604,0.216,ok,37.734,2247.320,71.8,52.3,0.0
4605,0.234,ok,37.734,2247.320,71.8,52.3,0.0
4606,0.213,ok,37.734,2247.320,71.8,52.3,0.0
4607,0.270,ok,37.734,2247.320,71.8,52.3,0.0
4608,0.235,ok,37.734,2247.320,71.8,52.3,0.0
4609,0.227,ok,37.734,2247.320,71.8,52.3,0.0
4610,0.217,ok,37.734,2247.320,71.8,52.3,0.0
4611,0.211,ok,37.734,2247.320,71.8,52.3,0.0
4612,0.226,ok,37.734,2247.320,71.8,52.3,0.0
4613,0.226,ok,37.734,2247.320,71.8,52.3,0.0
4614,0.265,ok,37.734,2247.320,71.8,52.3,0.0
4615,0.225,ok,37.734,2247.320,71.8,52.3,0.0
4616,0.212,ok,37.734,2247.320,71.8,52.3,0.0
4617,0.210,ok,37.734,2247.320,71.8,52.3,0.0
4618,0.212,ok,37.734,2247.320,71.8,52.3,0.0
4619,0.244,ok,37.734,2247.320,71.8,52.3,0.0
4620,0.207,ok,37.734,2247.320,71.8,52.3,0.0
4621,0.202,ok,37.734,2247.320,71.8,52.3,0.0
4622,0.202,ok,37.734,2247.320,71.8,52.3,0.0
4623,0.210,ok,37.734,2247.320,71.8,52.3,0.0
4624,0.209,ok,37.734,2247.320,71.8,52.3,0.0
4625,0.209,ok,37.734,2247.320,71.8,52.3,0.0
4626,0.202,ok,37.734,2247.320,71.8,52.3,0.0
4627,0.331,ok,37.734,2247.320,71.8,52.3,0.0
4628,0.224,ok,37.734,2247.320,71.8,52.3,0.0
4629,0.284,ok,37.734,2247.320,71.8,52.3,0.0
4630,0.270,ok,37.734,2247.320,71.8,52.3,0.0
4631,0.273,ok,37.734,2247.320,71.8,52.3,0.0
4632,0.227,ok,37.734,2247.320,71.8,52.3,0.0
4633,0.332,ok,37.734,2247.320,71.8,52.3,0.0
4634,0.224,ok,37.734,2247.320,71.8,52.3,0.0
4635,0.227,ok,37.734,2247.320,71.8,52.3,0.0
4636,0.215,ok,37.734,2247.320,71.8,52.3,0.0
4637,0.217,ok,37.734,2247.320,71.8,52.3,0.0
4638,0.219,ok,37.734,2247.320,71.8,52.3,0.0
4639,0.222,ok,37.734,2247.320,71.8,52.3,0.0
4640,0.249,ok,37.734,2247.320,71.8,52.3,0.0
4641,0.240,ok,37.734,2247.320,71.8,52.3,0.0
4642,0.202,ok,37.734,2247.320,71.8,52.3,0.0
4643,0.214,ok,37.734,2247.320,71.8,52.3,0.0
4644,0.215,ok,37.734,2247.320,71.8,52.3,0.0
4645,0.218,ok,37.734,2247.320,71.8,52.3,0.0
4646,0.206,ok,37.734,2247.320,71.8,52.3,0.0
4647,0.215,ok,37.734,2247.320,71.8,52.3,0.0
4648,0.210,ok,37.734,2247.320,71.8,52.3,0.0
4649,0.216,ok,37.734,2247.320,71.8,52.3,0.0
4650,0.222,ok,37.734,2247.320,71.8,52.3,0.0
4651,0.213,ok,37.734,2247.320,71.8,52.3,0.0
4652,0.207,ok,37.734,2247.320,71.8,52.3,0.0
4653,0.222,ok,37.734,2247.320,71.8,52.3,0.0
4654,0.223,ok,37.734,2247.320,71.8,52.3,0.0
4655,0.222,ok,37.734,2247.320,71.8,52.3,0.0
4656,0.207,ok,37.734,2247.320,71.8,52.3,0.0
4657,0.208,ok,37.734,2247.320,71.8,52.3,0.0
4658,0.210,ok,37.734,2247.320,71.8,52.3,0.0
4659,0.235,ok,37.734,2247.320,71.8,52.3,0.0
4660,0.209,ok,37.734,2247.320,71.8,52.3,0.0
4661,0.252,ok,37.734,2247.320,71.8,52.3,0.0
4662,0.255,ok,37.734,2247.320,71.8,52.3,0.0
4663,0.222,ok,37.734,2247.320,71.8,52.3,0.0
4664,0.211,ok,37.734,2247.320,71.8,52.3,0.0
4665,0.215,ok,37.734,2247.320,71.8,52.3,0.0
4666,0.236,ok,37.734,2247.320,71.8,52.3,0.0
4667,0.243,ok,37.734,2247.320,71.8,52.3,0.0
4668,0.241,ok,37.734,2247.320,71.8,52.3,0.0
4669,0.231,ok,37.734,2247.320,71.8,52.3,0.0
4670,0.225,ok,37.734,2247.320,71.8,52.3,0.0
4671,0.250,ok,37.734,2247.320,71.8,52.3,0.0
4672,0.266,ok,37.734,2247.320,71.8,52.3,0.0
4673,0.274,ok,37.734,2247.320,71.8,52.3,0.0
4674,0.263,ok,37.734,2247.320,71.8,52.3,0.0
4675,0.225,ok,37.734,2247.320,71.8,52.3,0.0
4676,0.250,ok,37.734,2247.320,71.8,52.3,0.0
4677,0.213,ok,37.734,2247.320,71.8,52.3,0.0
4678,0.225,ok,37.734,2247.320,71.8,52.3,0.0
4679,0.219,ok,37.734,2247.320,71.8,52.3,0.0
4680,0.218,ok,37.734,2247.320,71.8,52.3,0.0
4681,0.204,ok,37.734,2247.320,71.8,52.3,0.0
4682,0.239,ok,37.734,2247.320,71.8,52.3,0.0
4683,0.296,ok,37.734,2247.320,71.8,52.3,0.0
4684,0.266,ok,37.734,2247.320,71.8,52.3,0.0
4685,0.275,ok,37.734,2247.320,71.8,52.3,0.0
4686,0.250,ok,37.734,2247.320,71.8,52.3,0.0
4687,0.259,ok,37.734,2247.320,71.8,52.3,0.0
4688,0.254,ok,37.734,2247.320,71.8,52.3,0.0
4689,0.252,ok,37.734,2247.320,71.8,52.3,0.0
4690,0.248,ok,37.734,2247.320,71.8,52.3,0.0
4691,0.235,ok,37.734,2247.320,71.8,52.3,0.0
4692,0.255,ok,37.734,2247.320,71.8,52.3,0.0
4693,0.247,ok,37.734,2247.320,71.8,52.3,0.0
4694,0.241,ok,37.734,2247.320,71.8,52.3,0.0
4695,0.245,ok,37.734,2247.320,71.8,52.3,0.0
4696,0.227,ok,37.734,2247.320,71.8,52.3,0.0
4697,0.230,ok,37.734,2247.320,71.8,52.3,0.0
4698,0.209,ok,37.734,2247.320,71.8,52.3,0.0
4699,0.243,ok,37.734,2247.320,71.8,52.3,0.0
4700,0.277,ok,37.734,2247.320,71.8,52.3,0.0
4701,0.244,ok,37.734,2247.320,71.8,52.3,0.0
4702,0.248,ok,37.734,2247.320,71.8,52.3,0.0
4703,0.279,ok,37.734,2247.320,71.8,52.3,0.0
4704,0.325,ok,37.734,2247.320,71.8,52.3,0.0
4705,0.315,ok,37.734,2247.320,71.8,52.3,0.0
4706,0.309,ok,37.734,2247.320,71.8,52.3,0.0
4707,0.271,ok,37.734,2247.320,71.8,52.3,0.0
4708,0.266,ok,37.734,2247.320,71.8,52.3,0.0
4709,0.265,ok,37.734,2247.320,71.8,52.3,0.0
4710,0.272,ok,37.734,2247.320,71.8,52.3,0.0
4711,0.268,ok,37.734,2247.320,71.8,52.3,0.0
4712,0.292,ok,37.734,2247.320,71.8,52.3,0.0
4713,0.257,ok,37.734,2247.320,71.8,52.3,0.0
4714,0.244,ok,37.734,2247.320,71.8,52.3,0.0
4715,0.236,ok,37.734,2247.320,71.8,52.3,0.0
4716,0.235,ok,37.734,2247.320,71.8,52.3,0.0
4717,0.275,ok,37.734,2247.320,71.8,52.3,0.0
4718,0.281,ok,37.734,2247.320,71.8,52.3,0.0
4719,0.258,ok,37.734,2247.320,71.8,52.3,0.0
4720,0.251,ok,37.734,2247.320,71.8,52.3,0.0
4721,0.267,ok,37.734,2247.320,71.8,52.3,0.0
4722,0.263,ok,37.734,2247.320,71.8,52.3,0.0
4723,0.246,ok,37.734,2247.320,71.8,52.3,0.0
4724,0.242,ok,37.734,2247.320,71.8,52.3,0.0
4725,0.264,ok,37.734,2247.320,71.8,52.3,0.0
4726,0.358,ok,37.734,2247.320,71.8,52.3,0.0
4727,0.279,ok,37.734,2247.320,71.8,52.3,0.0
4728,0.335,ok,37.734,2247.320,71.8,52.3,0.0
4729,0.331,ok,37.734,2247.320,71.8,52.3,0.0
4730,0.311,ok,37.734,2247.320,71.8,52.3,0.0
4731,0.321,ok,37.734,2247.320,71.8,52.3,0.0
4732,0.290,ok,37.734,2247.320,71.8,52.3,0.0
4733,0.247,ok,37.734,2247.320,71.8,52.3,0.0
4734,0.240,ok,37.734,2247.320,71.8,52.3,0.0
4735,0.275,ok,37.734,2247.320,71.8,52.3,0.0
4736,0.296,ok,37.734,2247.320,71.8,52.3,0.0
4737,0.315,ok,37.734,2247.320,71.8,52.3,0.0
4738,0.363,ok,37.734,2247.320,71.8,52.3,0.0
4739,0.321,ok,37.734,2247.320,71.8,52.3,0.0
4740,0.393,ok,37.734,2247.320,71.8,52.3,0.0
4741,0.339,ok,37.734,2247.320,71.8,52.3,0.0
4742,0.319,ok,37.734,2247.320,71.8,52.3,0.0
4743,0.276,ok,37.734,2247.320,71.8,52.3,0.0
4744,0.279,ok,37.734,2247.320,71.8,52.3,0.0
4745,0.270,ok,37.734,2247.320,71.8,52.3,0.0
4746,0.277,ok,37.734,2247.320,71.8,52.3,0.0
4747,0.348,ok,37.734,2247.320,71.8,52.3,0.0
4748,0.286,ok,37.734,2247.320,71.8,52.3,0.0
4749,0.258,ok,37.734,2247.320,71.8,52.3,0.0
4750,0.227,ok,37.734,2247.320,71.8,52.3,0.0
4751,0.254,ok,37.734,2247.320,71.8,52.3,0.0
4752,0.246,ok,37.734,2247.320,71.8,52.3,0.0
4753,0.239,ok,37.734,2247.320,71.8,52.3,0.0
4754,0.282,ok,37.734,2247.320,71.8,52.3,0.0
4755,0.285,ok,37.734,2247.320,71.8,52.3,0.0
4756,0.298,ok,37.734,2247.320,71.8,52.3,0.0
4757,0.331,ok,37.734,2247.320,71.8,52.3,0.0
4758,0.356,ok,37.734,2247.320,71.8,52.3,0.0
4759,0.311,ok,37.734,2247.320,71.8,52.3,0.0
4760,0.363,ok,37.734,2247.320,71.8,52.3,0.0
4761,0.342,ok,37.734,2247.320,71.8,52.3,0.0
4762,0.299,ok,37.734,2247.320,71.8,52.3,0.0
4763,0.341,ok,37.734,2247.320,71.8,52.3,0.0
4764,0.424,ok,37.734,2247.320,71.8,52.3,0.0
4765,0.260,ok,37.734,2247.320,71.8,52.3,0.0
4766,0.255,ok,37.734,2247.320,71.8,52.3,0.0
4767,0.238,ok,37.734,2247.320,71.8,52.3,0.0
4768,0.286,ok,37.734,2247.320,71.8,52.3,0.0
4769,0.244,ok,37.734,2247.320,71.8,52.3,0.0
4770,0.237,ok,37.734,2247.320,71.8,52.3,0.0
4771,0.251,ok,37.734,2247.320,71.8,52.3,0.0
4772,0.254,ok,37.734,2247.320,71.8,52.3,0.0
4773,0.261,ok,37.734,2247.320,71.8,52.3,0.0
4774,0.232,ok,37.734,2247.320,71.8,52.3,0.0
4775,0.268,ok,37.734,2247.320,71.8,52.3,0.0
4776,0.332,ok,37.734,2247.320,71.8,52.3,0.0
4777,0.312,ok,37.734,2247.320,71.8,52.3,0.0
4778,0.292,ok,37.734,2247.320,71.8,52.3,0.0
4779,0.301,ok,37.734,2247.320,71.8,52.3,0.0
4780,0.306,ok,37.734,2247.320,71.8,52.3,0.0
4781,0.284,ok,37.734,2247.320,71.8,52.3,0.0
4782,0.298,ok,37.734,2247.320,71.8,52.3,0.0
4783,0.257,ok,37.734,2247.320,71.8,52.3,0.0
4784,0.316,ok,37.734,2247.320,71.8,52.3,0.0
4785,0.388,ok,37.734,2247.320,71.8,52.3,0.0
4786,0.361,ok,37.734,2247.320,71.8,52.3,0.0
4787,0.400,ok,37.820,2247.320,75.9,52.3,0.0
4788,0.392,ok,37.820,2247.320,75.9,52.3,0.0
4789,0.369,ok,37.820,2247.320,75.9,52.3,0.0
4790,0.403,ok,37.820,2247.320,75.9,52.3,0.0
4791,0.349,ok,37.820,2247.320,75.9,52.3,0.0
4792,0.340,ok,37.820,2247.320,75.9,52.3,0.0
4793,0.292,ok,37.820,2247.320,75.9,52.3,0.0
4794,0.283,ok,37.820,2247.320,75.9,52.3,0.0
4795,0.348,ok,37.820,2247.320,75.9,52.3,0.0
4796,0.321,ok,37.820,2247.320,75.9,52.3,0.0
4797,0.366,ok,37.820,2247.320,75.9,52.3,0.0
4798,0.259,ok,37.820,2247.320,75.9,52.3,0.0
4799,0.234,ok,37.820,2247.320,75.9,52.3,0.0
4800,0.220,ok,37.820,2247.320,75.9,52.3,0.0
4801,0.233,ok,37.820,2247.320,75.9,52.3,0.0
4802,0.216,ok,37.820,2247.320,75.9,52.3,0.0
4803,0.223,ok,37.820,2247.320,75.9,52.3,0.0
4804,0.220,ok,37.820,2247.320,75.9,52.3,0.0
4805,0.260,ok,37.820,2247.320,75.9,52.3,0.0
4806,0.219,ok,37.820,2247.320,75.9,52.3,0.0
4807,0.212,ok,37.820,2247.320,75.9,52.3,0.0
4808,0.214,ok,37.820,2247.320,75.9,52.3,0.0
4809,0.207,ok,37.820,2247.320,75.9,52.3,0.0
4810,0.234,ok,37.820,2247.320,75.9,52.3,0.0
4811,0.269,ok,37.820,2247.320,75.9,52.3,0.0
4812,0.226,ok,37.820,2247.320,75.9,52.3,0.0
4813,0.219,ok,37.820,2247.320,75.9,52.3,0.0
4814,0.230,ok,37.820,2247.320,75.9,52.3,0.0
4815,0.276,ok,37.820,2247.320,75.9,52.3,0.0
4816,0.243,ok,37.820,2247.320,75.9,52.3,0.0
4817,0.262,ok,37.820,2247.320,75.9,52.3,0.0
4818,0.219,ok,37.820,2247.320,75.9,52.3,0.0
4819,0.224,ok,37.820,2247.320,75.9,52.3,0.0
4820,0.217,ok,37.820,2247.320,75.9,52.3,0.0
4821,0.214,ok,37.820,2247.320,75.9,52.3,0.0
4822,0.214,ok,37.820,2247.320,75.9,52.3,0.0
4823,0.214,ok,37.820,2247.320,75.9,52.3,0.0
4824,0.200,ok,37.820,2247.320,75.9,52.3,0.0
4825,0.216,ok,37.820,2247.320,75.9,52.3,0.0
4826,0.194,ok,37.820,2247.320,75.9,52.3,0.0
4827,0.218,ok,37.820,2247.320,75.9,52.3,0.0
4828,0.208,ok,37.820,2247.320,75.9,52.3,0.0
4829,0.214,ok,37.820,2247.320,75.9,52.3,0.0
4830,0.194,ok,37.820,2247.320,75.9,52.3,0.0
4831,0.205,ok,37.820,2247.320,75.9,52.3,0.0
4832,0.256,ok,37.820,2247.320,75.9,52.3,0.0
4833,0.228,ok,37.820,2247.320,75.9,52.3,0.0
4834,0.210,ok,37.820,2247.320,75.9,52.3,0.0
4835,0.208,ok,37.820,2247.320,75.9,52.3,0.0
4836,0.240,ok,37.820,2247.320,75.9,52.3,0.0
4837,0.205,ok,37.820,2247.320,75.9,52.3,0.0
4838,0.208,ok,37.820,2247.320,75.9,52.3,0.0
4839,0.200,ok,37.820,2247.320,75.9,52.3,0.0
4840,0.180,ok,37.820,2247.320,75.9,52.3,0.0
4841,0.186,ok,37.820,2247.320,75.9,52.3,0.0
4842,0.190,ok,37.820,2247.320,75.9,52.3,0.0
4843,0.169,ok,37.820,2247.320,75.9,52.3,0.0
4844,0.171,ok,37.820,2247.320,75.9,52.3,0.0
4845,0.174,ok,37.820,2247.320,75.9,52.3,0.0
4846,0.177,ok,37.820,2247.320,75.9,52.3,0.0
4847,0.178,ok,37.820,2247.320,75.9,52.3,0.0
4848,0.174,ok,37.820,2247.320,75.9,52.3,0.0
4849,0.172,ok,37.820,2247.320,75.9,52.3,0.0
4850,0.165,ok,37.820,2247.320,75.9,52.3,0.0
4851,0.173,ok,37.820,2247.320,75.9,52.3,0.0
4852,0.178,ok,37.820,2247.320,75.9,52.3,0.0
4853,0.265,ok,37.820,2247.320,75.9,52.3,0.0
4854,0.268,ok,37.820,2247.320,75.9,52.3,0.0
4855,0.223,ok,37.820,2247.320,75.9,52.3,0.0
4856,0.211,ok,37.820,2247.320,75.9,52.3,0.0
4857,0.272,ok,37.820,2247.320,75.9,52.3,0.0
4858,0.237,ok,37.820,2247.320,75.9,52.3,0.0
4859,0.206,ok,37.820,2247.320,75.9,52.3,0.0
4860,0.195,ok,37.820,2247.320,75.9,52.3,0.0
4861,0.202,ok,37.820,2247.320,75.9,52.3,0.0
4862,0.295,ok,37.820,2247.320,75.9,52.3,0.0
4863,0.261,ok,37.820,2247.320,75.9,52.3,0.0
4864,0.234,ok,37.820,2247.320,75.9,52.3,0.0
4865,0.226,ok,37.820,2247.320,75.9,52.3,0.0
4866,0.220,ok,37.820,2247.320,75.9,52.3,0.0
4867,0.216,ok,37.820,2247.320,75.9,52.3,0.0
4868,0.211,ok,37.820,2247.320,75.9,52.3,0.0
4869,0.207,ok,37.820,2247.320,75.9,52.3,0.0
4870,0.218,ok,37.820,2247.320,75.9,52.3,0.0
4871,0.217,ok,37.820,2247.320,75.9,52.3,0.0
4872,0.214,ok,37.820,2247.320,75.9,52.3,0.0
4873,0.214,ok,37.820,2247.320,75.9,52.3,0.0
4874,0.212,ok,37.820,2247.320,75.9,52.3,0.0
4875,0.259,ok,37.820,2247.320,75.9,52.3,0.0
4876,0.220,ok,37.820,2247.320,75.9,52.3,0.0
4877,0.237,ok,37.820,2247.320,75.9,52.3,0.0
4878,0.220,ok,37.820,2247.320,75.9,52.3,0.0
4879,0.235,ok,37.820,2247.320,75.9,52.3,0.0
4880,0.227,ok,37.820,2247.320,75.9,52.3,0.0
4881,0.215,ok,37.820,2247.320,75.9,52.3,0.0
4882,0.214,ok,37.820,2247.320,75.9,52.3,0.0
4883,0.216,ok,37.820,2247.320,75.9,52.3,0.0
4884,0.220,ok,37.820,2247.320,75.9,52.3,0.0
4885,0.278,ok,37.820,2247.320,75.9,52.3,0.0
4886,0.275,ok,37.820,2247.320,75.9,52.3,0.0
4887,0.237,ok,37.820,2247.320,75.9,52.3,0.0
4888,0.218,ok,37.820,2247.320,75.9,52.3,0.0
4889,0.239,ok,37.820,2247.320,75.9,52.3,0.0
4890,0.218,ok,37.820,2247.320,75.9,52.3,0.0
4891,0.211,ok,37.820,2247.320,75.9,52.3,0.0
4892,0.221,ok,37.820,2247.320,75.9,52.3,0.0
4893,0.212,ok,37.820,2247.320,75.9,52.3,0.0
4894,0.205,ok,37.820,2247.320,75.9,52.3,0.0
4895,0.205,ok,37.820,2247.320,75.9,52.3,0.0
4896,0.247,ok,37.820,2247.320,75.9,52.3,0.0
4897,0.215,ok,37.820,2247.320,75.9,52.3,0.0
4898,0.210,ok,37.820,2247.320,75.9,52.3,0.0
4899,0.214,ok,37.820,2247.320,75.9,52.3,0.0
4900,0.258,ok,37.820,2247.320,75.9,52.3,0.0
4901,0.251,ok,37.820,2247.320,75.9,52.3,0.0
4902,0.226,ok,37.820,2247.320,75.9,52.3,0.0
4903,0.224,ok,37.820,2247.320,75.9,52.3,0.0
4904,0.220,ok,37.820,2247.320,75.9,52.3,0.0
4905,0.236,ok,37.820,2247.320,75.9,52.3,0.0
4906,0.233,ok,37.820,2247.320,75.9,52.3,0.0
4907,0.274,ok,37.820,2247.320,75.9,52.3,0.0
4908,0.231,ok,37.820,2247.320,75.9,52.3,0.0
4909,0.232,ok,37.820,2247.320,75.9,52.3,0.0
4910,0.224,ok,37.820,2247.320,75.9,52.3,0.0
4911,0.225,ok,37.820,2247.320,75.9,52.3,0.0
4912,0.221,ok,37.820,2247.320,75.9,52.3,0.0
4913,0.229,ok,37.820,2247.320,75.9,52.3,0.0
4914,0.263,ok,37.820,2247.320,75.9,52.3,0.0
4915,0.241,ok,37.820,2247.320,75.9,52.3,0.0
4916,0.248,ok,37.820,2247.320,75.9,52.3,0.0
4917,0.229,ok,37.820,2247.320,75.9,52.3,0.0
4918,0.293,ok,37.820,2247.320,75.9,52.3,0.0
4919,0.287,ok,37.820,2247.320,75.9,52.3,0.0
4920,0.258,ok,37.820,2247.320,75.9,52.3,0.0
4921,0.273,ok,37.820,2247.320,75.9,52.3,0.0
4922,0.418,ok,37.820,2247.320,75.9,52.3,0.0
4923,0.330,ok,37.820,2247.320,75.9,52.3,0.0
4924,0.329,ok,37.820,2247.320,75.9,52.3,0.0
4925,0.250,ok,37.820,2247.320,75.9,52.3,0.0
4926,0.219,ok,37.820,2247.320,75.9,52.3,0.0
4927,0.205,ok,37.820,2247.320,75.9,52.3,0.0
4928,0.220,ok,37.820,2247.320,75.9,52.3,0.0
4929,0.207,ok,37.820,2247.320,75.9,52.3,0.0
4930,0.202,ok,37.820,2247.320,75.9,52.3,0.0
4931,0.194,ok,37.820,2247.320,75.9,52.3,0.0
4932,0.313,ok,37.820,2247.320,75.9,52.3,0.0
4933,0.281,ok,37.820,2247.320,75.9,52.3,0.0
4934,0.296,ok,37.820,2247.320,75.9,52.3,0.0
4935,0.286,ok,37.820,2247.320,75.9,52.3,0.0
4936,0.330,ok,37.820,2247.320,75.9,52.3,0.0
4937,0.330,ok,37.820,2247.320,75.9,52.3,0.0
4938,0.291,ok,37.820,2247.320,75.9,52.3,0.0
4939,0.438,ok,37.820,2247.320,75.9,52.3,0.0
4940,0.359,ok,37.820,2247.320,75.9,52.3,0.0
4941,0.320,ok,37.820,2247.320,75.9,52.3,0.0
4942,0.297,ok,37.820,2247.320,75.9,52.3,0.0
4943,0.340,ok,37.820,2247.320,75.9,52.3,0.0
4944,0.280,ok,37.820,2247.320,75.9,52.3,0.0
4945,0.295,ok,37.820,2247.320,75.9,52.3,0.0
4946,0.282,ok,37.820,2247.320,75.9,52.3,0.0
4947,0.253,ok,37.820,2247.320,75.9,52.3,0.0
4948,0.248,ok,37.820,2247.320,75.9,52.3,0.0
4949,0.244,ok,37.820,2247.320,75.9,52.3,0.0
4950,0.239,ok,37.820,2247.320,75.9,52.3,0.0
4951,0.258,ok,37.820,2247.320,75.9,52.3,0.0
4952,0.228,ok,37.820,2247.320,75.9,52.3,0.0
4953,0.252,ok,37.820,2247.320,75.9,52.3,0.0
4954,0.201,ok,37.820,2247.320,75.9,52.3,0.0
4955,0.220,ok,37.820,2247.320,75.9,52.3,0.0
4956,0.199,ok,37.820,2247.320,75.9,52.3,0.0
4957,0.277,ok,37.820,2247.320,75.9,52.3,0.0
4958,0.236,ok,37.820,2247.320,75.9,52.3,0.0
4959,0.287,ok,37.820,2247.320,75.9,52.3,0.0
4960,0.290,ok,37.820,2247.320,75.9,52.3,0.0
4961,0.276,ok,37.820,2247.320,75.9,52.3,0.0
4962,0.269,ok,37.820,2247.320,75.9,52.3,0.0
4963,0.287,ok,37.820,2247.320,75.9,52.3,0.0
4964,0.228,ok,37.820,2247.320,75.9,52.3,0.0
4965,0.251,ok,37.820,2247.320,75.9,52.3,0.0
4966,0.246,ok,37.820,2247.320,75.9,52.3,0.0
4967,0.235,ok,37.820,2247.320,75.9,52.3,0.0
4968,0.246,ok,37.820,2247.320,75.9,52.3,0.0
4969,0.275,ok,37.820,2247.320,75.9,52.3,0.0
4970,0.242,ok,37.820,2247.320,75.9,52.3,0.0
4971,0.235,ok,37.820,2247.320,75.9,52.3,0.0
4972,0.209,ok,37.820,2247.320,75.9,52.3,0.0
4973,0.243,ok,37.820,2247.320,75.9,52.3,0.0
4974,0.210,ok,37.820,2247.320,75.9,52.3,0.0
4975,0.275,ok,37.820,2247.320,75.9,52.3,0.0
4976,0.236,ok,37.820,2247.320,75.9,52.3,0.0
4977,0.245,ok,37.820,2247.320,75.9,52.3,0.0
4978,0.275,ok,37.820,2247.320,75.9,52.3,0.0
4979,0.251,ok,37.820,2247.320,75.9,52.3,0.0
4980,0.246,ok,37.820,2247.320,75.9,52.3,0.0
4981,0.245,ok,37.820,2247.320,75.9,52.3,0.0
4982,0.331,ok,37.820,2247.320,75.9,52.3,0.0
4983,0.239,ok,37.820,2247.320,75.9,52.3,0.0
4984,0.211,ok,37.820,2247.320,75.9,52.3,0.0
4985,0.231,ok,37.820,2247.320,75.9,52.3,0.0
4986,0.281,ok,37.820,2247.320,75.9,52.3,0.0
4987,0.252,ok,37.820,2247.320,75.9,52.3,0.0
4988,0.304,ok,37.820,2247.320,75.9,52.3,0.0
4989,0.307,ok,37.820,2247.320,75.9,52.3,0.0
4990,0.259,ok,37.820,2247.320,75.9,52.3,0.0
4991,0.243,ok,37.820,2247.320,75.9,52.3,0.0
4992,0.233,ok,37.820,2247.320,75.9,52.3,0.0
4993,0.234,ok,37.820,2247.320,75.9,52.3,0.0
4994,0.231,ok,37.820,2247.320,75.9,52.3,0.0
4995,0.239,ok,37.820,2247.320,75.9,52.3,0.0
4996,0.245,ok,37.820,2247.320,75.9,52.3,0.0
4997,0.241,ok,37.820,2247.320,75.9,52.3,0.0
4998,0.278,ok,37.820,2247.320,75.9,52.3,0.0
4999,0.266,ok,37.820,2247.320,75.9,52.3,0.0
5000,0.250,ok,37.820,2247.320,75.9,52.3,0.0
5001,0.257,ok,37.820,2247.320,75.9,52.3,0.0
5002,0.276,ok,37.820,2247.320,75.9,52.3,0.0
5003,0.274,ok,37.820,2247.320,75.9,52.3,0.0
5004,0.233,ok,37.820,2247.320,75.9,52.3,0.0
5005,0.226,ok,37.820,2247.320,75.9,52.3,0.0
5006,0.268,ok,37.820,2247.320,75.9,52.3,0.0
5007,0.209,ok,37.820,2247.320,75.9,52.3,0.0
5008,0.243,ok,37.820,2247.320,75.9,52.3,0.0
5009,0.199,ok,37.820,2247.320,75.9,52.3,0.0
5010,0.189,ok,37.820,2247.320,75.9,52.3,0.0
5011,0.194,ok,37.820,2247.320,75.9,52.3,0.0
5012,0.223,ok,37.820,2247.320,75.9,52.3,0.0
5013,0.197,ok,37.820,2247.320,75.9,52.3,0.0
5014,0.190,ok,37.820,2247.320,75.9,52.3,0.0
5015,0.190,ok,37.820,2247.320,75.9,52.3,0.0
5016,0.215,ok,37.820,2247.320,75.9,52.3,0.0
5017,0.201,ok,37.820,2247.320,75.9,52.3,0.0
5018,0.229,ok,37.820,2247.320,75.9,52.3,0.0
5019,0.221,ok,37.820,2247.320,75.9,52.3,0.0
5020,0.295,ok,37.820,2247.320,75.9,52.3,0.0
5021,0.244,ok,37.820,2247.320,75.9,52.3,0.0
5022,0.233,ok,37.820,2247.320,75.9,52.3,0.0
5023,0.231,ok,37.820,2247.320,75.9,52.3,0.0
5024,0.319,ok,37.820,2247.320,75.9,52.3,0.0
5025,0.285,ok,37.820,2247.320,75.9,52.3,0.0
5026,0.233,ok,37.820,2247.320,75.9,52.3,0.0
5027,0.244,ok,37.820,2247.320,75.9,52.3,0.0
5028,0.308,ok,37.820,2247.320,75.9,52.3,0.0
5029,0.241,ok,37.820,2247.320,75.9,52.3,0.0
5030,0.264,ok,37.820,2247.320,75.9,52.3,0.0
5031,0.222,ok,37.820,2247.320,75.9,52.3,0.0
5032,0.258,ok,37.820,2247.320,75.9,52.3,0.0
5033,0.213,ok,37.820,2247.320,75.9,52.3,0.0
5034,0.206,ok,37.820,2247.320,75.9,52.3,0.0
5035,0.216,ok,37.820,2247.320,75.9,52.3,0.0
5036,0.232,ok,37.820,2247.320,75.9,52.3,0.0
5037,0.255,ok,37.820,2247.320,75.9,52.3,0.0
5038,0.257,ok,37.820,2247.320,75.9,52.3,0.0
5039,0.295,ok,37.820,2247.320,75.9,52.3,0.0
5040,0.311,ok,37.820,2247.320,75.9,52.3,0.0
5041,0.247,ok,37.820,2247.320,75.9,52.3,0.0
5042,0.241,ok,37.820,2247.320,75.9,52.3,0.0
5043,0.240,ok,37.820,2247.320,75.9,52.3,0.0
5044,0.312,ok,37.820,2247.320,75.9,52.3,0.0
5045,0.253,ok,37.820,2247.320,75.9,52.3,0.0
5046,0.281,ok,37.820,2247.320,75.9,52.3,0.0
5047,0.233,ok,37.820,2247.320,75.9,52.3,0.0
5048,0.237,ok,37.820,2247.320,75.9,52.3,0.0
5049,0.226,ok,37.820,2247.320,75.9,52.3,0.0
5050,0.251,ok,37.820,2247.320,75.9,52.3,0.0
5051,0.247,ok,37.820,2247.320,75.9,52.3,0.0
5052,0.250,ok,37.820,2247.320,75.9,52.3,0.0
5053,0.224,ok,37.820,2247.320,75.9,52.3,0.0
5054,0.279,ok,37.820,2247.320,75.9,52.3,0.0
5055,0.233,ok,37.820,2247.320,75.9,52.3,0.0
5056,0.233,ok,37.820,2247.320,75.9,52.3,0.0
5057,0.215,ok,37.820,2247.320,75.9,52.3,0.0
5058,0.225,ok,37.820,2247.320,75.9,52.3,0.0
5059,0.284,ok,37.820,2247.320,75.9,52.3,0.0
5060,0.224,ok,37.820,2247.320,75.9,52.3,0.0
5061,0.215,ok,37.820,2247.320,75.9,52.3,0.0
5062,0.242,ok,37.820,2247.320,75.9,52.3,0.0
5063,0.268,ok,37.820,2247.320,75.9,52.3,0.0
5064,0.253,ok,37.820,2247.320,75.9,52.3,0.0
5065,0.230,ok,37.820,2247.320,75.9,52.3,0.0
5066,0.226,ok,37.820,2247.320,75.9,52.3,0.0
5067,0.261,ok,37.820,2247.320,75.9,52.3,0.0
5068,0.219,ok,37.820,2247.320,75.9,52.3,0.0
5069,0.218,ok,37.820,2247.320,75.9,52.3,0.0
5070,0.234,ok,37.820,2247.320,75.9,52.3,0.0
5071,0.226,ok,37.820,2247.320,75.9,52.3,0.0
5072,0.217,ok,37.820,2247.320,75.9,52.3,0.0
5073,0.218,ok,37.820,2247.320,75.9,52.3,0.0
5074,0.215,ok,37.820,2247.320,75.9,52.3,0.0
5075,0.227,ok,37.820,2247.320,75.9,52.3,0.0
5076,0.223,ok,37.820,2247.320,75.9,52.3,0.0
5077,0.222,ok,37.820,2247.320,75.9,52.3,0.0
5078,0.212,ok,37.820,2247.320,75.9,52.3,0.0
5079,0.216,ok,37.820,2247.320,75.9,52.3,0.0
5080,0.223,ok,37.820,2247.320,75.9,52.3,0.0
5081,0.247,ok,37.820,2247.320,75.9,52.3,0.0
5082,0.249,ok,37.820,2247.320,75.9,52.3,0.0
5083,0.232,ok,37.820,2247.320,75.9,52.3,0.0
5084,0.249,ok,37.820,2247.320,75.9,52.3,0.0
5085,0.310,ok,37.820,2247.320,75.9,52.3,0.0
5086,0.298,ok,37.820,2247.320,75.9,52.3,0.0
5087,0.275,ok,37.820,2247.320,75.9,52.3,0.0
5088,0.384,ok,37.820,2247.320,75.9,52.3,0.0
5089,0.426,ok,37.820,2247.320,75.9,52.3,0.0
5090,0.348,ok,37.820,2247.320,75.9,52.3,0.0
5091,0.267,ok,37.820,2247.320,75.9,52.3,0.0
5092,0.288,ok,37.820,2247.320,75.9,52.3,0.0
5093,0.280,ok,37.820,2247.320,75.9,52.3,0.0
5094,0.237,ok,37.820,2247.320,75.9,52.3,0.0
5095,0.203,ok,37.820,2247.320,75.9,52.3,0.0
5096,0.196,ok,37.820,2247.320,75.9,52.3,0.0
5097,0.190,ok,37.820,2247.320,75.9,52.3,0.0
5098,0.225,ok,37.820,2247.320,75.9,52.3,0.0
5099,0.211,ok,37.820,2247.320,75.9,52.3,0.0
5100,0.195,ok,37.820,2247.320,75.9,52.3,0.0
5101,0.185,ok,37.820,2247.320,75.9,52.3,0.0
5102,0.193,ok,37.820,2247.320,75.9,52.3,0.0
5103,0.198,ok,37.820,2247.320,75.9,52.3,0.0
5104,0.208,ok,37.820,2247.320,75.9,52.3,0.0
5105,0.249,ok,37.820,2247.320,75.9,52.3,0.0
5106,0.212,ok,37.820,2247.320,75.9,52.3,0.0
5107,0.205,ok,37.820,2247.320,75.9,52.3,0.0
5108,0.200,ok,37.820,2247.320,75.9,52.3,0.0
5109,0.192,ok,37.820,2247.320,75.9,52.3,0.0
5110,0.232,ok,37.820,2247.320,75.9,52.3,0.0
5111,0.192,ok,37.820,2247.320,75.9,52.3,0.0
5112,0.204,ok,37.820,2247.320,75.9,52.3,0.0
5113,0.197,ok,37.820,2247.320,75.9,52.3,0.0
5114,0.177,ok,37.820,2247.320,75.9,52.3,0.0
5115,0.173,ok,37.820,2247.320,75.9,52.3,0.0
5116,0.169,ok,37.820,2247.320,75.9,52.3,0.0
5117,0.171,ok,37.820,2247.320,75.9,52.3,0.0
5118,0.175,ok,37.820,2247.320,75.9,52.3,0.0
5119,0.175,ok,37.820,2247.320,75.9,52.3,0.0
5120,0.169,ok,37.820,2247.320,75.9,52.3,0.0
5121,0.169,ok,37.820,2247.320,75.9,52.3,0.0
5122,0.169,ok,37.820,2247.320,75.9,52.3,0.0
5123,0.170,ok,37.820,2247.320,75.9,52.3,0.0
5124,0.184,ok,37.820,2247.320,75.9,52.3,0.0
5125,0.183,ok,37.820,2247.320,75.9,52.3,0.0
5126,0.178,ok,37.820,2247.320,75.9,52.3,0.0
5127,0.170,ok,37.820,2247.320,75.9,52.3,0.0
5128,0.165,ok,37.820,2247.320,75.9,52.3,0.0
5129,0.173,ok,37.820,2247.320,75.9,52.3,0.0
5130,0.175,ok,37.820,2247.320,75.9,52.3,0.0
5131,0.347,ok,37.820,2247.320,75.9,52.3,0.0
5132,0.385,ok,37.820,2247.320,75.9,52.3,0.0
5133,0.340,ok,37.820,2247.320,75.9,52.3,0.0
5134,0.359,ok,37.820,2247.320,75.9,52.3,0.0
5135,0.368,ok,37.820,2247.320,75.9,52.3,0.0
5136,0.290,ok,37.820,2247.320,75.9,52.3,0.0
5137,0.227,ok,37.820,2247.320,75.9,52.3,0.0
5138,0.212,ok,37.820,2247.320,75.9,52.3,0.0
5139,0.209,ok,37.820,2247.320,75.9,52.3,0.0
5140,0.311,ok,37.820,2247.320,75.9,52.3,0.0
5141,0.317,ok,37.820,2247.320,75.9,52.3,0.0
5142,0.251,ok,37.820,2247.320,75.9,52.3,0.0
5143,0.240,ok,37.820,2247.320,75.9,52.3,0.0
5144,0.231,ok,37.820,2247.320,75.9,52.3,0.0
5145,0.243,ok,37.820,2247.320,75.9,52.3,0.0
5146,0.218,ok,37.820,2247.320,75.9,52.3,0.0
5147,0.210,ok,37.820,2247.320,75.9,52.3,0.0
5148,0.251,ok,37.820,2247.320,75.9,52.3,0.0
5149,0.254,ok,37.820,2247.320,75.9,52.3,0.0
5150,0.313,ok,37.820,2247.320,75.9,52.3,0.0
5151,0.265,ok,37.820,2247.320,75.9,52.3,0.0
5152,0.290,ok,37.820,2247.320,75.9,52.3,0.0
5153,0.254,ok,37.820,2247.320,75.9,52.3,0.0
5154,0.270,ok,37.820,2247.320,75.9,52.3,0.0
5155,0.316,ok,37.820,2247.320,75.9,52.3,0.0
5156,0.281,ok,37.820,2247.320,75.9,52.3,0.0
5157,0.301,ok,37.820,2247.320,75.9,52.3,0.0
5158,0.248,ok,37.820,2247.320,75.9,52.3,0.0
5159,0.236,ok,37.820,2247.320,75.9,52.3,0.0
5160,0.260,ok,37.820,2247.320,75.9,52.3,0.0
5161,0.264,ok,37.820,2247.320,75.9,52.3,0.0
5162,0.345,ok,37.820,2247.320,75.9,52.3,0.0
5163,0.279,ok,37.820,2247.320,75.9,52.3,0.0
5164,0.216,ok,37.820,2247.320,75.9,52.3,0.0
5165,0.222,ok,37.820,2247.320,75.9,52.3,0.0
5166,0.264,ok,37.820,2247.320,75.9,52.3,0.0
5167,0.290,ok,37.820,2247.320,75.9,52.3,0.0
5168,0.279,ok,37.820,2247.320,75.9,52.3,0.0
5169,0.238,ok,37.820,2247.320,75.9,52.3,0.0
5170,0.241,ok,37.820,2247.320,75.9,52.3,0.0
5171,0.263,ok,37.820,2247.320,75.9,52.3,0.0
5172,0.239,ok,37.820,2247.320,75.9,52.3,0.0
5173,0.221,ok,37.820,2247.320,75.9,52.3,0.0
5174,0.274,ok,37.820,2247.320,75.9,52.3,0.0
5175,0.223,ok,37.820,2247.320,75.9,52.3,0.0
5176,0.224,ok,37.820,2247.320,75.9,52.3,0.0
5177,0.221,ok,37.820,2247.320,75.9,52.3,0.0
5178,0.230,ok,37.820,2247.320,75.9,52.3,0.0
5179,0.245,ok,37.820,2247.320,75.9,52.3,0.0
5180,0.238,ok,37.820,2247.320,75.9,52.3,0.0
5181,0.255,ok,37.820,2247.320,75.9,52.3,0.0
5182,0.255,ok,37.820,2247.320,75.9,52.3,0.0
5183,0.284,ok,37.820,2247.320,75.9,52.3,0.0
5184,0.359,ok,37.820,2247.320,75.9,52.3,0.0
5185,0.284,ok,37.820,2247.320,75.9,52.3,0.0
5186,0.228,ok,37.820,2247.320,75.9,52.3,0.0
5187,0.210,ok,37.820,2247.320,75.9,52.3,0.0
5188,0.285,ok,37.820,2247.320,75.9,52.3,0.0
5189,0.297,ok,37.820,2247.320,75.9,52.3,0.0
5190,0.214,ok,37.820,2247.320,75.9,52.3,0.0
5191,0.193,ok,37.820,2247.320,75.9,52.3,0.0
5192,0.220,ok,37.820,2247.320,75.9,52.3,0.0
5193,0.185,ok,37.820,2247.320,75.9,52.3,0.0
5194,0.243,ok,37.820,2247.320,75.9,52.3,0.0
5195,0.235,ok,37.820,2247.320,75.9,52.3,0.0
5196,0.222,ok,37.820,2247.320,75.9,52.3,0.0
5197,0.217,ok,37.820,2247.320,75.9,52.3,0.0
5198,0.213,ok,37.820,2247.320,75.9,52.3,0.0
5199,0.204,ok,37.820,2247.320,75.9,52.3,0.0
5200,0.208,ok,37.820,2247.320,75.9,52.3,0.0
5201,0.177,ok,37.820,2247.320,75.9,52.3,0.0
5202,0.186,ok,37.820,2247.320,75.9,52.3,0.0
5203,0.208,ok,37.820,2247.320,75.9,52.3,0.0
5204,0.218,ok,37.820,2247.320,75.9,52.3,0.0
5205,0.200,ok,37.820,2247.320,75.9,52.3,0.0
5206,0.187,ok,37.820,2247.320,75.9,52.3,0.0
5207,0.182,ok,37.820,2247.320,75.9,52.3,0.0
5208,0.250,ok,37.820,2247.320,75.9,52.3,0.0
5209,0.443,ok,37.820,2247.320,75.9,52.3,0.0
5210,0.284,ok,37.820,2247.320,75.9,52.3,0.0
5211,0.247,ok,37.820,2247.320,75.9,52.3,0.0
5212,0.246,ok,37.820,2247.320,75.9,52.3,0.0
5213,0.277,ok,37.820,2247.320,75.9,52.3,0.0
5214,0.359,ok,37.820,2247.320,75.9,52.3,0.0
5215,0.318,ok,37.820,2247.320,75.9,52.3,0.0
5216,0.310,ok,37.820,2247.320,75.9,52.3,0.0
5217,0.253,ok,37.820,2247.320,75.9,52.3,0.0
5218,0.252,ok,37.820,2247.320,75.9,52.3,0.0
5219,0.262,ok,37.820,2247.320,75.9,52.3,0.0
5220,0.254,ok,37.820,2247.320,75.9,52.3,0.0
5221,0.241,ok,37.820,2247.320,75.9,52.3,0.0
5222,0.247,ok,37.820,2247.320,75.9,52.3,0.0
5223,0.281,ok,37.820,2247.320,75.9,52.3,0.0
5224,0.265,ok,37.820,2247.320,75.9,52.3,0.0
5225,0.262,ok,37.820,2247.320,75.9,52.3,0.0
5226,0.293,ok,37.820,2247.320,75.9,52.3,0.0
5227,0.254,ok,37.820,2247.320,75.9,52.3,0.0
5228,0.215,ok,37.820,2247.320,75.9,52.3,0.0
5229,0.192,ok,37.820,2247.320,75.9,52.3,0.0
5230,0.172,ok,37.820,2247.320,75.9,52.3,0.0
5231,0.194,ok,37.820,2247.320,75.9,52.3,0.0
5232,0.174,ok,37.820,2247.320,75.9,52.3,0.0
5233,0.189,ok,37.820,2247.320,75.9,52.3,0.0
5234,0.167,ok,37.820,2247.320,75.9,52.3,0.0
5235,0.180,ok,37.820,2247.320,75.9,52.3,0.0
5236,0.188,ok,37.820,2247.320,75.9,52.3,0.0
5237,0.178,ok,37.820,2247.320,75.9,52.3,0.0
5238,0.211,ok,37.820,2247.320,75.9,52.3,0.0
5239,0.176,ok,37.820,2247.320,75.9,52.3,0.0
5240,0.169,ok,37.820,2247.320,75.9,52.3,0.0
5241,0.169,ok,37.820,2247.320,75.9,52.3,0.0
5242,0.179,ok,37.820,2247.320,75.9,52.3,0.0
5243,0.173,ok,37.820,2247.320,75.9,52.3,0.0
5244,0.187,ok,37.820,2247.320,75.9,52.3,0.0
5245,0.169,ok,37.820,2247.320,75.9,52.3,0.0
5246,0.186,ok,37.820,2247.320,75.9,52.3,0.0
5247,0.171,ok,37.820,2247.320,75.9,52.3,0.0
5248,0.170,ok,37.820,2247.320,75.9,52.3,0.0
5249,0.172,ok,37.820,2247.320,75.9,52.3,0.0
5250,0.168,ok,37.820,2247.320,75.9,52.3,0.0
5251,0.169,ok,37.820,2247.320,75.9,52.3,0.0
5252,0.177,ok,37.820,2247.320,75.9,52.3,0.0
5253,0.176,ok,37.820,2247.320,75.9,52.3,0.0
5254,0.172,ok,37.820,2247.320,75.9,52.3,0.0
5255,0.186,ok,37.820,2247.320,75.9,52.3,0.0
5256,0.173,ok,37.820,2247.320,75.9,52.3,0.0
5257,0.183,ok,37.820,2247.320,75.9,52.3,0.0
5258,0.166,ok,37.820,2247.320,75.9,52.3,0.0
5259,0.218,ok,37.820,2247.320,75.9,52.3,0.0
5260,0.176,ok,37.820,2247.320,75.9,52.3,0.0
5261,0.167,ok,37.820,2247.320,75.9,52.3,0.0
5262,0.170,ok,37.820,2247.320,75.9,52.3,0.0
5263,0.252,ok,37.820,2247.320,75.9,52.3,0.0
5264,0.243,ok,37.820,2247.320,75.9,52.3,0.0
5265,0.263,ok,37.820,2247.320,75.9,52.3,0.0
5266,0.223,ok,37.820,2247.320,75.9,52.3,0.0
5267,0.285,ok,37.820,2247.320,75.9,52.3,0.0
5268,0.279,ok,37.820,2247.320,75.9,52.3,0.0
5269,0.251,ok,37.820,2247.320,75.9,52.3,0.0
5270,0.220,ok,37.820,2247.320,75.9,52.3,0.0
5271,0.281,ok,37.820,2247.320,75.9,52.3,0.0
5272,0.246,ok,37.820,2247.320,75.9,52.3,0.0
5273,0.252,ok,37.820,2247.320,75.9,52.3,0.0
5274,0.245,ok,37.820,2247.320,75.9,52.3,0.0
5275,0.243,ok,37.820,2247.320,75.9,52.3,0.0
5276,0.243,ok,37.820,2247.320,75.9,52.3,0.0
5277,0.273,ok,37.820,2247.320,75.9,52.3,0.0
5278,0.262,ok,37.820,2247.320,75.9,52.3,0.0
5279,0.242,ok,37.820,2247.320,75.9,52.3,0.0
5280,0.272,ok,37.820,2247.320,75.9,52.3,0.0
5281,0.233,ok,37.820,2247.320,75.9,52.3,0.0
5282,0.220,ok,37.820,2247.320,75.9,52.3,0.0
5283,0.187,ok,37.820,2247.320,75.9,52.3,0.0
5284,0.232,ok,37.820,2247.320,75.9,52.3,0.0
5285,0.217,ok,37.820,2247.320,75.9,52.3,0.0
5286,0.225,ok,37.820,2247.320,75.9,52.3,0.0
5287,0.211,ok,37.820,2247.320,75.9,52.3,0.0
5288,0.214,ok,37.820,2247.320,75.9,52.3,0.0
5289,0.209,ok,37.820,2247.320,75.9,52.3,0.0
5290,0.209,ok,37.820,2247.320,75.9,52.3,0.0
5291,0.204,ok,37.820,2247.320,75.9,52.3,0.0
5292,0.202,ok,37.820,2247.320,75.9,52.3,0.0
5293,0.294,ok,37.820,2247.320,75.9,52.3,0.0
5294,0.296,ok,37.820,2247.320,75.9,52.3,0.0
5295,0.238,ok,37.820,2247.320,75.9,52.3,0.0
5296,0.250,ok,37.820,2247.320,75.9,52.3,0.0
5297,0.270,ok,37.820,2247.320,75.9,52.3,0.0
5298,0.300,ok,37.820,2247.320,75.9,52.3,0.0
5299,0.254,ok,37.820,2247.320,75.9,52.3,0.0
5300,0.269,ok,37.820,2247.320,75.9,52.3,0.0
5301,0.256,ok,37.820,2247.320,75.9,52.3,0.0
5302,0.277,ok,37.820,2247.320,75.9,52.3,0.0
5303,0.244,ok,37.820,2247.320,75.9,52.3,0.0
5304,0.252,ok,37.820,2247.320,75.9,52.3,0.0
5305,0.323,ok,37.820,2247.320,75.9,52.3,0.0
5306,0.383,ok,37.820,2247.320,75.9,52.3,0.0
5307,0.358,ok,37.820,2247.320,75.9,52.3,0.0
5308,0.315,ok,37.820,2247.320,75.9,52.3,0.0
5309,0.416,ok,37.820,2247.320,75.9,52.3,0.0
5310,0.370,ok,37.820,2247.320,75.9,52.3,0.0
5311,0.293,ok,37.820,2247.320,75.9,52.3,0.0
5312,0.244,ok,37.820,2247.320,75.9,52.3,0.0
5313,0.219,ok,37.820,2247.320,75.9,52.3,0.0
5314,0.207,ok,37.820,2247.320,75.9,52.3,0.0
5315,0.200,ok,37.820,2247.320,75.9,52.3,0.0
5316,0.204,ok,37.820,2247.320,75.9,52.3,0.0
5317,0.213,ok,37.820,2247.320,75.9,52.3,0.0
5318,0.203,ok,37.820,2247.320,75.9,52.3,0.0
5319,0.217,ok,37.820,2247.320,75.9,52.3,0.0
5320,0.202,ok,37.820,2247.320,75.9,52.3,0.0
5321,0.274,ok,37.820,2247.320,75.9,52.3,0.0
5322,0.237,ok,37.820,2247.320,75.9,52.3,0.0
5323,0.349,ok,37.820,2247.320,75.9,52.3,0.0
5324,0.374,ok,37.820,2247.320,75.9,52.3,0.0
5325,0.363,ok,37.820,2247.320,75.9,52.3,0.0
5326,0.386,ok,37.820,2247.320,75.9,52.3,0.0
5327,0.324,ok,37.820,2247.320,75.9,52.3,0.0
5328,0.250,ok,37.820,2247.320,75.9,52.3,0.0
5329,0.229,ok,37.820,2247.320,75.9,52.3,0.0
5330,0.256,ok,37.820,2247.320,75.9,52.3,0.0
5331,0.236,ok,37.820,2247.320,75.9,52.3,0.0
5332,0.249,ok,37.820,2247.320,75.9,52.3,0.0
5333,0.287,ok,37.820,2247.320,75.9,52.3,0.0
5334,0.299,ok,37.820,2247.320,75.9,52.3,0.0
5335,0.331,ok,37.820,2247.320,75.9,52.3,0.0
5336,0.293,ok,37.820,2247.320,75.9,52.3,0.0
5337,0.285,ok,37.820,2247.320,75.9,52.3,0.0
5338,0.337,ok,37.820,2247.320,75.9,52.3,0.0
5339,0.294,ok,37.820,2247.320,75.9,52.3,0.0
5340,0.226,ok,37.820,2247.320,75.9,52.3,0.0
5341,0.191,ok,37.820,2247.320,75.9,52.3,0.0
5342,0.205,ok,37.820,2247.320,75.9,52.3,0.0
5343,0.297,ok,37.820,2247.320,75.9,52.3,0.0
5344,0.314,ok,37.820,2247.320,75.9,52.3,0.0
5345,0.303,ok,37.820,2247.320,75.9,52.3,0.0
5346,0.259,ok,37.820,2247.320,75.9,52.3,0.0
5347,0.271,ok,37.820,2247.320,75.9,52.3,0.0
5348,0.381,ok,37.820,2247.320,75.9,52.3,0.0
5349,0.394,ok,37.820,2247.320,75.9,52.3,0.0
5350,0.418,ok,37.820,2247.320,75.9,52.3,0.0
5351,0.427,ok,37.820,2247.320,75.9,52.3,0.0
5352,0.435,ok,37.820,2247.320,75.9,52.3,0.0
5353,0.388,ok,37.820,2247.320,75.9,52.3,0.0
5354,0.359,ok,37.820,2247.320,75.9,52.3,0.0
5355,0.372,ok,37.820,2247.320,75.9,52.3,0.0
5356,0.357,ok,37.820,2247.320,75.9,52.3,0.0
5357,0.327,ok,37.820,2247.320,75.9,52.3,0.0
5358,0.328,ok,37.820,2247.320,75.9,52.3,0.0
5359,0.352,ok,37.820,2247.320,75.9,52.3,0.0
5360,0.438,ok,37.820,2247.320,75.9,52.3,0.0
5361,0.444,ok,37.820,2247.320,75.9,52.3,0.0
5362,0.453,ok,37.820,2247.320,75.9,52.3,0.0
5363,0.478,ok,37.820,2247.320,75.9,52.3,0.0
5364,0.429,ok,37.820,2247.320,75.9,52.3,0.0
5365,0.311,ok,37.820,2247.320,75.9,52.3,0.0
5366,0.462,ok,37.820,2247.320,75.9,52.3,0.0
5367,0.418,ok,37.820,2247.320,75.9,52.3,0.0
5368,0.421,ok,37.820,2247.320,75.9,52.3,0.0
5369,0.430,ok,37.820,2247.320,75.9,52.3,0.0
5370,0.407,ok,37.820,2247.320,75.9,52.3,0.0
5371,0.359,ok,37.820,2247.320,75.9,52.3,0.0
5372,0.348,ok,37.820,2247.320,75.9,52.3,0.0
5373,0.360,ok,37.820,2247.320,75.9,52.3,0.0
5374,0.460,ok,37.820,2247.320,75.9,52.3,0.0
5375,0.376,ok,37.820,2247.320,75.9,52.3,0.0
5376,0.363,ok,37.820,2247.320,75.9,52.3,0.0
5377,0.400,ok,37.820,2247.320,75.9,52.3,0.0
5378,0.377,ok,37.820,2247.320,75.9,52.3,0.0
5379,0.334,ok,37.820,2247.320,75.9,52.3,0.0
5380,0.329,ok,37.820,2247.320,75.9,52.3,0.0
5381,0.277,ok,37.820,2247.320,75.9,52.3,0.0
5382,0.233,ok,37.820,2247.320,75.9,52.3,0.0
5383,0.243,ok,37.820,2247.320,75.9,52.3,0.0
5384,0.216,ok,37.820,2247.320,75.9,52.3,0.0
5385,0.204,ok,37.820,2247.320,75.9,52.3,0.0
5386,0.204,ok,37.820,2247.320,75.9,52.3,0.0
5387,0.266,ok,37.820,2247.320,75.9,52.3,0.0
5388,0.208,ok,37.820,2247.320,75.9,52.3,0.0
5389,0.224,ok,37.820,2247.320,75.9,52.3,0.0
5390,0.240,ok,37.820,2247.320,75.9,52.3,0.0
5391,0.214,ok,37.820,2247.320,75.9,52.3,0.0
5392,0.225,ok,37.820,2247.320,75.9,52.3,0.0
5393,0.243,ok,37.820,2247.320,75.9,52.3,0.0
5394,0.247,ok,37.820,2247.320,75.9,52.3,0.0
5395,0.270,ok,37.820,2247.320,75.9,52.3,0.0
5396,0.214,ok,37.820,2247.320,75.9,52.3,0.0
5397,0.267,ok,37.820,2247.320,75.9,52.3,0.0
5398,0.199,ok,37.820,2247.320,75.9,52.3,0.0
5399,0.265,ok,37.820,2247.320,75.9,52.3,0.0
5400,0.194,ok,37.820,2247.320,75.9,52.3,0.0
5401,0.275,ok,37.820,2247.320,75.9,52.3,0.0
5402,0.237,ok,37.820,2247.320,75.9,52.3,0.0
5403,0.286,ok,37.820,2247.320,75.9,52.3,0.0
5404,0.268,ok,37.820,2247.320,75.9,52.3,0.0
5405,0.274,ok,37.820,2247.320,75.9,52.3,0.0
5406,0.269,ok,37.820,2247.320,75.9,52.3,0.0
5407,0.256,ok,37.820,2247.320,75.9,52.3,0.0
5408,0.301,ok,37.820,2247.320,75.9,52.3,0.0
5409,0.273,ok,37.820,2247.320,75.9,52.3,0.0
5410,0.278,ok,37.820,2247.320,75.9,52.3,0.0
5411,0.282,ok,37.820,2247.320,75.9,52.3,0.0
5412,0.327,ok,37.820,2247.320,75.9,52.3,0.0
5413,0.338,ok,37.820,2247.320,75.9,52.3,0.0
5414,0.315,ok,37.820,2247.320,75.9,52.3,0.0
5415,0.301,ok,37.820,2247.320,75.9,52.3,0.0
5416,0.318,ok,37.820,2247.320,75.9,52.3,0.0
5417,0.267,ok,37.820,2247.320,75.9,52.3,0.0
5418,0.247,ok,37.820,2247.320,75.9,52.3,0.0
5419,0.255,ok,37.820,2247.320,75.9,52.3,0.0
5420,0.219,ok,37.820,2247.320,75.9,52.3,0.0
5421,0.228,ok,37.820,2247.320,75.9,52.3,0.0
5422,0.223,ok,37.820,2247.320,75.9,52.3,0.0
5423,0.234,ok,37.820,2247.320,75.9,52.3,0.0
5424,0.225,ok,37.820,2247.320,75.9,52.3,0.0
5425,0.223,ok,37.820,2247.320,75.9,52.3,0.0
5426,0.222,ok,37.820,2247.320,75.9,52.3,0.0
5427,0.230,ok,37.820,2247.320,75.9,52.3,0.0
5428,0.242,ok,37.820,2247.320,75.9,52.3,0.0
5429,0.238,ok,37.820,2247.320,75.9,52.3,0.0
5430,0.344,ok,37.820,2247.320,75.9,52.3,0.0
5431,0.324,ok,37.820,2247.320,75.9,52.3,0.0
5432,0.322,ok,37.820,2247.320,75.9,52.3,0.0
5433,0.273,ok,37.820,2247.320,75.9,52.3,0.0
5434,0.302,ok,37.820,2247.320,75.9,52.3,0.0
5435,0.283,ok,37.820,2247.320,75.9,52.3,0.0
5436,0.289,ok,37.820,2247.320,75.9,52.3,0.0
5437,0.295,ok,37.820,2247.320,75.9,52.3,0.0
5438,0.276,ok,37.820,2247.320,75.9,52.3,0.0
5439,0.292,ok,37.820,2247.320,75.9,52.3,0.0
5440,0.279,ok,37.820,2247.320,75.9,52.3,0.0
5441,0.246,ok,37.820,2247.320,75.9,52.3,0.0
5442,0.303,ok,37.820,2247.320,75.9,52.3,0.0
5443,0.249,ok,37.820,2247.320,75.9,52.3,0.0
5444,0.282,ok,37.820,2247.320,75.9,52.3,0.0
5445,0.261,ok,37.820,2247.320,75.9,52.3,0.0
5446,0.286,ok,37.820,2247.320,75.9,52.3,0.0
5447,0.245,ok,37.820,2247.320,75.9,52.3,0.0
5448,0.240,ok,37.820,2247.320,75.9,52.3,0.0
5449,0.260,ok,37.820,2247.320,75.9,52.3,0.0
5450,0.324,ok,37.820,2247.320,75.9,52.3,0.0
5451,0.328,ok,37.820,2247.320,75.9,52.3,0.0
5452,0.317,ok,37.820,2247.320,75.9,52.3,0.0
5453,0.331,ok,37.820,2247.320,75.9,52.3,0.0
5454,0.305,ok,37.820,2247.320,75.9,52.3,0.0
5455,0.319,ok,37.820,2247.320,75.9,52.3,0.0
5456,0.405,ok,37.820,2247.320,75.9,52.3,0.0
5457,0.388,ok,37.820,2247.320,75.9,52.3,0.0
5458,0.327,ok,37.820,2247.320,75.9,52.3,0.0
5459,0.261,ok,37.820,2247.320,75.9,52.3,0.0
5460,0.299,ok,37.820,2247.320,75.9,52.3,0.0
5461,0.319,ok,37.820,2247.320,75.9,52.3,0.0
5462,0.259,ok,37.820,2247.320,75.9,52.3,0.0
5463,0.277,ok,37.820,2247.320,75.9,52.3,0.0
5464,0.228,ok,37.820,2247.320,75.9,52.3,0.0
5465,0.248,ok,37.820,2247.320,75.9,52.3,0.0
5466,0.274,ok,37.820,2247.320,75.9,52.3,0.0
5467,0.231,ok,37.820,2247.320,75.9,52.3,0.0
5468,0.217,ok,37.820,2247.320,75.9,52.3,0.0
5469,0.229,ok,37.820,2247.320,75.9,52.3,0.0
5470,0.218,ok,37.820,2247.320,75.9,52.3,0.0
5471,0.228,ok,37.820,2247.320,75.9,52.3,0.0
5472,0.283,ok,37.820,2247.320,75.9,52.3,0.0
5473,0.268,ok,37.820,2247.320,75.9,52.3,0.0
5474,0.292,ok,37.820,2247.320,75.9,52.3,0.0
5475,0.225,ok,37.820,2247.320,75.9,52.3,0.0
5476,0.199,ok,37.820,2247.320,75.9,52.3,0.0
5477,0.219,ok,37.820,2247.320,75.9,52.3,0.0
5478,0.174,ok,37.820,2247.320,75.9,52.3,0.0
5479,0.148,ok,37.820,2247.320,75.9,52.3,0.0
5480,0.148,ok,37.820,2247.320,75.9,52.3,0.0
5481,0.227,ok,37.820,2247.320,75.9,52.3,0.0
5482,0.272,ok,37.820,2247.320,75.9,52.3,0.0
5483,0.233,ok,37.820,2247.320,75.9,52.3,0.0
5484,0.200,ok,37.820,2247.320,75.9,52.3,0.0
5485,0.183,ok,37.820,2247.320,75.9,52.3,0.0
5486,0.180,ok,37.820,2247.320,75.9,52.3,0.0
5487,0.176,ok,37.820,2247.320,75.9,52.3,0.0
5488,0.179,ok,37.820,2247.320,75.9,52.3,0.0
5489,0.176,ok,37.820,2247.320,75.9,52.3,0.0
5490,0.201,ok,37.820,2247.320,75.9,52.3,0.0
5491,0.183,ok,37.820,2247.320,75.9,52.3,0.0
5492,0.183,ok,37.820,2247.320,75.9,52.3,0.0
5493,0.183,ok,37.820,2247.320,75.9,52.3,0.0
5494,0.220,ok,37.820,2247.320,75.9,52.3,0.0
5495,0.223,ok,37.820,2247.320,75.9,52.3,0.0
5496,0.238,ok,37.820,2247.320,75.9,52.3,0.0
5497,0.238,ok,37.820,2247.320,75.9,52.3,0.0
5498,0.228,ok,37.820,2247.320,75.9,52.3,0.0
5499,0.227,ok,37.820,2247.320,75.9,52.3,0.0
5500,0.221,ok,37.820,2247.320,75.9,52.3,0.0
5501,0.221,ok,37.820,2247.320,75.9,52.3,0.0
5502,0.229,ok,37.820,2247.320,75.9,52.3,0.0
5503,0.222,ok,37.820,2247.320,75.9,52.3,0.0
5504,0.219,ok,37.820,2247.320,75.9,52.3,0.0
5505,0.269,ok,37.820,2247.320,75.9,52.3,0.0
5506,0.269,ok,37.820,2247.320,75.9,52.3,0.0
5507,0.246,ok,37.820,2247.320,75.9,52.3,0.0
5508,0.241,ok,37.820,2247.320,75.9,52.3,0.0
5509,0.279,ok,37.820,2247.320,75.9,52.3,0.0
5510,0.288,ok,37.820,2247.320,75.9,52.3,0.0
5511,0.317,ok,37.820,2247.320,75.9,52.3,0.0
5512,0.356,ok,37.820,2247.320,75.9,52.3,0.0
5513,0.259,ok,37.820,2247.320,75.9,52.3,0.0
5514,0.246,ok,37.820,2247.320,75.9,52.3,0.0
5515,0.274,ok,37.820,2247.320,75.9,52.3,0.0
5516,0.191,ok,37.820,2247.320,75.9,52.3,0.0
5517,0.195,ok,37.820,2247.320,75.9,52.3,0.0
5518,0.211,ok,37.820,2247.320,75.9,52.3,0.0
5519,0.209,ok,37.820,2247.320,75.9,52.3,0.0
5520,0.165,ok,37.820,2247.320,75.9,52.3,0.0
5521,0.146,ok,37.820,2247.320,75.9,52.3,0.0
5522,0.147,ok,37.820,2247.320,75.9,52.3,0.0
5523,0.288,ok,37.820,2247.320,75.9,52.3,0.0
5524,0.233,ok,37.820,2247.320,75.9,52.3,0.0
5525,0.200,ok,37.820,2247.320,75.9,52.3,0.0
5526,0.201,ok,37.820,2247.320,75.9,52.3,0.0
5527,0.204,ok,37.820,2247.320,75.9,52.3,0.0
5528,0.279,ok,37.820,2247.320,75.9,52.3,0.0
5529,0.336,ok,37.820,2247.320,75.9,52.3,0.0
5530,0.366,ok,37.820,2247.320,75.9,52.3,0.0
5531,0.407,ok,37.820,2247.320,75.9,52.3,0.0
5532,0.338,ok,37.820,2247.320,75.9,52.3,0.0
5533,0.283,ok,37.820,2247.320,75.9,52.3,0.0
5534,0.266,ok,37.820,2247.320,75.9,52.3,0.0
5535,0.260,ok,37.820,2247.320,75.9,52.3,0.0
5536,0.290,ok,37.820,2247.320,75.9,52.3,0.0
5537,0.303,ok,37.820,2247.320,75.9,52.3,0.0
5538,0.316,ok,37.820,2247.320,75.9,52.3,0.0
5539,0.365,ok,37.820,2247.320,75.9,52.3,0.0
5540,0.253,ok,37.820,2247.320,75.9,52.3,0.0
5541,0.205,ok,37.820,2247.320,75.9,52.3,0.0
5542,0.234,ok,37.820,2247.320,75.9,52.3,0.0
5543,0.231,ok,37.820,2247.320,75.9,52.3,0.0
5544,0.271,ok,37.820,2247.320,75.9,52.3,0.0
5545,0.240,ok,37.820,2247.320,75.9,52.3,0.0
5546,0.210,ok,37.820,2247.320,75.9,52.3,0.0
5547,0.203,ok,37.820,2247.320,75.9,52.3,0.0
5548,0.235,ok,37.820,2247.320,75.9,52.3,0.0
5549,0.222,ok,37.820,2247.320,75.9,52.3,0.0
5550,0.258,ok,37.820,2247.320,75.9,52.3,0.0
5551,0.234,ok,37.820,2247.320,75.9,52.3,0.0
5552,0.202,ok,37.820,2247.320,75.9,52.3,0.0
5553,0.238,ok,37.820,2247.320,75.9,52.3,0.0
5554,0.240,ok,37.820,2247.320,75.9,52.3,0.0
5555,0.229,ok,37.820,2247.320,75.9,52.3,0.0
5556,0.229,ok,37.820,2247.320,75.9,52.3,0.0
5557,0.239,ok,37.820,2247.320,75.9,52.3,0.0
5558,0.283,ok,37.820,2247.320,75.9,52.3,0.0
5559,0.278,ok,37.820,2247.320,75.9,52.3,0.0
5560,0.254,ok,37.820,2247.320,75.9,52.3,0.0
5561,0.230,ok,37.820,2247.320,75.9,52.3,0.0
5562,0.226,ok,37.820,2247.320,75.9,52.3,0.0
5563,0.220,ok,37.820,2247.320,75.9,52.3,0.0
5564,0.220,ok,37.820,2247.320,75.9,52.3,0.0
5565,0.231,ok,37.820,2247.320,75.9,52.3,0.0
5566,0.260,ok,37.820,2247.320,75.9,52.3,0.0
5567,0.233,ok,37.820,2247.320,75.9,52.3,0.0
5568,0.238,ok,37.820,2247.320,75.9,52.3,0.0
5569,0.228,ok,37.820,2247.320,75.9,52.3,0.0
5570,0.263,ok,37.820,2247.320,75.9,52.3,0.0
5571,0.271,ok,37.820,2247.320,75.9,52.3,0.0
5572,0.271,ok,37.820,2247.320,75.9,52.3,0.0
5573,0.235,ok,37.820,2247.320,75.9,52.3,0.0
5574,0.232,ok,37.820,2247.320,75.9,52.3,0.0
5575,0.227,ok,37.820,2247.320,75.9,52.3,0.0
5576,0.227,ok,37.820,2247.320,75.9,52.3,0.0
5577,0.217,ok,37.820,2247.320,75.9,52.3,0.0
5578,0.234,ok,37.820,2247.320,75.9,52.3,0.0
5579,0.275,ok,37.820,2247.320,75.9,52.3,0.0
5580,0.220,ok,37.820,2247.320,75.9,52.3,0.0
5581,0.281,ok,37.898,2247.320,76.7,52.3,0.0
5582,0.209,ok,37.898,2247.320,76.7,52.3,0.0
5583,0.228,ok,37.898,2247.320,76.7,52.3,0.0
5584,0.234,ok,37.898,2247.320,76.7,52.3,0.0
5585,0.230,ok,37.898,2247.320,76.7,52.3,0.0
5586,0.296,ok,37.898,2247.320,76.7,52.3,0.0
5587,0.256,ok,37.898,2247.320,76.7,52.3,0.0
5588,0.275,ok,37.898,2247.320,76.7,52.3,0.0
5589,0.228,ok,37.898,2247.320,76.7,52.3,0.0
5590,0.230,ok,37.898,2247.320,76.7,52.3,0.0
5591,0.254,ok,37.898,2247.320,76.7,52.3,0.0
5592,0.202,ok,37.898,2247.320,76.7,52.3,0.0
5593,0.229,ok,37.898,2247.320,76.7,52.3,0.0
5594,0.265,ok,37.898,2247.320,76.7,52.3,0.0
5595,0.248,ok,37.898,2247.320,76.7,52.3,0.0
5596,0.255,ok,37.898,2247.320,76.7,52.3,0.0
5597,0.221,ok,37.898,2247.320,76.7,52.3,0.0
5598,0.251,ok,37.898,2247.320,76.7,52.3,0.0
5599,0.223,ok,37.898,2247.320,76.7,52.3,0.0
5600,0.294,ok,37.898,2247.320,76.7,52.3,0.0
5601,0.255,ok,37.898,2247.320,76.7,52.3,0.0
5602,0.199,ok,37.898,2247.320,76.7,52.3,0.0
5603,0.232,ok,37.898,2247.320,76.7,52.3,0.0
5604,0.270,ok,37.898,2247.320,76.7,52.3,0.0
5605,0.229,ok,37.898,2247.320,76.7,52.3,0.0
5606,0.264,ok,37.898,2247.320,76.7,52.3,0.0
5607,0.213,ok,37.898,2247.320,76.7,52.3,0.0
5608,0.210,ok,37.898,2247.320,76.7,52.3,0.0
5609,0.206,ok,37.898,2247.320,76.7,52.3,0.0
5610,0.200,ok,37.898,2247.320,76.7,52.3,0.0
5611,0.211,ok,37.898,2247.320,76.7,52.3,0.0
5612,0.212,ok,37.898,2247.320,76.7,52.3,0.0
5613,0.225,ok,37.898,2247.320,76.7,52.3,0.0
5614,0.266,ok,37.898,2247.320,76.7,52.3,0.0
5615,0.224,ok,37.898,2247.320,76.7,52.3,0.0
5616,0.239,ok,37.898,2247.320,76.7,52.3,0.0
5617,0.244,ok,37.898,2247.320,76.7,52.3,0.0
5618,0.232,ok,37.898,2247.320,76.7,52.3,0.0
5619,0.240,ok,37.898,2247.320,76.7,52.3,0.0
5620,0.247,ok,37.898,2247.320,76.7,52.3,0.0
5621,0.310,ok,37.898,2247.320,76.7,52.3,0.0
5622,0.334,ok,37.898,2247.320,76.7,52.3,0.0
5623,0.277,ok,37.898,2247.320,76.7,52.3,0.0
5624,0.274,ok,37.898,2247.320,76.7,52.3,0.0
5625,0.239,ok,37.898,2247.320,76.7,52.3,0.0
5626,0.271,ok,37.898,2247.320,76.7,52.3,0.0
5627,0.316,ok,37.898,2247.320,76.7,52.3,0.0
5628,0.381,ok,37.898,2247.320,76.7,52.3,0.0
5629,0.388,ok,37.898,2247.320,76.7,52.3,0.0
5630,0.438,ok,37.898,2247.320,76.7,52.3,0.0
5631,0.387,ok,37.898,2247.320,76.7,52.3,0.0
5632,0.365,ok,37.898,2247.320,76.7,52.3,0.0
5633,0.317,ok,37.898,2247.320,76.7,52.3,0.0
5634,0.272,ok,37.898,2247.320,76.7,52.3,0.0
5635,0.263,ok,37.898,2247.320,76.7,52.3,0.0
5636,0.291,ok,37.898,2247.320,76.7,52.3,0.0
5637,0.270,ok,37.898,2247.320,76.7,52.3,0.0
5638,0.251,ok,37.898,2247.320,76.7,52.3,0.0
5639,0.238,ok,37.898,2247.320,76.7,52.3,0.0
5640,0.252,ok,37.898,2247.320,76.7,52.3,0.0
5641,0.239,ok,37.898,2247.320,76.7,52.3,0.0
5642,0.228,ok,37.898,2247.320,76.7,52.3,0.0
5643,0.305,ok,37.898,2247.320,76.7,52.3,0.0
5644,0.251,ok,37.898,2247.320,76.7,52.3,0.0
5645,0.240,ok,37.898,2247.320,76.7,52.3,0.0
5646,0.244,ok,37.898,2247.320,76.7,52.3,0.0
5647,0.452,ok,37.898,2247.320,76.7,52.3,0.0
5648,0.397,ok,37.898,2247.320,76.7,52.3,0.0
5649,0.355,ok,37.898,2247.320,76.7,52.3,0.0
5650,0.391,ok,37.898,2247.320,76.7,52.3,0.0
5651,0.362,ok,37.898,2247.320,76.7,52.3,0.0
5652,0.416,ok,37.898,2247.320,76.7,52.3,0.0
5653,0.340,ok,37.898,2247.320,76.7,52.3,0.0
5654,0.340,ok,37.898,2247.320,76.7,52.3,0.0
5655,0.339,ok,37.898,2247.320,76.7,52.3,0.0
5656,0.330,ok,37.898,2247.320,76.7,52.3,0.0
5657,0.309,ok,37.898,2247.320,76.7,52.3,0.0
5658,0.327,ok,37.898,2247.320,76.7,52.3,0.0
5659,0.374,ok,37.898,2247.320,76.7,52.3,0.0
5660,0.361,ok,37.898,2247.320,76.7,52.3,0.0
5661,0.343,ok,37.898,2247.320,76.7,52.3,0.0
5662,0.376,ok,37.898,2247.320,76.7,52.3,0.0
5663,0.383,ok,37.898,2247.320,76.7,52.3,0.0
5664,0.310,ok,37.898,2247.320,76.7,52.3,0.0
5665,0.276,ok,37.898,2247.320,76.7,52.3,0.0
5666,0.217,ok,37.898,2247.320,76.7,52.3,0.0
5667,0.220,ok,37.898,2247.320,76.7,52.3,0.0
5668,0.212,ok,37.898,2247.320,76.7,52.3,0.0
5669,0.201,ok,37.898,2247.320,76.7,52.3,0.0
5670,0.207,ok,37.898,2247.320,76.7,52.3,0.0
5671,0.208,ok,37.898,2247.320,76.7,52.3,0.0
5672,0.211,ok,37.898,2247.320,76.7,52.3,0.0
5673,0.198,ok,37.898,2247.320,76.7,52.3,0.0
5674,0.206,ok,37.898,2247.320,76.7,52.3,0.0
5675,0.198,ok,37.898,2247.320,76.7,52.3,0.0
5676,0.218,ok,37.898,2247.320,76.7,52.3,0.0
5677,0.231,ok,37.898,2247.320,76.7,52.3,0.0
5678,0.216,ok,37.898,2247.320,76.7,52.3,0.0
5679,0.235,ok,37.898,2247.320,76.7,52.3,0.0
5680,0.207,ok,37.898,2247.320,76.7,52.3,0.0
5681,0.217,ok,37.898,2247.320,76.7,52.3,0.0
5682,0.257,ok,37.898,2247.320,76.7,52.3,0.0
5683,0.248,ok,37.898,2247.320,76.7,52.3,0.0
5684,0.213,ok,37.898,2247.320,76.7,52.3,0.0
5685,0.211,ok,37.898,2247.320,76.7,52.3,0.0
5686,0.242,ok,37.898,2247.320,76.7,52.3,0.0
5687,0.232,ok,37.898,2247.320,76.7,52.3,0.0
5688,0.208,ok,37.898,2247.320,76.7,52.3,0.0
5689,0.202,ok,37.898,2247.320,76.7,52.3,0.0
5690,0.215,ok,37.898,2247.320,76.7,52.3,0.0
5691,0.201,ok,37.898,2247.320,76.7,52.3,0.0
5692,0.205,ok,37.898,2247.320,76.7,52.3,0.0
5693,0.198,ok,37.898,2247.320,76.7,52.3,0.0
5694,0.216,ok,37.898,2247.320,76.7,52.3,0.0
5695,0.204,ok,37.898,2247.320,76.7,52.3,0.0
5696,0.238,ok,37.898,2247.320,76.7,52.3,0.0
5697,0.229,ok,37.898,2247.320,76.7,52.3,0.0
5698,0.233,ok,37.898,2247.320,76.7,52.3,0.0
5699,0.207,ok,37.898,2247.320,76.7,52.3,0.0
5700,0.219,ok,37.898,2247.320,76.7,52.3,0.0
5701,0.207,ok,37.898,2247.320,76.7,52.3,0.0
5702,0.201,ok,37.898,2247.320,76.7,52.3,0.0
5703,0.213,ok,37.898,2247.320,76.7,52.3,0.0
5704,0.210,ok,37.898,2247.320,76.7,52.3,0.0
5705,0.258,ok,37.898,2247.320,76.7,52.3,0.0
5706,0.223,ok,37.898,2247.320,76.7,52.3,0.0
5707,0.240,ok,37.898,2247.320,76.7,52.3,0.0
5708,0.284,ok,37.898,2247.320,76.7,52.3,0.0
5709,0.202,ok,37.898,2247.320,76.7,52.3,0.0
5710,0.227,ok,37.898,2247.320,76.7,52.3,0.0
5711,0.197,ok,37.898,2247.320,76.7,52.3,0.0
5712,0.199,ok,37.898,2247.320,76.7,52.3,0.0
5713,0.201,ok,37.898,2247.320,76.7,52.3,0.0
5714,0.248,ok,37.898,2247.320,76.7,52.3,0.0
5715,0.268,ok,37.898,2247.320,76.7,52.3,0.0
5716,0.285,ok,37.898,2247.320,76.7,52.3,0.0
5717,0.241,ok,37.898,2247.320,76.7,52.3,0.0
5718,0.239,ok,37.898,2247.320,76.7,52.3,0.0
5719,0.244,ok,37.898,2247.320,76.7,52.3,0.0
5720,0.303,ok,37.898,2247.320,76.7,52.3,0.0
5721,0.272,ok,37.898,2247.320,76.7,52.3,0.0
5722,0.265,ok,37.898,2247.320,76.7,52.3,0.0
5723,0.227,ok,37.898,2247.320,76.7,52.3,0.0
5724,0.283,ok,37.898,2247.320,76.7,52.3,0.0
5725,0.238,ok,37.898,2247.320,76.7,52.3,0.0
5726,0.276,ok,37.898,2247.320,76.7,52.3,0.0
5727,0.280,ok,37.898,2247.320,76.7,52.3,0.0
5728,0.343,ok,37.898,2247.320,76.7,52.3,0.0
5729,0.326,ok,37.898,2247.320,76.7,52.3,0.0
5730,0.356,ok,37.898,2247.320,76.7,52.3,0.0
5731,0.289,ok,37.898,2247.320,76.7,52.3,0.0
5732,0.225,ok,37.898,2247.320,76.7,52.3,0.0
5733,0.203,ok,37.898,2247.320,76.7,52.3,0.0
5734,0.194,ok,37.898,2247.320,76.7,52.3,0.0
5735,0.206,ok,37.898,2247.320,76.7,52.3,0.0
5736,0.192,ok,37.898,2247.320,76.7,52.3,0.0
5737,0.193,ok,37.898,2247.320,76.7,52.3,0.0
5738,0.195,ok,37.898,2247.320,76.7,52.3,0.0
5739,0.190,ok,37.898,2247.320,76.7,52.3,0.0
5740,0.199,ok,37.898,2247.320,76.7,52.3,0.0
5741,0.203,ok,37.898,2247.320,76.7,52.3,0.0
5742,0.241,ok,37.898,2247.320,76.7,52.3,0.0
5743,0.252,ok,37.898,2247.320,76.7,52.3,0.0
5744,0.313,ok,37.898,2247.320,76.7,52.3,0.0
5745,0.243,ok,37.898,2247.320,76.7,52.3,0.0
5746,0.308,ok,37.898,2247.320,76.7,52.3,0.0
5747,0.281,ok,37.898,2247.320,76.7,52.3,0.0
5748,0.239,ok,37.898,2247.320,76.7,52.3,0.0
5749,0.235,ok,37.898,2247.320,76.7,52.3,0.0
5750,0.304,ok,37.898,2247.320,76.7,52.3,0.0
5751,0.247,ok,37.898,2247.320,76.7,52.3,0.0
5752,0.287,ok,37.898,2247.320,76.7,52.3,0.0
5753,0.290,ok,37.898,2247.320,76.7,52.3,0.0
5754,0.281,ok,37.898,2247.320,76.7,52.3,0.0
5755,0.322,ok,37.898,2247.320,76.7,52.3,0.0
5756,0.305,ok,37.898,2247.320,76.7,52.3,0.0
5757,0.237,ok,37.898,2247.320,76.7,52.3,0.0
5758,0.221,ok,37.898,2247.320,76.7,52.3,0.0
5759,0.288,ok,37.898,2247.320,76.7,52.3,0.0
5760,0.274,ok,37.898,2247.320,76.7,52.3,0.0
5761,0.231,ok,37.898,2247.320,76.7,52.3,0.0
5762,0.273,ok,37.898,2247.320,76.7,52.3,0.0
5763,0.246,ok,37.898,2247.320,76.7,52.3,0.0
5764,0.268,ok,37.898,2247.320,76.7,52.3,0.0
5765,0.279,ok,37.898,2247.320,76.7,52.3,0.0
5766,0.254,ok,37.898,2247.320,76.7,52.3,0.0
5767,0.221,ok,37.898,2247.320,76.7,52.3,0.0
5768,0.206,ok,37.898,2247.320,76.7,52.3,0.0
5769,0.201,ok,37.898,2247.320,76.7,52.3,0.0
5770,0.186,ok,37.898,2247.320,76.7,52.3,0.0
5771,0.331,ok,37.898,2247.320,76.7,52.3,0.0
5772,0.224,ok,37.898,2247.320,76.7,52.3,0.0
5773,0.194,ok,37.898,2247.320,76.7,52.3,0.0
5774,0.185,ok,37.898,2247.320,76.7,52.3,0.0
5775,0.216,ok,37.898,2247.320,76.7,52.3,0.0
5776,0.192,ok,37.898,2247.320,76.7,52.3,0.0
5777,0.205,ok,37.898,2247.320,76.7,52.3,0.0
5778,0.185,ok,37.898,2247.320,76.7,52.3,0.0
5779,0.216,ok,37.898,2247.320,76.7,52.3,0.0
5780,0.185,ok,37.898,2247.320,76.7,52.3,0.0
5781,0.249,ok,37.898,2247.320,76.7,52.3,0.0
5782,0.194,ok,37.898,2247.320,76.7,52.3,0.0
5783,0.183,ok,37.898,2247.320,76.7,52.3,0.0
5784,0.183,ok,37.898,2247.320,76.7,52.3,0.0
5785,0.183,ok,37.898,2247.320,76.7,52.3,0.0
5786,0.224,ok,37.898,2247.320,76.7,52.3,0.0
5787,0.261,ok,37.898,2247.320,76.7,52.3,0.0
5788,0.233,ok,37.898,2247.320,76.7,52.3,0.0
5789,0.217,ok,37.898,2247.320,76.7,52.3,0.0
5790,0.276,ok,37.898,2247.320,76.7,52.3,0.0
5791,0.207,ok,37.898,2247.320,76.7,52.3,0.0
5792,0.210,ok,37.898,2247.320,76.7,52.3,0.0
5793,0.167,ok,37.898,2247.320,76.7,52.3,0.0
5794,0.214,ok,37.898,2247.320,76.7,52.3,0.0
5795,0.246,ok,37.898,2247.320,76.7,52.3,0.0
5796,0.219,ok,37.898,2247.320,76.7,52.3,0.0
5797,0.228,ok,37.898,2247.320,76.7,52.3,0.0
5798,0.230,ok,37.898,2247.320,76.7,52.3,0.0
5799,0.236,ok,37.898,2247.320,76.7,52.3,0.0
5800,0.229,ok,37.898,2247.320,76.7,52.3,0.0
5801,0.286,ok,37.898,2247.320,76.7,52.3,0.0
5802,0.228,ok,37.898,2247.320,76.7,52.3,0.0
5803,0.254,ok,37.898,2247.320,76.7,52.3,0.0
5804,0.227,ok,37.898,2247.320,76.7,52.3,0.0
5805,0.210,ok,37.898,2247.320,76.7,52.3,0.0
5806,0.195,ok,37.898,2247.320,76.7,52.3,0.0
5807,0.188,ok,37.898,2247.320,76.7,52.3,0.0
5808,0.199,ok,37.898,2247.320,76.7,52.3,0.0
5809,0.188,ok,37.898,2247.320,76.7,52.3,0.0
5810,0.186,ok,37.898,2247.320,76.7,52.3,0.0
5811,0.246,ok,37.898,2247.320,76.7,52.3,0.0
5812,0.240,ok,37.898,2247.320,76.7,52.3,0.0
5813,0.222,ok,37.898,2247.320,76.7,52.3,0.0
5814,0.237,ok,37.898,2247.320,76.7,52.3,0.0
5815,0.202,ok,37.898,2247.320,76.7,52.3,0.0
5816,0.213,ok,37.898,2247.320,76.7,52.3,0.0
5817,0.213,ok,37.898,2247.320,76.7,52.3,0.0
5818,0.209,ok,37.898,2247.320,76.7,52.3,0.0
5819,0.203,ok,37.898,2247.320,76.7,52.3,0.0
5820,0.201,ok,37.898,2247.320,76.7,52.3,0.0
5821,0.199,ok,37.898,2247.320,76.7,52.3,0.0
5822,0.209,ok,37.898,2247.320,76.7,52.3,0.0
5823,0.200,ok,37.898,2247.320,76.7,52.3,0.0
5824,0.196,ok,37.898,2247.320,76.7,52.3,0.0
5825,0.228,ok,37.898,2247.320,76.7,52.3,0.0
5826,0.287,ok,37.898,2247.320,76.7,52.3,0.0
5827,0.210,ok,37.898,2247.320,76.7,52.3,0.0
5828,0.200,ok,37.898,2247.320,76.7,52.3,0.0
5829,0.288,ok,37.898,2247.320,76.7,52.3,0.0
5830,0.268,ok,37.898,2247.320,76.7,52.3,0.0
5831,0.244,ok,37.898,2247.320,76.7,52.3,0.0
5832,0.289,ok,37.898,2247.320,76.7,52.3,0.0
5833,0.299,ok,37.898,2247.320,76.7,52.3,0.0
5834,0.257,ok,37.898,2247.320,76.7,52.3,0.0
5835,0.279,ok,37.898,2247.320,76.7,52.3,0.0
5836,0.231,ok,37.898,2247.320,76.7,52.3,0.0
5837,0.221,ok,37.898,2247.320,76.7,52.3,0.0
5838,0.229,ok,37.898,2247.320,76.7,52.3,0.0
5839,0.264,ok,37.898,2247.320,76.7,52.3,0.0
5840,0.255,ok,37.898,2247.320,76.7,52.3,0.0
5841,0.255,ok,37.898,2247.320,76.7,52.3,0.0
5842,0.282,ok,37.898,2247.320,76.7,52.3,0.0
5843,0.270,ok,37.898,2247.320,76.7,52.3,0.0
5844,0.269,ok,37.898,2247.320,76.7,52.3,0.0
5845,0.254,ok,37.898,2247.320,76.7,52.3,0.0
5846,0.257,ok,37.898,2247.320,76.7,52.3,0.0
5847,0.259,ok,37.898,2247.320,76.7,52.3,0.0
5848,0.259,ok,37.898,2247.320,76.7,52.3,0.0
5849,0.253,ok,37.898,2247.320,76.7,52.3,0.0
5850,0.263,ok,37.898,2247.320,76.7,52.3,0.0
5851,0.310,ok,37.898,2247.320,76.7,52.3,0.0
5852,0.258,ok,37.898,2247.320,76.7,52.3,0.0
5853,0.270,ok,37.898,2247.320,76.7,52.3,0.0
5854,0.256,ok,37.898,2247.320,76.7,52.3,0.0
5855,0.248,ok,37.898,2247.320,76.7,52.3,0.0
5856,0.288,ok,37.898,2247.320,76.7,52.3,0.0
5857,0.265,ok,37.898,2247.320,76.7,52.3,0.0
5858,0.253,ok,37.898,2247.320,76.7,52.3,0.0
5859,0.253,ok,37.898,2247.320,76.7,52.3,0.0
5860,0.256,ok,37.898,2247.320,76.7,52.3,0.0
5861,0.262,ok,37.898,2247.320,76.7,52.3,0.0
5862,0.271,ok,37.898,2247.320,76.7,52.3,0.0
5863,0.247,ok,37.898,2247.320,76.7,52.3,0.0
5864,0.222,ok,37.898,2247.320,76.7,52.3,0.0
5865,0.230,ok,37.898,2247.320,76.7,52.3,0.0
5866,0.222,ok,37.898,2247.320,76.7,52.3,0.0
5867,0.230,ok,37.898,2247.320,76.7,52.3,0.0
5868,0.216,ok,37.898,2247.320,76.7,52.3,0.0
5869,0.218,ok,37.898,2247.320,76.7,52.3,0.0
5870,0.254,ok,37.898,2247.320,76.7,52.3,0.0
5871,0.227,ok,37.898,2247.320,76.7,52.3,0.0
5872,0.219,ok,37.898,2247.320,76.7,52.3,0.0
5873,0.215,ok,37.898,2247.320,76.7,52.3,0.0
5874,0.222,ok,37.898,2247.320,76.7,52.3,0.0
5875,0.216,ok,37.898,2247.320,76.7,52.3,0.0
5876,0.218,ok,37.898,2247.320,76.7,52.3,0.0
5877,0.214,ok,37.898,2247.320,76.7,52.3,0.0
5878,0.258,ok,37.898,2247.320,76.7,52.3,0.0
5879,0.215,ok,37.898,2247.320,76.7,52.3,0.0
5880,0.213,ok,37.898,2247.320,76.7,52.3,0.0
5881,0.209,ok,37.898,2247.320,76.7,52.3,0.0
5882,0.210,ok,37.898,2247.320,76.7,52.3,0.0
5883,0.223,ok,37.898,2247.320,76.7,52.3,0.0
5884,0.212,ok,37.898,2247.320,76.7,52.3,0.0
5885,0.213,ok,37.898,2247.320,76.7,52.3,0.0
5886,0.209,ok,37.898,2247.320,76.7,52.3,0.0
5887,0.221,ok,37.898,2247.320,76.7,52.3,0.0
5888,0.224,ok,37.898,2247.320,76.7,52.3,0.0
5889,0.235,ok,37.898,2247.320,76.7,52.3,0.0
5890,0.239,ok,37.898,2247.320,76.7,52.3,0.0
5891,0.222,ok,37.898,2247.320,76.7,52.3,0.0
5892,0.228,ok,37.898,2247.320,76.7,52.3,0.0
5893,0.220,ok,37.898,2247.320,76.7,52.3,0.0
5894,0.229,ok,37.898,2247.320,76.7,52.3,0.0
5895,0.225,ok,37.898,2247.320,76.7,52.3,0.0
5896,0.229,ok,37.898,2247.320,76.7,52.3,0.0
5897,0.224,ok,37.898,2247.320,76.7,52.3,0.0
5898,0.235,ok,37.898,2247.320,76.7,52.3,0.0
5899,0.244,ok,37.898,2247.320,76.7,52.3,0.0
5900,0.209,ok,37.898,2247.320,76.7,52.3,0.0
5901,0.186,ok,37.898,2247.320,76.7,52.3,0.0
5902,0.175,ok,37.898,2247.320,76.7,52.3,0.0
5903,0.165,ok,37.898,2247.320,76.7,52.3,0.0
5904,0.167,ok,37.898,2247.320,76.7,52.3,0.0
5905,0.160,ok,37.898,2247.320,76.7,52.3,0.0
5906,0.167,ok,37.898,2247.320,76.7,52.3,0.0
5907,0.162,ok,37.898,2247.320,76.7,52.3,0.0
5908,0.154,ok,37.898,2247.320,76.7,52.3,0.0
5909,0.142,ok,37.898,2247.320,76.7,52.3,0.0
5910,0.142,ok,37.898,2247.320,76.7,52.3,0.0
5911,0.141,ok,37.898,2247.320,76.7,52.3,0.0
5912,0.142,ok,37.898,2247.320,76.7,52.3,0.0
5913,0.160,ok,37.898,2247.320,76.7,52.3,0.0
5914,0.153,ok,37.898,2247.320,76.7,52.3,0.0
5915,0.148,ok,37.898,2247.320,76.7,52.3,0.0
5916,0.141,ok,37.898,2247.320,76.7,52.3,0.0
5917,0.142,ok,37.898,2247.320,76.7,52.3,0.0
5918,0.144,ok,37.898,2247.320,76.7,52.3,0.0
5919,0.141,ok,37.898,2247.320,76.7,52.3,0.0
5920,0.186,ok,37.898,2247.320,76.7,52.3,0.0
5921,0.160,ok,37.898,2247.320,76.7,52.3,0.0
5922,0.148,ok,37.898,2247.320,76.7,52.3,0.0
5923,0.156,ok,37.898,2247.320,76.7,52.3,0.0
5924,0.151,ok,37.898,2247.320,76.7,52.3,0.0
5925,0.143,ok,37.898,2247.320,76.7,52.3,0.0
5926,0.148,ok,37.898,2247.320,76.7,52.3,0.0
5927,0.148,ok,37.898,2247.320,76.7,52.3,0.0
5928,0.159,ok,37.898,2247.320,76.7,52.3,0.0
5929,0.143,ok,37.898,2247.320,76.7,52.3,0.0
5930,0.139,ok,37.898,2247.320,76.7,52.3,0.0
5931,0.139,ok,37.898,2247.320,76.7,52.3,0.0
5932,0.138,ok,37.898,2247.320,76.7,52.3,0.0
5933,0.149,ok,37.898,2247.320,76.7,52.3,0.0
5934,0.143,ok,37.898,2247.320,76.7,52.3,0.0
5935,0.151,ok,37.898,2247.320,76.7,52.3,0.0
5936,0.139,ok,37.898,2247.320,76.7,52.3,0.0
5937,0.138,ok,37.898,2247.320,76.7,52.3,0.0
5938,0.137,ok,37.898,2247.320,76.7,52.3,0.0
5939,0.139,ok,37.898,2247.320,76.7,52.3,0.0
5940,0.150,ok,37.898,2247.320,76.7,52.3,0.0
5941,0.144,ok,37.898,2247.320,76.7,52.3,0.0
5942,0.176,ok,37.898,2247.320,76.7,52.3,0.0
5943,0.141,ok,37.898,2247.320,76.7,52.3,0.0
5944,0.138,ok,37.898,2247.320,76.7,52.3,0.0
5945,0.136,ok,37.898,2247.320,76.7,52.3,0.0
5946,0.137,ok,37.898,2247.320,76.7,52.3,0.0
5947,0.147,ok,37.898,2247.320,76.7,52.3,0.0
5948,0.198,ok,37.898,2247.320,76.7,52.3,0.0
5949,0.141,ok,37.898,2247.320,76.7,52.3,0.0
5950,0.129,ok,37.898,2247.320,76.7,52.3,0.0
5951,0.125,ok,37.898,2247.320,76.7,52.3,0.0
5952,0.123,ok,37.898,2247.320,76.7,52.3,0.0
5953,0.122,ok,37.898,2247.320,76.7,52.3,0.0
5954,0.130,ok,37.898,2247.320,76.7,52.3,0.0
5955,0.140,ok,37.898,2247.320,76.7,52.3,0.0
5956,0.218,ok,37.898,2247.320,76.7,52.3,0.0
5957,0.187,ok,37.898,2247.320,76.7,52.3,0.0
5958,0.166,ok,37.898,2247.320,76.7,52.3,0.0
5959,0.158,ok,37.898,2247.320,76.7,52.3,0.0
5960,0.203,ok,37.898,2247.320,76.7,52.3,0.0
5961,0.259,ok,37.898,2247.320,76.7,52.3,0.0
5962,0.261,ok,37.898,2247.320,76.7,52.3,0.0
5963,0.245,ok,37.898,2247.320,76.7,52.3,0.0
5964,0.230,ok,37.898,2247.320,76.7,52.3,0.0
5965,0.223,ok,37.898,2247.320,76.7,52.3,0.0
5966,0.215,ok,37.898,2247.320,76.7,52.3,0.0
5967,0.215,ok,37.898,2247.320,76.7,52.3,0.0
5968,0.209,ok,37.898,2247.320,76.7,52.3,0.0
5969,0.208,ok,37.898,2247.320,76.7,52.3,0.0
5970,0.204,ok,37.898,2247.320,76.7,52.3,0.0
5971,0.202,ok,37.898,2247.320,76.7,52.3,0.0
5972,0.295,ok,37.898,2247.320,76.7,52.3,0.0
5973,0.314,ok,37.898,2247.320,76.7,52.3,0.0
5974,0.397,ok,37.898,2247.320,76.7,52.3,0.0
5975,0.372,ok,37.898,2247.320,76.7,52.3,0.0
5976,0.363,ok,37.898,2247.320,76.7,52.3,0.0
5977,0.332,ok,37.898,2247.320,76.7,52.3,0.0
5978,0.247,ok,37.898,2247.320,76.7,52.3,0.0
5979,0.251,ok,37.898,2247.320,76.7,52.3,0.0
5980,0.205,ok,37.898,2247.320,76.7,52.3,0.0
5981,0.254,ok,37.898,2247.320,76.7,52.3,0.0
5982,0.284,ok,37.898,2247.320,76.7,52.3,0.0
5983,0.233,ok,37.898,2247.320,76.7,52.3,0.0
5984,0.250,ok,37.898,2247.320,76.7,52.3,0.0
5985,0.333,ok,37.898,2247.320,76.7,52.3,0.0
5986,0.245,ok,37.898,2247.320,76.7,52.3,0.0
5987,0.221,ok,37.898,2247.320,76.7,52.3,0.0
5988,0.210,ok,37.898,2247.320,76.7,52.3,0.0
5989,0.244,ok,37.898,2247.320,76.7,52.3,0.0
5990,0.222,ok,37.898,2247.320,76.7,52.3,0.0
5991,0.194,ok,37.898,2247.320,76.7,52.3,0.0
5992,0.203,ok,37.898,2247.320,76.7,52.3,0.0
5993,0.242,ok,37.898,2247.320,76.7,52.3,0.0
5994,0.211,ok,37.898,2247.320,76.7,52.3,0.0
5995,0.223,ok,37.898,2247.320,76.7,52.3,0.0
5996,0.194,ok,37.898,2247.320,76.7,52.3,0.0
5997,0.208,ok,37.898,2247.320,76.7,52.3,0.0
5998,0.194,ok,37.898,2247.320,76.7,52.3,0.0
5999,0.243,ok,37.898,2247.320,76.7,52.3,0.0
6000,0.200,ok,37.898,2247.320,76.7,52.3,0.0
6001,0.265,ok,37.898,2247.320,76.7,52.3,0.0
6002,0.263,ok,37.898,2247.320,76.7,52.3,0.0
6003,0.260,ok,37.898,2247.320,76.7,52.3,0.0
6004,0.317,ok,37.898,2247.320,76.7,52.3,0.0
6005,0.273,ok,37.898,2247.320,76.7,52.3,0.0
6006,0.384,ok,37.898,2247.320,76.7,52.3,0.0
6007,0.413,ok,37.898,2247.320,76.7,52.3,0.0
6008,0.364,ok,37.898,2247.320,76.7,52.3,0.0
6009,0.424,ok,37.898,2247.320,76.7,52.3,0.0
6010,0.367,ok,37.898,2247.320,76.7,52.3,0.0
6011,0.355,ok,37.898,2247.320,76.7,52.3,0.0
6012,0.248,ok,37.898,2247.320,76.7,52.3,0.0
6013,0.238,ok,37.898,2247.320,76.7,52.3,0.0
6014,0.228,ok,37.898,2247.320,76.7,52.3,0.0
6015,0.282,ok,37.898,2247.320,76.7,52.3,0.0
6016,0.229,ok,37.898,2247.320,76.7,52.3,0.0
6017,0.860,ok,37.898,2247.320,76.7,52.3,0.0
6018,0.271,ok,37.898,2247.320,76.7,52.3,0.0
6019,0.166,ok,37.898,2247.320,76.7,52.3,0.0
6020,0.142,ok,37.898,2247.320,76.7,52.3,0.0
6021,0.132,ok,37.898,2247.320,76.7,52.3,0.0
6022,0.205,ok,37.898,2247.320,76.7,52.3,0.0
6023,0.247,ok,37.898,2247.320,76.7,52.3,0.0
6024,0.222,ok,37.898,2247.320,76.7,52.3,0.0
6025,0.173,ok,37.898,2247.320,76.7,52.3,0.0
6026,0.156,ok,37.898,2247.320,76.7,52.3,0.0
6027,0.191,ok,37.898,2247.320,76.7,52.3,0.0
6028,0.158,ok,37.898,2247.320,76.7,52.3,0.0
6029,0.156,ok,37.898,2247.320,76.7,52.3,0.0
6030,0.272,ok,37.898,2247.320,76.7,52.3,0.0
6031,0.208,ok,37.898,2247.320,76.7,52.3,0.0
6032,0.176,ok,37.898,2247.320,76.7,52.3,0.0
6033,0.168,ok,37.898,2247.320,76.7,52.3,0.0
6034,0.161,ok,37.898,2247.320,76.7,52.3,0.0
6035,0.180,ok,37.898,2247.320,76.7,52.3,0.0
6036,0.166,ok,37.898,2247.320,76.7,52.3,0.0
6037,0.221,ok,37.898,2247.320,76.7,52.3,0.0
6038,0.190,ok,37.898,2247.320,76.7,52.3,0.0
6039,0.154,ok,37.898,2247.320,76.7,52.3,0.0
6040,0.151,ok,37.898,2247.320,76.7,52.3,0.0
6041,0.146,ok,37.898,2247.320,76.7,52.3,0.0
6042,0.141,ok,37.898,2247.320,76.7,52.3,0.0
6043,0.156,ok,37.898,2247.320,76.7,52.3,0.0
6044,0.145,ok,37.898,2247.320,76.7,52.3,0.0
6045,0.145,ok,37.898,2247.320,76.7,52.3,0.0
6046,0.141,ok,37.898,2247.320,76.7,52.3,0.0
6047,0.151,ok,37.898,2247.320,76.7,52.3,0.0
6048,0.210,ok,37.898,2247.320,76.7,52.3,0.0
6049,0.158,ok,37.898,2247.320,76.7,52.3,0.0
6050,0.160,ok,37.898,2247.320,76.7,52.3,0.0
6051,0.152,ok,37.898,2247.320,76.7,52.3,0.0
6052,0.151,ok,37.898,2247.320,76.7,52.3,0.0
6053,0.149,ok,37.898,2247.320,76.7,52.3,0.0
6054,0.161,ok,37.898,2247.320,76.7,52.3,0.0
6055,0.141,ok,37.898,2247.320,76.7,52.3,0.0
6056,0.147,ok,37.898,2247.320,76.7,52.3,0.0
6057,0.150,ok,37.898,2247.320,76.7,52.3,0.0
6058,0.145,ok,37.898,2247.320,76.7,52.3,0.0
6059,0.136,ok,37.898,2247.320,76.7,52.3,0.0
6060,0.158,ok,37.898,2247.320,76.7,52.3,0.0
6061,0.171,ok,37.898,2247.320,76.7,52.3,0.0
6062,0.163,ok,37.898,2247.320,76.7,52.3,0.0
6063,0.157,ok,37.898,2247.320,76.7,52.3,0.0
6064,0.146,ok,37.898,2247.320,76.7,52.3,0.0
6065,0.151,ok,37.898,2247.320,76.7,52.3,0.0
6066,0.171,ok,37.898,2247.320,76.7,52.3,0.0
6067,0.152,ok,37.898,2247.320,76.7,52.3,0.0
6068,0.197,ok,37.898,2247.320,76.7,52.3,0.0
6069,0.155,ok,37.898,2247.320,76.7,52.3,0.0
6070,0.180,ok,37.898,2247.320,76.7,52.3,0.0
6071,0.143,ok,37.898,2247.320,76.7,52.3,0.0
6072,0.154,ok,37.898,2247.320,76.7,52.3,0.0
6073,0.139,ok,37.898,2247.320,76.7,52.3,0.0
6074,0.137,ok,37.898,2247.320,76.7,52.3,0.0
6075,0.131,ok,37.898,2247.320,76.7,52.3,0.0
6076,0.134,ok,37.898,2247.320,76.7,52.3,0.0
6077,0.129,ok,37.898,2247.320,76.7,52.3,0.0
6078,0.134,ok,37.898,2247.320,76.7,52.3,0.0
6079,0.134,ok,37.898,2247.320,76.7,52.3,0.0
6080,0.140,ok,37.898,2247.320,76.7,52.3,0.0
6081,0.130,ok,37.898,2247.320,76.7,52.3,0.0
6082,0.134,ok,37.898,2247.320,76.7,52.3,0.0
6083,0.140,ok,37.898,2247.320,76.7,52.3,0.0
6084,0.143,ok,37.898,2247.320,76.7,52.3,0.0
6085,0.135,ok,37.898,2247.320,76.7,52.3,0.0
6086,0.156,ok,37.898,2247.320,76.7,52.3,0.0
6087,0.154,ok,37.898,2247.320,76.7,52.3,0.0
6088,0.158,ok,37.898,2247.320,76.7,52.3,0.0
6089,0.147,ok,37.898,2247.320,76.7,52.3,0.0
6090,0.142,ok,37.898,2247.320,76.7,52.3,0.0
6091,0.176,ok,37.898,2247.320,76.7,52.3,0.0
6092,0.177,ok,37.898,2247.320,76.7,52.3,0.0
6093,0.180,ok,37.898,2247.320,76.7,52.3,0.0
6094,0.180,ok,37.898,2247.320,76.7,52.3,0.0
6095,0.180,ok,37.898,2247.320,76.7,52.3,0.0
6096,0.162,ok,37.898,2247.320,76.7,52.3,0.0
6097,0.159,ok,37.898,2247.320,76.7,52.3,0.0
6098,0.143,ok,37.898,2247.320,76.7,52.3,0.0
6099,0.147,ok,37.898,2247.320,76.7,52.3,0.0
6100,0.167,ok,37.898,2247.320,76.7,52.3,0.0
6101,0.210,ok,37.898,2247.320,76.7,52.3,0.0
6102,0.181,ok,37.898,2247.320,76.7,52.3,0.0
6103,0.163,ok,37.898,2247.320,76.7,52.3,0.0
6104,0.138,ok,37.898,2247.320,76.7,52.3,0.0
6105,0.145,ok,37.898,2247.320,76.7,52.3,0.0
6106,0.160,ok,37.898,2247.320,76.7,52.3,0.0
6107,0.193,ok,37.898,2247.320,76.7,52.3,0.0
6108,0.164,ok,37.898,2247.320,76.7,52.3,0.0
6109,0.170,ok,37.898,2247.320,76.7,52.3,0.0
6110,0.161,ok,37.898,2247.320,76.7,52.3,0.0
6111,0.173,ok,37.898,2247.320,76.7,52.3,0.0
6112,0.198,ok,37.898,2247.320,76.7,52.3,0.0
6113,0.165,ok,37.898,2247.320,76.7,52.3,0.0
6114,0.160,ok,37.898,2247.320,76.7,52.3,0.0
6115,0.145,ok,37.898,2247.320,76.7,52.3,0.0
6116,0.134,ok,37.898,2247.320,76.7,52.3,0.0
6117,0.208,ok,37.898,2247.320,76.7,52.3,0.0
6118,0.159,ok,37.898,2247.320,76.7,52.3,0.0
6119,0.148,ok,37.898,2247.320,76.7,52.3,0.0
6120,0.150,ok,37.898,2247.320,76.7,52.3,0.0
6121,0.135,ok,37.898,2247.320,76.7,52.3,0.0
6122,0.128,ok,37.898,2247.320,76.7,52.3,0.0
6123,0.131,ok,37.898,2247.320,76.7,52.3,0.0
6124,0.132,ok,37.898,2247.320,76.7,52.3,0.0
6125,0.135,ok,37.898,2247.320,76.7,52.3,0.0
6126,0.144,ok,37.898,2247.320,76.7,52.3,0.0
6127,0.130,ok,37.898,2247.320,76.7,52.3,0.0
6128,0.126,ok,37.898,2247.320,76.7,52.3,0.0
6129,0.126,ok,37.898,2247.320,76.7,52.3,0.0
6130,0.125,ok,37.898,2247.320,76.7,52.3,0.0
6131,0.136,ok,37.898,2247.320,76.7,52.3,0.0
6132,0.136,ok,37.898,2247.320,76.7,52.3,0.0
6133,0.142,ok,37.898,2247.320,76.7,52.3,0.0
6134,0.183,ok,37.898,2247.320,76.7,52.3,0.0
6135,0.140,ok,37.898,2247.320,76.7,52.3,0.0
6136,0.126,ok,37.898,2247.320,76.7,52.3,0.0
6137,0.127,ok,37.898,2247.320,76.7,52.3,0.0
6138,0.135,ok,37.898,2247.320,76.7,52.3,0.0
6139,0.131,ok,37.898,2247.320,76.7,52.3,0.0
6140,0.124,ok,37.898,2247.320,76.7,52.3,0.0
6141,0.129,ok,37.898,2247.320,76.7,52.3,0.0
6142,0.123,ok,37.898,2247.320,76.7,52.3,0.0
6143,0.125,ok,37.898,2247.320,76.7,52.3,0.0
6144,0.123,ok,37.898,2247.320,76.7,52.3,0.0
6145,0.125,ok,37.898,2247.320,76.7,52.3,0.0
6146,0.131,ok,37.898,2247.320,76.7,52.3,0.0
6147,0.141,ok,37.898,2247.320,76.7,52.3,0.0
6148,0.127,ok,37.898,2247.320,76.7,52.3,0.0
6149,0.126,ok,37.898,2247.320,76.7,52.3,0.0
6150,0.124,ok,37.898,2247.320,76.7,52.3,0.0
6151,0.126,ok,37.898,2247.320,76.7,52.3,0.0
6152,0.123,ok,37.898,2247.320,76.7,52.3,0.0
6153,0.125,ok,37.898,2247.320,76.7,52.3,0.0
6154,0.129,ok,37.898,2247.320,76.7,52.3,0.0
6155,0.160,ok,37.898,2247.320,76.7,52.3,0.0
6156,0.126,ok,37.898,2247.320,76.7,52.3,0.0
6157,0.126,ok,37.898,2247.320,76.7,52.3,0.0
6158,0.123,ok,37.898,2247.320,76.7,52.3,0.0
6159,0.124,ok,37.898,2247.320,76.7,52.3,0.0
6160,0.121,ok,37.898,2247.320,76.7,52.3,0.0
6161,0.127,ok,37.898,2247.320,76.7,52.3,0.0
6162,0.128,ok,37.898,2247.320,76.7,52.3,0.0
6163,0.134,ok,37.898,2247.320,76.7,52.3,0.0
6164,0.137,ok,37.898,2247.320,76.7,52.3,0.0
6165,0.142,ok,37.898,2247.320,76.7,52.3,0.0
6166,0.129,ok,37.898,2247.320,76.7,52.3,0.0
6167,0.126,ok,37.898,2247.320,76.7,52.3,0.0
6168,0.137,ok,37.898,2247.320,76.7,52.3,0.0
6169,0.136,ok,37.898,2247.320,76.7,52.3,0.0
6170,0.128,ok,37.898,2247.320,76.7,52.3,0.0
6171,0.136,ok,37.898,2247.320,76.7,52.3,0.0
6172,0.146,ok,37.898,2247.320,76.7,52.3,0.0
6173,0.137,ok,37.898,2247.320,76.7,52.3,0.0
6174,0.125,ok,37.898,2247.320,76.7,52.3,0.0
6175,0.129,ok,37.898,2247.320,76.7,52.3,0.0
6176,0.174,ok,37.898,2247.320,76.7,52.3,0.0
6177,0.141,ok,37.898,2247.320,76.7,52.3,0.0
6178,0.141,ok,37.898,2247.320,76.7,52.3,0.0
6179,0.140,ok,37.898,2247.320,76.7,52.3,0.0
6180,0.156,ok,37.898,2247.320,76.7,52.3,0.0
6181,0.137,ok,37.898,2247.320,76.7,52.3,0.0
6182,0.132,ok,37.898,2247.320,76.7,52.3,0.0
6183,0.149,ok,37.898,2247.320,76.7,52.3,0.0
6184,0.141,ok,37.898,2247.320,76.7,52.3,0.0
6185,0.133,ok,37.898,2247.320,76.7,52.3,0.0
6186,0.136,ok,37.898,2247.320,76.7,52.3,0.0
6187,0.135,ok,37.898,2247.320,76.7,52.3,0.0
6188,0.136,ok,37.898,2247.320,76.7,52.3,0.0
6189,0.125,ok,37.898,2247.320,76.7,52.3,0.0
6190,0.143,ok,37.898,2247.320,76.7,52.3,0.0
6191,0.130,ok,37.898,2247.320,76.7,52.3,0.0
6192,0.127,ok,37.898,2247.320,76.7,52.3,0.0
6193,0.124,ok,37.898,2247.320,76.7,52.3,0.0
6194,0.125,ok,37.898,2247.320,76.7,52.3,0.0
6195,0.125,ok,37.898,2247.320,76.7,52.3,0.0
6196,0.127,ok,37.898,2247.320,76.7,52.3,0.0
6197,0.123,ok,37.898,2247.320,76.7,52.3,0.0
6198,0.163,ok,37.898,2247.320,76.7,52.3,0.0
6199,0.137,ok,37.898,2247.320,76.7,52.3,0.0
6200,0.133,ok,37.898,2247.320,76.7,52.3,0.0
6201,0.126,ok,37.898,2247.320,76.7,52.3,0.0
6202,0.126,ok,37.898,2247.320,76.7,52.3,0.0
6203,0.124,ok,37.898,2247.320,76.7,52.3,0.0
6204,0.124,ok,37.898,2247.320,76.7,52.3,0.0
6205,0.123,ok,37.898,2247.320,76.7,52.3,0.0
6206,0.135,ok,37.898,2247.320,76.7,52.3,0.0
6207,0.137,ok,37.898,2247.320,76.7,52.3,0.0
6208,0.152,ok,37.898,2247.320,76.7,52.3,0.0
6209,0.142,ok,37.898,2247.320,76.7,52.3,0.0
6210,0.129,ok,37.898,2247.320,76.7,52.3,0.0
6211,0.137,ok,37.898,2247.320,76.7,52.3,0.0
6212,0.125,ok,37.898,2247.320,76.7,52.3,0.0
6213,0.131,ok,37.898,2247.320,76.7,52.3,0.0
6214,0.125,ok,37.898,2247.320,76.7,52.3,0.0
6215,0.125,ok,37.898,2247.320,76.7,52.3,0.0
6216,0.124,ok,37.898,2247.320,76.7,52.3,0.0
6217,0.126,ok,37.898,2247.320,76.7,52.3,0.0
6218,0.124,ok,37.898,2247.320,76.7,52.3,0.0
6219,0.157,ok,37.898,2247.320,76.7,52.3,0.0
6220,0.124,ok,37.898,2247.320,76.7,52.3,0.0
6221,0.133,ok,37.898,2247.320,76.7,52.3,0.0
6222,0.125,ok,37.898,2247.320,76.7,52.3,0.0
6223,0.124,ok,37.898,2247.320,76.7,52.3,0.0
6224,0.121,ok,37.898,2247.320,76.7,52.3,0.0
6225,0.124,ok,37.898,2247.320,76.7,52.3,0.0
6226,0.121,ok,37.898,2247.320,76.7,52.3,0.0
6227,0.131,ok,37.898,2247.320,76.7,52.3,0.0
6228,0.126,ok,37.898,2247.320,76.7,52.3,0.0
6229,0.148,ok,37.898,2247.320,76.7,52.3,0.0
6230,0.149,ok,37.898,2247.320,76.7,52.3,0.0
6231,0.207,ok,37.898,2247.320,76.7,52.3,0.0
6232,0.195,ok,37.898,2247.320,76.7,52.3,0.0
6233,0.178,ok,37.898,2247.320,76.7,52.3,0.0
6234,0.194,ok,37.898,2247.320,76.7,52.3,0.0
6235,0.244,ok,37.898,2247.320,76.7,52.3,0.0
6236,0.234,ok,37.898,2247.320,76.7,52.3,0.0
6237,0.216,ok,37.898,2247.320,76.7,52.3,0.0
6238,0.243,ok,37.898,2247.320,76.7,52.3,0.0
6239,0.257,ok,37.898,2247.320,76.7,52.3,0.0
6240,0.291,ok,37.898,2247.320,76.7,52.3,0.0
6241,0.247,ok,37.898,2247.320,76.7,52.3,0.0
6242,0.271,ok,37.898,2247.320,76.7,52.3,0.0
6243,0.241,ok,37.898,2247.320,76.7,52.3,0.0
6244,0.235,ok,37.898,2247.320,76.7,52.3,0.0
6245,0.233,ok,37.898,2247.320,76.7,52.3,0.0
6246,0.229,ok,37.898,2247.320,76.7,52.3,0.0
6247,0.233,ok,37.898,2247.320,76.7,52.3,0.0
6248,0.226,ok,37.898,2247.320,76.7,52.3,0.0
6249,0.226,ok,37.898,2247.320,76.7,52.3,0.0
6250,0.228,ok,37.898,2247.320,76.7,52.3,0.0
6251,0.240,ok,37.898,2247.320,76.7,52.3,0.0
6252,0.236,ok,37.898,2247.320,76.7,52.3,0.0
6253,0.229,ok,37.898,2247.320,76.7,52.3,0.0
6254,0.231,ok,37.898,2247.320,76.7,52.3,0.0
6255,0.225,ok,37.898,2247.320,76.7,52.3,0.0
6256,0.231,ok,37.898,2247.320,76.7,52.3,0.0
6257,0.224,ok,37.898,2247.320,76.7,52.3,0.0
6258,0.239,ok,37.898,2247.320,76.7,52.3,0.0
6259,0.233,ok,37.898,2247.320,76.7,52.3,0.0
6260,0.335,ok,37.898,2247.320,76.7,52.3,0.0
6261,0.299,ok,37.898,2247.320,76.7,52.3,0.0
6262,0.253,ok,37.898,2247.320,76.7,52.3,0.0
6263,0.241,ok,37.898,2247.320,76.7,52.3,0.0
6264,0.271,ok,37.898,2247.320,76.7,52.3,0.0
6265,0.267,ok,37.898,2247.320,76.7,52.3,0.0
6266,0.274,ok,37.898,2247.320,76.7,52.3,0.0
6267,0.269,ok,37.898,2247.320,76.7,52.3,0.0
6268,0.244,ok,37.898,2247.320,76.7,52.3,0.0
6269,0.241,ok,37.898,2247.320,76.7,52.3,0.0
6270,0.236,ok,37.898,2247.320,76.7,52.3,0.0
6271,0.260,ok,37.898,2247.320,76.7,52.3,0.0
6272,0.253,ok,37.898,2247.320,76.7,52.3,0.0
6273,0.250,ok,37.898,2247.320,76.7,52.3,0.0
6274,0.251,ok,37.898,2247.320,76.7,52.3,0.0
6275,0.278,ok,37.898,2247.320,76.7,52.3,0.0
6276,0.252,ok,37.898,2247.320,76.7,52.3,0.0
6277,0.248,ok,37.898,2247.320,76.7,52.3,0.0
6278,0.250,ok,37.898,2247.320,76.7,52.3,0.0
6279,0.275,ok,37.898,2247.320,76.7,52.3,0.0
6280,0.300,ok,37.898,2247.320,76.7,52.3,0.0
6281,0.355,ok,37.898,2247.320,76.7,52.3,0.0
6282,0.365,ok,37.898,2247.320,76.7,52.3,0.0
6283,0.454,ok,37.898,2247.320,76.7,52.3,0.0
6284,0.499,ok,37.898,2247.320,76.7,52.3,0.0
6285,0.372,ok,37.898,2247.320,76.7,52.3,0.0
6286,0.407,ok,37.898,2247.320,76.7,52.3,0.0
6287,0.319,ok,37.898,2247.320,76.7,52.3,0.0
6288,0.232,ok,37.898,2247.320,76.7,52.3,0.0
6289,0.229,ok,37.898,2247.320,76.7,52.3,0.0
6290,0.233,ok,37.898,2247.320,76.7,52.3,0.0
6291,0.279,ok,37.898,2247.320,76.7,52.3,0.0
6292,0.240,ok,37.898,2247.320,76.7,52.3,0.0
6293,0.196,ok,37.898,2247.320,76.7,52.3,0.0
6294,0.179,ok,37.898,2247.320,76.7,52.3,0.0
6295,0.189,ok,37.898,2247.320,76.7,52.3,0.0
6296,0.188,ok,37.898,2247.320,76.7,52.3,0.0
6297,0.178,ok,37.898,2247.320,76.7,52.3,0.0
6298,0.244,ok,37.898,2247.320,76.7,52.3,0.0
6299,0.196,ok,37.898,2247.320,76.7,52.3,0.0
6300,0.191,ok,37.898,2247.320,76.7,52.3,0.0
6301,0.187,ok,37.898,2247.320,76.7,52.3,0.0
6302,0.158,ok,37.898,2247.320,76.7,52.3,0.0
6303,0.151,ok,37.898,2247.320,76.7,52.3,0.0
6304,0.201,ok,37.898,2247.320,76.7,52.3,0.0
6305,0.235,ok,37.898,2247.320,76.7,52.3,0.0
6306,0.192,ok,37.898,2247.320,76.7,52.3,0.0
6307,0.168,ok,37.898,2247.320,76.7,52.3,0.0
6308,0.161,ok,37.898,2247.320,76.7,52.3,0.0
6309,0.169,ok,37.898,2247.320,76.7,52.3,0.0
6310,0.220,ok,37.898,2247.320,76.7,52.3,0.0
6311,0.311,ok,37.898,2247.320,76.7,52.3,0.0
6312,0.300,ok,37.898,2247.320,76.7,52.3,0.0
6313,0.252,ok,37.898,2247.320,76.7,52.3,0.0
6314,0.232,ok,37.898,2247.320,76.7,52.3,0.0
6315,0.249,ok,37.898,2247.320,76.7,52.3,0.0
6316,0.235,ok,37.898,2247.320,76.7,52.3,0.0
6317,0.233,ok,37.898,2247.320,76.7,52.3,0.0
6318,0.219,ok,37.898,2247.320,76.7,52.3,0.0
6319,0.233,ok,37.898,2247.320,76.7,52.3,0.0
6320,0.267,ok,37.898,2247.320,76.7,52.3,0.0
6321,0.215,ok,37.898,2247.320,76.7,52.3,0.0
6322,0.192,ok,37.898,2247.320,76.7,52.3,0.0
6323,0.195,ok,37.898,2247.320,76.7,52.3,0.0
6324,0.192,ok,37.898,2247.320,76.7,52.3,0.0
6325,0.234,ok,37.898,2247.320,76.7,52.3,0.0
6326,0.261,ok,37.898,2247.320,76.7,52.3,0.0
6327,0.252,ok,37.898,2247.320,76.7,52.3,0.0
6328,0.243,ok,37.898,2247.320,76.7,52.3,0.0
6329,0.223,ok,37.898,2247.320,76.7,52.3,0.0
6330,0.230,ok,37.898,2247.320,76.7,52.3,0.0
6331,0.248,ok,37.898,2247.320,76.7,52.3,0.0
6332,0.221,ok,37.898,2247.320,76.7,52.3,0.0
6333,0.210,ok,37.898,2247.320,76.7,52.3,0.0
6334,0.194,ok,37.898,2247.320,76.7,52.3,0.0
6335,0.196,ok,37.898,2247.320,76.7,52.3,0.0
6336,0.240,ok,37.898,2247.320,76.7,52.3,0.0
6337,0.250,ok,37.898,2247.320,76.7,52.3,0.0
6338,0.260,ok,37.898,2247.320,76.7,52.3,0.0
6339,0.404,ok,37.898,2247.320,76.7,52.3,0.0
6340,0.381,ok,37.898,2247.320,76.7,52.3,0.0
6341,0.269,ok,37.898,2247.320,76.7,52.3,0.0
6342,0.223,ok,37.898,2247.320,76.7,52.3,0.0
6343,0.231,ok,37.898,2247.320,76.7,52.3,0.0
6344,0.198,ok,37.898,2247.320,76.7,52.3,0.0
6345,0.199,ok,37.898,2247.320,76.7,52.3,0.0
6346,0.202,ok,37.898,2247.320,76.7,52.3,0.0
6347,0.221,ok,37.898,2247.320,76.7,52.3,0.0
6348,0.199,ok,37.898,2247.320,76.7,52.3,0.0
6349,0.177,ok,37.898,2247.320,76.7,52.3,0.0
6350,0.173,ok,37.898,2247.320,76.7,52.3,0.0
6351,0.239,ok,37.898,2247.320,76.7,52.3,0.0
6352,0.202,ok,37.898,2247.320,76.7,52.3,0.0
6353,0.218,ok,37.898,2247.320,76.7,52.3,0.0
6354,0.222,ok,37.898,2247.320,76.7,52.3,0.0
6355,0.224,ok,37.898,2247.320,76.7,52.3,0.0
6356,0.213,ok,37.898,2247.320,76.7,52.3,0.0
6357,0.217,ok,37.898,2247.320,76.7,52.3,0.0
6358,0.235,ok,37.898,2247.320,76.7,52.3,0.0
6359,0.230,ok,37.898,2247.320,76.7,52.3,0.0
6360,0.570,ok,37.898,2247.320,76.7,52.3,0.0
6361,0.178,ok,37.898,2247.320,76.7,52.3,0.0
6362,0.151,ok,37.898,2247.320,76.7,52.3,0.0
6363,0.175,ok,37.898,2247.320,76.7,52.3,0.0
6364,0.158,ok,37.898,2247.320,76.7,52.3,0.0
6365,0.189,ok,37.898,2247.320,76.7,52.3,0.0
6366,0.174,ok,37.898,2247.320,76.7,52.3,0.0
6367,0.225,ok,37.898,2247.320,76.7,52.3,0.0
6368,0.315,ok,37.898,2247.320,76.7,52.3,0.0
6369,0.229,ok,37.898,2247.320,76.7,52.3,0.0
6370,0.220,ok,37.898,2247.320,76.7,52.3,0.0
6371,0.157,ok,37.898,2247.320,76.7,52.3,0.0
6372,0.151,ok,37.898,2247.320,76.7,52.3,0.0
6373,0.148,ok,37.898,2247.320,76.7,52.3,0.0
6374,0.142,ok,37.898,2247.320,76.7,52.3,0.0
6375,0.144,ok,37.898,2247.320,76.7,52.3,0.0
6376,0.261,ok,37.898,2247.320,76.7,52.3,0.0
6377,0.185,ok,37.898,2247.320,76.7,52.3,0.0
6378,0.169,ok,37.898,2247.320,76.7,52.3,0.0
6379,0.363,ok,37.898,2247.320,76.7,52.3,0.0
6380,0.340,ok,37.898,2247.320,76.7,52.3,0.0
6381,0.276,ok,37.898,2247.320,76.7,52.3,0.0
6382,0.234,ok,37.898,2247.320,76.7,52.3,0.0
6383,0.243,ok,37.898,2247.320,76.7,52.3,0.0
6384,0.253,ok,37.898,2247.320,76.7,52.3,0.0
6385,0.209,ok,37.898,2247.320,76.7,52.3,0.0
6386,0.262,ok,37.898,2247.320,76.7,52.3,0.0
6387,0.228,ok,37.898,2247.320,76.7,52.3,0.0
6388,0.247,ok,37.898,2247.320,76.7,52.3,0.0
6389,0.212,ok,37.898,2247.320,76.7,52.3,0.0
6390,0.242,ok,37.898,2247.320,76.7,52.3,0.0
6391,0.199,ok,37.898,2247.320,76.7,52.3,0.0
6392,0.200,ok,37.898,2247.320,76.7,52.3,0.0
6393,0.216,ok,37.898,2247.320,76.7,52.3,0.0
6394,0.219,ok,37.898,2247.320,76.7,52.3,0.0
6395,0.215,ok,37.898,2247.320,76.7,52.3,0.0
6396,0.227,ok,37.898,2247.320,76.7,52.3,0.0
6397,0.219,ok,37.898,2247.320,76.7,52.3,0.0
6398,0.199,ok,37.898,2247.320,76.7,52.3,0.0
6399,0.195,ok,37.898,2247.320,76.7,52.3,0.0
6400,0.192,ok,37.898,2247.320,76.7,52.3,0.0
6401,0.189,ok,37.898,2247.320,76.7,52.3,0.0
6402,0.206,ok,37.898,2247.320,76.7,52.3,0.0
6403,0.198,ok,37.898,2247.320,76.7,52.3,0.0
6404,0.255,ok,37.898,2247.320,76.7,52.3,0.0
6405,0.211,ok,37.898,2247.320,76.7,52.3,0.0
6406,0.203,ok,37.898,2247.320,76.7,52.3,0.0
6407,0.227,ok,37.898,2247.320,76.7,52.3,0.0
6408,0.242,ok,37.898,2247.320,76.7,52.3,0.0
6409,0.214,ok,37.898,2247.320,76.7,52.3,0.0
6410,0.257,ok,37.898,2247.320,76.7,52.3,0.0
6411,0.278,ok,37.898,2247.320,76.7,52.3,0.0
6412,0.219,ok,37.898,2247.320,76.7,52.3,0.0
6413,0.205,ok,37.898,2247.320,76.7,52.3,0.0
6414,0.213,ok,37.898,2247.320,76.7,52.3,0.0
6415,0.202,ok,37.898,2247.320,76.7,52.3,0.0
6416,0.201,ok,37.898,2247.320,76.7,52.3,0.0
6417,0.197,ok,37.898,2247.320,76.7,52.3,0.0
6418,0.193,ok,37.898,2247.320,76.7,52.3,0.0
6419,0.194,ok,37.898,2247.320,76.7,52.3,0.0
6420,0.200,ok,37.898,2247.320,76.7,52.3,0.0
6421,0.213,ok,37.898,2247.320,76.7,52.3,0.0
6422,0.202,ok,37.898,2247.320,76.7,52.3,0.0
6423,0.202,ok,37.898,2247.320,76.7,52.3,0.0
6424,0.202,ok,37.898,2247.320,76.7,52.3,0.0
6425,0.291,ok,37.898,2247.320,76.7,52.3,0.0
6426,0.246,ok,37.898,2247.320,76.7,52.3,0.0
6427,0.238,ok,37.898,2247.320,76.7,52.3,0.0
6428,0.227,ok,37.898,2247.320,76.7,52.3,0.0
6429,0.259,ok,37.898,2247.320,76.7,52.3,0.0
6430,0.242,ok,37.898,2247.320,76.7,52.3,0.0
6431,0.243,ok,37.898,2247.320,76.7,52.3,0.0
6432,0.321,ok,37.898,2247.320,76.7,52.3,0.0
6433,0.259,ok,37.898,2247.320,76.7,52.3,0.0
6434,0.235,ok,37.898,2247.320,76.7,52.3,0.0
6435,0.219,ok,37.898,2247.320,76.7,52.3,0.0
6436,0.217,ok,37.898,2247.320,76.7,52.3,0.0
6437,0.219,ok,37.898,2247.320,76.7,52.3,0.0
6438,0.219,ok,37.898,2247.320,76.7,52.3,0.0
6439,0.197,ok,37.898,2247.320,76.7,52.3,0.0
6440,0.186,ok,37.898,2247.320,76.7,52.3,0.0
6441,0.220,ok,37.898,2247.320,76.7,52.3,0.0
6442,0.202,ok,37.898,2247.320,76.7,52.3,0.0
6443,0.228,ok,37.898,2247.320,76.7,52.3,0.0
6444,0.217,ok,37.898,2247.320,76.7,52.3,0.0
6445,0.205,ok,37.898,2247.320,76.7,52.3,0.0
6446,0.202,ok,37.898,2247.320,76.7,52.3,0.0
6447,0.214,ok,37.898,2247.320,76.7,52.3,0.0
6448,0.210,ok,37.898,2247.320,76.7,52.3,0.0
6449,0.204,ok,37.898,2247.320,76.7,52.3,0.0
6450,0.201,ok,37.898,2247.320,76.7,52.3,0.0
6451,0.201,ok,37.898,2247.320,76.7,52.3,0.0
6452,0.224,ok,37.898,2247.320,76.7,52.3,0.0
6453,0.255,ok,37.898,2247.320,76.7,52.3,0.0
6454,0.262,ok,37.898,2247.320,76.7,52.3,0.0
6455,0.209,ok,37.898,2247.320,76.7,52.3,0.0
6456,0.216,ok,37.898,2247.320,76.7,52.3,0.0
6457,0.219,ok,37.898,2247.320,76.7,52.3,0.0
6458,0.203,ok,37.898,2247.320,76.7,52.3,0.0
6459,0.200,ok,37.898,2247.320,76.7,52.3,0.0
6460,0.198,ok,37.898,2247.320,76.7,52.3,0.0
6461,0.213,ok,37.898,2247.320,76.7,52.3,0.0
6462,0.206,ok,37.898,2247.320,76.7,52.3,0.0
6463,0.204,ok,37.898,2247.320,76.7,52.3,0.0
6464,0.198,ok,37.898,2247.320,76.7,52.3,0.0
6465,0.195,ok,37.898,2247.320,76.7,52.3,0.0
6466,0.225,ok,37.898,2247.320,76.7,52.3,0.0
6467,0.284,ok,37.898,2247.320,76.7,52.3,0.0
6468,0.252,ok,37.898,2247.320,76.7,52.3,0.0
6469,0.255,ok,37.898,2247.320,76.7,52.3,0.0
6470,0.253,ok,37.898,2247.320,76.7,52.3,0.0
6471,0.236,ok,37.898,2247.320,76.7,52.3,0.0
6472,0.232,ok,37.898,2247.320,76.7,52.3,0.0
6473,0.267,ok,37.898,2247.320,76.7,52.3,0.0
6474,0.336,ok,37.898,2247.320,76.7,52.3,0.0
6475,0.378,ok,37.898,2247.320,76.7,52.3,0.0
6476,0.302,ok,37.898,2247.320,76.7,52.3,0.0
6477,0.258,ok,37.898,2247.320,76.7,52.3,0.0
6478,0.274,ok,37.898,2247.320,76.7,52.3,0.0
6479,0.270,ok,37.898,2247.320,76.7,52.3,0.0
6480,0.251,ok,37.898,2247.320,76.7,52.3,0.0
6481,0.241,ok,37.898,2247.320,76.7,52.3,0.0
6482,0.320,ok,37.898,2247.320,76.7,52.3,0.0
6483,0.283,ok,37.898,2247.320,76.7,52.3,0.0
6484,0.298,ok,37.898,2247.320,76.7,52.3,0.0
6485,0.255,ok,37.898,2247.320,76.7,52.3,0.0
6486,0.248,ok,37.898,2247.320,76.7,52.3,0.0
6487,0.249,ok,37.898,2247.320,76.7,52.3,0.0
6488,0.308,ok,37.898,2247.320,76.7,52.3,0.0
6489,0.355,ok,37.898,2247.320,76.7,52.3,0.0
6490,0.322,ok,37.898,2247.320,76.7,52.3,0.0
6491,0.255,ok,37.898,2247.320,76.7,52.3,0.0
6492,0.237,ok,37.898,2247.320,76.7,52.3,0.0
6493,0.281,ok,37.898,2247.320,76.7,52.3,0.0
6494,0.281,ok,37.898,2247.320,76.7,52.3,0.0
6495,0.328,ok,37.898,2247.320,76.7,52.3,0.0
6496,0.335,ok,37.898,2247.320,76.7,52.3,0.0
6497,0.379,ok,37.898,2247.320,76.7,52.3,0.0
6498,0.237,ok,37.898,2247.320,76.7,52.3,0.0
6499,0.223,ok,37.898,2247.320,76.7,52.3,0.0
6500,0.245,ok,37.898,2247.320,76.7,52.3,0.0
6501,0.255,ok,37.898,2247.320,76.7,52.3,0.0
6502,0.257,ok,37.992,2247.320,66.2,52.3,0.0
6503,0.237,ok,37.992,2247.320,66.2,52.3,0.0
6504,0.237,ok,37.992,2247.320,66.2,52.3,0.0
6505,0.252,ok,37.992,2247.320,66.2,52.3,0.0
6506,0.307,ok,37.992,2247.320,66.2,52.3,0.0
6507,0.231,ok,37.992,2247.320,66.2,52.3,0.0
6508,0.205,ok,37.992,2247.320,66.2,52.3,0.0
6509,0.197,ok,37.992,2247.320,66.2,52.3,0.0
6510,0.219,ok,37.992,2247.320,66.2,52.3,0.0
6511,0.217,ok,37.992,2247.320,66.2,52.3,0.0
6512,0.265,ok,37.992,2247.320,66.2,52.3,0.0
6513,0.224,ok,37.992,2247.320,66.2,52.3,0.0
6514,0.252,ok,37.992,2247.320,66.2,52.3,0.0
6515,0.237,ok,37.992,2247.320,66.2,52.3,0.0
6516,0.208,ok,37.992,2247.320,66.2,52.3,0.0
6517,0.196,ok,37.992,2247.320,66.2,52.3,0.0
6518,0.238,ok,37.992,2247.320,66.2,52.3,0.0
6519,0.209,ok,37.992,2247.320,66.2,52.3,0.0
6520,0.196,ok,37.992,2247.320,66.2,52.3,0.0
6521,0.192,ok,37.992,2247.320,66.2,52.3,0.0
6522,0.187,ok,37.992,2247.320,66.2,52.3,0.0
6523,0.186,ok,37.992,2247.320,66.2,52.3,0.0
6524,0.194,ok,37.992,2247.320,66.2,52.3,0.0
6525,0.189,ok,37.992,2247.320,66.2,52.3,0.0
6526,0.187,ok,37.992,2247.320,66.2,52.3,0.0
6527,0.185,ok,37.992,2247.320,66.2,52.3,0.0
6528,0.186,ok,37.992,2247.320,66.2,52.3,0.0
6529,0.201,ok,37.992,2247.320,66.2,52.3,0.0
6530,0.226,ok,37.992,2247.320,66.2,52.3,0.0
6531,0.213,ok,37.992,2247.320,66.2,52.3,0.0
6532,0.207,ok,37.992,2247.320,66.2,52.3,0.0
6533,0.226,ok,37.992,2247.320,66.2,52.3,0.0
6534,0.217,ok,37.992,2247.320,66.2,52.3,0.0
6535,0.252,ok,37.992,2247.320,66.2,52.3,0.0
6536,0.221,ok,37.992,2247.320,66.2,52.3,0.0
6537,0.213,ok,37.992,2247.320,66.2,52.3,0.0
6538,0.219,ok,37.992,2247.320,66.2,52.3,0.0
6539,0.269,ok,37.992,2247.320,66.2,52.3,0.0
6540,0.224,ok,37.992,2247.320,66.2,52.3,0.0
6541,0.235,ok,37.992,2247.320,66.2,52.3,0.0
6542,0.252,ok,37.992,2247.320,66.2,52.3,0.0
6543,0.246,ok,37.992,2247.320,66.2,52.3,0.0
6544,0.238,ok,37.992,2247.320,66.2,52.3,0.0
6545,0.228,ok,37.992,2247.320,66.2,52.3,0.0
6546,0.232,ok,37.992,2247.320,66.2,52.3,0.0
6547,0.234,ok,37.992,2247.320,66.2,52.3,0.0
6548,0.232,ok,37.992,2247.320,66.2,52.3,0.0
6549,0.229,ok,37.992,2247.320,66.2,52.3,0.0
6550,0.264,ok,37.992,2247.320,66.2,52.3,0.0
6551,0.233,ok,37.992,2247.320,66.2,52.3,0.0
6552,0.239,ok,37.992,2247.320,66.2,52.3,0.0
6553,0.230,ok,37.992,2247.320,66.2,52.3,0.0
6554,0.293,ok,37.992,2247.320,66.2,52.3,0.0
6555,0.243,ok,37.992,2247.320,66.2,52.3,0.0
6556,0.300,ok,37.992,2247.320,66.2,52.3,0.0
6557,0.288,ok,37.992,2247.320,66.2,52.3,0.0
6558,0.269,ok,37.992,2247.320,66.2,52.3,0.0
6559,0.214,ok,37.992,2247.320,66.2,52.3,0.0
6560,0.250,ok,37.992,2247.320,66.2,52.3,0.0
6561,0.201,ok,37.992,2247.320,66.2,52.3,0.0
6562,0.209,ok,37.992,2247.320,66.2,52.3,0.0
6563,0.247,ok,37.992,2247.320,66.2,52.3,0.0
6564,0.237,ok,37.992,2247.320,66.2,52.3,0.0
6565,0.230,ok,37.992,2247.320,66.2,52.3,0.0
6566,0.227,ok,37.992,2247.320,66.2,52.3,0.0
6567,0.239,ok,37.992,2247.320,66.2,52.3,0.0
6568,0.234,ok,37.992,2247.320,66.2,52.3,0.0
6569,0.230,ok,37.992,2247.320,66.2,52.3,0.0
6570,0.227,ok,37.992,2247.320,66.2,52.3,0.0
6571,0.237,ok,37.992,2247.320,66.2,52.3,0.0
6572,0.238,ok,37.992,2247.320,66.2,52.3,0.0
6573,0.230,ok,37.992,2247.320,66.2,52.3,0.0
6574,0.228,ok,37.992,2247.320,66.2,52.3,0.0
6575,0.237,ok,37.992,2247.320,66.2,52.3,0.0
6576,0.267,ok,37.992,2247.320,66.2,52.3,0.0
6577,0.273,ok,37.992,2247.320,66.2,52.3,0.0
6578,0.232,ok,37.992,2247.320,66.2,52.3,0.0
6579,0.304,ok,37.992,2247.320,66.2,52.3,0.0
6580,0.201,ok,37.992,2247.320,66.2,52.3,0.0
6581,0.195,ok,37.992,2247.320,66.2,52.3,0.0
6582,0.219,ok,37.992,2247.320,66.2,52.3,0.0
6583,0.179,ok,37.992,2247.320,66.2,52.3,0.0
6584,0.189,ok,37.992,2247.320,66.2,52.3,0.0
6585,0.178,ok,37.992,2247.320,66.2,52.3,0.0
6586,0.174,ok,37.992,2247.320,66.2,52.3,0.0
6587,0.173,ok,37.992,2247.320,66.2,52.3,0.0
6588,0.172,ok,37.992,2247.320,66.2,52.3,0.0
6589,0.167,ok,37.992,2247.320,66.2,52.3,0.0
6590,0.176,ok,37.992,2247.320,66.2,52.3,0.0
6591,0.173,ok,37.992,2247.320,66.2,52.3,0.0
6592,0.210,ok,37.992,2247.320,66.2,52.3,0.0
6593,0.173,ok,37.992,2247.320,66.2,52.3,0.0
6594,0.168,ok,37.992,2247.320,66.2,52.3,0.0
6595,0.180,ok,37.992,2247.320,66.2,52.3,0.0
6596,0.198,ok,37.992,2247.320,66.2,52.3,0.0
6597,0.172,ok,37.992,2247.320,66.2,52.3,0.0
6598,0.183,ok,37.992,2247.320,66.2,52.3,0.0
6599,0.180,ok,37.992,2247.320,66.2,52.3,0.0
6600,0.193,ok,37.992,2247.320,66.2,52.3,0.0
6601,0.246,ok,37.992,2247.320,66.2,52.3,0.0
6602,0.281,ok,37.992,2247.320,66.2,52.3,0.0
6603,0.346,ok,37.992,2247.320,66.2,52.3,0.0
6604,0.205,ok,37.992,2247.320,66.2,52.3,0.0
6605,0.176,ok,37.992,2247.320,66.2,52.3,0.0
6606,0.171,ok,37.992,2247.320,66.2,52.3,0.0
6607,0.163,ok,37.992,2247.320,66.2,52.3,0.0
6608,0.160,ok,37.992,2247.320,66.2,52.3,0.0
6609,0.157,ok,37.992,2247.320,66.2,52.3,0.0
6610,0.167,ok,37.992,2247.320,66.2,52.3,0.0
6611,0.162,ok,37.992,2247.320,66.2,52.3,0.0
6612,0.159,ok,37.992,2247.320,66.2,52.3,0.0
6613,0.157,ok,37.992,2247.320,66.2,52.3,0.0
6614,0.156,ok,37.992,2247.320,66.2,52.3,0.0
6615,0.155,ok,37.992,2247.320,66.2,52.3,0.0
6616,0.163,ok,37.992,2247.320,66.2,52.3,0.0
6617,0.159,ok,37.992,2247.320,66.2,52.3,0.0
6618,0.157,ok,37.992,2247.320,66.2,52.3,0.0
6619,0.160,ok,37.992,2247.320,66.2,52.3,0.0
6620,0.171,ok,37.992,2247.320,66.2,52.3,0.0
6621,0.160,ok,37.992,2247.320,66.2,52.3,0.0
6622,0.205,ok,37.992,2247.320,66.2,52.3,0.0
6623,0.196,ok,37.992,2247.320,66.2,52.3,0.0
6624,0.214,ok,37.992,2247.320,66.2,52.3,0.0
6625,0.252,ok,37.992,2247.320,66.2,52.3,0.0
6626,0.191,ok,37.992,2247.320,66.2,52.3,0.0
6627,0.190,ok,37.992,2247.320,66.2,52.3,0.0
6628,0.223,ok,37.992,2247.320,66.2,52.3,0.0
6629,0.195,ok,37.992,2247.320,66.2,52.3,0.0
6630,0.184,ok,37.992,2247.320,66.2,52.3,0.0
6631,0.163,ok,37.992,2247.320,66.2,52.3,0.0
6632,0.182,ok,37.992,2247.320,66.2,52.3,0.0
6633,0.178,ok,37.992,2247.320,66.2,52.3,0.0
6634,0.173,ok,37.992,2247.320,66.2,52.3,0.0
6635,0.174,ok,37.992,2247.320,66.2,52.3,0.0
6636,0.163,ok,37.992,2247.320,66.2,52.3,0.0
6637,0.168,ok,37.992,2247.320,66.2,52.3,0.0
6638,0.189,ok,37.992,2247.320,66.2,52.3,0.0
6639,0.168,ok,37.992,2247.320,66.2,52.3,0.0
6640,0.190,ok,37.992,2247.320,66.2,52.3,0.0
6641,0.150,ok,37.992,2247.320,66.2,52.3,0.0
6642,0.139,ok,37.992,2247.320,66.2,52.3,0.0
6643,0.135,ok,37.992,2247.320,66.2,52.3,0.0
6644,0.144,ok,37.992,2247.320,66.2,52.3,0.0
6645,0.138,ok,37.992,2247.320,66.2,52.3,0.0
6646,0.170,ok,37.992,2247.320,66.2,52.3,0.0
6647,0.138,ok,37.992,2247.320,66.2,52.3,0.0
6648,0.133,ok,37.992,2247.320,66.2,52.3,0.0
6649,0.131,ok,37.992,2247.320,66.2,52.3,0.0
6650,0.131,ok,37.992,2247.320,66.2,52.3,0.0
6651,0.144,ok,37.992,2247.320,66.2,52.3,0.0
6652,0.171,ok,37.992,2247.320,66.2,52.3,0.0
6653,0.148,ok,37.992,2247.320,66.2,52.3,0.0
6654,0.137,ok,37.992,2247.320,66.2,52.3,0.0
6655,0.133,ok,37.992,2247.320,66.2,52.3,0.0
6656,0.132,ok,37.992,2247.320,66.2,52.3,0.0
6657,0.131,ok,37.992,2247.320,66.2,52.3,0.0
6658,0.154,ok,37.992,2247.320,66.2,52.3,0.0
6659,0.168,ok,37.992,2247.320,66.2,52.3,0.0
6660,0.211,ok,37.992,2247.320,66.2,52.3,0.0
6661,0.240,ok,37.992,2247.320,66.2,52.3,0.0
6662,0.234,ok,37.992,2247.320,66.2,52.3,0.0
6663,0.227,ok,37.992,2247.320,66.2,52.3,0.0
6664,0.276,ok,37.992,2247.320,66.2,52.3,0.0
6665,0.246,ok,37.992,2247.320,66.2,52.3,0.0
6666,0.228,ok,37.992,2247.320,66.2,52.3,0.0
6667,0.320,ok,37.992,2247.320,66.2,52.3,0.0
6668,0.236,ok,37.992,2247.320,66.2,52.3,0.0
6669,0.218,ok,37.992,2247.320,66.2,52.3,0.0
6670,0.193,ok,37.992,2247.320,66.2,52.3,0.0
6671,0.295,ok,37.992,2247.320,66.2,52.3,0.0
6672,0.333,ok,37.992,2247.320,66.2,52.3,0.0
6673,0.307,ok,37.992,2247.320,66.2,52.3,0.0
6674,0.281,ok,37.992,2247.320,66.2,52.3,0.0
6675,0.256,ok,37.992,2247.320,66.2,52.3,0.0
6676,0.249,ok,37.992,2247.320,66.2,52.3,0.0
6677,0.222,ok,37.992,2247.320,66.2,52.3,0.0
6678,0.216,ok,37.992,2247.320,66.2,52.3,0.0
6679,0.212,ok,37.992,2247.320,66.2,52.3,0.0
6680,0.226,ok,37.992,2247.320,66.2,52.3,0.0
6681,0.222,ok,37.992,2247.320,66.2,52.3,0.0
6682,0.178,ok,37.992,2247.320,66.2,52.3,0.0
6683,0.199,ok,37.992,2247.320,66.2,52.3,0.0
6684,0.170,ok,37.992,2247.320,66.2,52.3,0.0
6685,0.168,ok,37.992,2247.320,66.2,52.3,0.0
6686,0.241,ok,37.992,2247.320,66.2,52.3,0.0
6687,0.200,ok,37.992,2247.320,66.2,52.3,0.0
6688,0.261,ok,37.992,2247.320,66.2,52.3,0.0
6689,0.243,ok,37.992,2247.320,66.2,52.3,0.0
6690,0.219,ok,37.992,2247.320,66.2,52.3,0.0
6691,0.188,ok,37.992,2247.320,66.2,52.3,0.0
6692,0.177,ok,37.992,2247.320,66.2,52.3,0.0
6693,0.177,ok,37.992,2247.320,66.2,52.3,0.0
6694,0.169,ok,37.992,2247.320,66.2,52.3,0.0
6695,0.192,ok,37.992,2247.320,66.2,52.3,0.0
6696,0.280,ok,37.992,2247.320,66.2,52.3,0.0
6697,0.287,ok,37.992,2247.320,66.2,52.3,0.0
6698,0.248,ok,37.992,2247.320,66.2,52.3,0.0
6699,0.291,ok,37.992,2247.320,66.2,52.3,0.0
6700,0.305,ok,37.992,2247.320,66.2,52.3,0.0
6701,0.239,ok,37.992,2247.320,66.2,52.3,0.0
6702,0.211,ok,37.992,2247.320,66.2,52.3,0.0
6703,0.234,ok,37.992,2247.320,66.2,52.3,0.0
6704,0.237,ok,37.992,2247.320,66.2,52.3,0.0
6705,0.225,ok,37.992,2247.320,66.2,52.3,0.0
6706,0.207,ok,37.992,2247.320,66.2,52.3,0.0
6707,0.253,ok,37.992,2247.320,66.2,52.3,0.0
6708,0.238,ok,37.992,2247.320,66.2,52.3,0.0
6709,0.224,ok,37.992,2247.320,66.2,52.3,0.0
6710,0.248,ok,37.992,2247.320,66.2,52.3,0.0
6711,0.221,ok,37.992,2247.320,66.2,52.3,0.0
6712,0.204,ok,37.992,2247.320,66.2,52.3,0.0
6713,0.219,ok,37.992,2247.320,66.2,52.3,0.0
6714,0.209,ok,37.992,2247.320,66.2,52.3,0.0
6715,0.220,ok,37.992,2247.320,66.2,52.3,0.0
6716,0.229,ok,37.992,2247.320,66.2,52.3,0.0
6717,0.217,ok,37.992,2247.320,66.2,52.3,0.0
6718,0.205,ok,37.992,2247.320,66.2,52.3,0.0
6719,0.217,ok,37.992,2247.320,66.2,52.3,0.0
6720,0.200,ok,37.992,2247.320,66.2,52.3,0.0
6721,0.214,ok,37.992,2247.320,66.2,52.3,0.0
6722,0.233,ok,37.992,2247.320,66.2,52.3,0.0
6723,0.225,ok,37.992,2247.320,66.2,52.3,0.0
6724,0.202,ok,37.992,2247.320,66.2,52.3,0.0
6725,0.222,ok,37.992,2247.320,66.2,52.3,0.0
6726,0.203,ok,37.992,2247.320,66.2,52.3,0.0
6727,0.220,ok,37.992,2247.320,66.2,52.3,0.0
6728,0.205,ok,37.992,2247.320,66.2,52.3,0.0
6729,0.233,ok,37.992,2247.320,66.2,52.3,0.0
6730,0.212,ok,37.992,2247.320,66.2,52.3,0.0
6731,0.323,ok,37.992,2247.320,66.2,52.3,0.0
6732,0.299,ok,37.992,2247.320,66.2,52.3,0.0
6733,0.276,ok,37.992,2247.320,66.2,52.3,0.0
6734,0.256,ok,37.992,2247.320,66.2,52.3,0.0
6735,0.251,ok,37.992,2247.320,66.2,52.3,0.0
6736,0.252,ok,37.992,2247.320,66.2,52.3,0.0
6737,0.247,ok,37.992,2247.320,66.2,52.3,0.0
6738,0.245,ok,37.992,2247.320,66.2,52.3,0.0
6739,0.268,ok,37.992,2247.320,66.2,52.3,0.0
6740,0.311,ok,37.992,2247.320,66.2,52.3,0.0
6741,0.282,ok,37.992,2247.320,66.2,52.3,0.0
6742,0.281,ok,37.992,2247.320,66.2,52.3,0.0
6743,0.265,ok,37.992,2247.320,66.2,52.3,0.0
6744,0.238,ok,37.992,2247.320,66.2,52.3,0.0
6745,0.240,ok,37.992,2247.320,66.2,52.3,0.0
6746,0.230,ok,37.992,2247.320,66.2,52.3,0.0
6747,0.232,ok,37.992,2247.320,66.2,52.3,0.0
6748,0.219,ok,37.992,2247.320,66.2,52.3,0.0
6749,0.219,ok,37.992,2247.320,66.2,52.3,0.0
6750,0.225,ok,37.992,2247.320,66.2,52.3,0.0
6751,0.220,ok,37.992,2247.320,66.2,52.3,0.0
6752,0.256,ok,37.992,2247.320,66.2,52.3,0.0
6753,0.218,ok,37.992,2247.320,66.2,52.3,0.0
6754,0.211,ok,37.992,2247.320,66.2,52.3,0.0
6755,0.215,ok,37.992,2247.320,66.2,52.3,0.0
6756,0.219,ok,37.992,2247.320,66.2,52.3,0.0
6757,0.216,ok,37.992,2247.320,66.2,52.3,0.0
6758,0.210,ok,37.992,2247.320,66.2,52.3,0.0
6759,0.214,ok,37.992,2247.320,66.2,52.3,0.0
6760,0.214,ok,37.992,2247.320,66.2,52.3,0.0
6761,0.220,ok,37.992,2247.320,66.2,52.3,0.0
6762,0.230,ok,37.992,2247.320,66.2,52.3,0.0
6763,0.219,ok,37.992,2247.320,66.2,52.3,0.0
6764,0.213,ok,37.992,2247.320,66.2,52.3,0.0
6765,0.225,ok,37.992,2247.320,66.2,52.3,0.0
6766,0.218,ok,37.992,2247.320,66.2,52.3,0.0
6767,0.242,ok,37.992,2247.320,66.2,52.3,0.0
6768,0.220,ok,37.992,2247.320,66.2,52.3,0.0
6769,0.220,ok,37.992,2247.320,66.2,52.3,0.0
6770,0.223,ok,37.992,2247.320,66.2,52.3,0.0
6771,0.230,ok,37.992,2247.320,66.2,52.3,0.0
6772,0.218,ok,37.992,2247.320,66.2,52.3,0.0
6773,0.210,ok,37.992,2247.320,66.2,52.3,0.0
6774,0.260,ok,37.992,2247.320,66.2,52.3,0.0
6775,0.215,ok,37.992,2247.320,66.2,52.3,0.0
6776,0.215,ok,37.992,2247.320,66.2,52.3,0.0
6777,0.211,ok,37.992,2247.320,66.2,52.3,0.0
6778,0.218,ok,37.992,2247.320,66.2,52.3,0.0
6779,0.213,ok,37.992,2247.320,66.2,52.3,0.0
6780,0.215,ok,37.992,2247.320,66.2,52.3,0.0
6781,0.209,ok,37.992,2247.320,66.2,52.3,0.0
6782,0.213,ok,37.992,2247.320,66.2,52.3,0.0
6783,0.248,ok,37.992,2247.320,66.2,52.3,0.0
6784,0.313,ok,37.992,2247.320,66.2,52.3,0.0
6785,0.232,ok,37.992,2247.320,66.2,52.3,0.0
6786,0.224,ok,37.992,2247.320,66.2,52.3,0.0
6787,0.230,ok,37.992,2247.320,66.2,52.3,0.0
6788,0.250,ok,37.992,2247.320,66.2,52.3,0.0
6789,0.234,ok,37.992,2247.320,66.2,52.3,0.0
6790,0.217,ok,37.992,2247.320,66.2,52.3,0.0
6791,0.233,ok,37.992,2247.320,66.2,52.3,0.0
6792,0.207,ok,37.992,2247.320,66.2,52.3,0.0
6793,0.173,ok,37.992,2247.320,66.2,52.3,0.0
6794,0.163,ok,37.992,2247.320,66.2,52.3,0.0
6795,0.202,ok,37.992,2247.320,66.2,52.3,0.0
6796,0.167,ok,37.992,2247.320,66.2,52.3,0.0
6797,0.168,ok,37.992,2247.320,66.2,52.3,0.0
6798,0.165,ok,37.992,2247.320,66.2,52.3,0.0
6799,0.162,ok,37.992,2247.320,66.2,52.3,0.0
6800,0.156,ok,37.992,2247.320,66.2,52.3,0.0
6801,0.160,ok,37.992,2247.320,66.2,52.3,0.0
6802,0.164,ok,37.992,2247.320,66.2,52.3,0.0
6803,0.256,ok,37.992,2247.320,66.2,52.3,0.0
6804,0.195,ok,37.992,2247.320,66.2,52.3,0.0
6805,0.181,ok,37.992,2247.320,66.2,52.3,0.0
6806,0.161,ok,37.992,2247.320,66.2,52.3,0.0
6807,0.162,ok,37.992,2247.320,66.2,52.3,0.0
6808,0.169,ok,37.992,2247.320,66.2,52.3,0.0
6809,0.166,ok,37.992,2247.320,66.2,52.3,0.0
6810,0.172,ok,37.992,2247.320,66.2,52.3,0.0
6811,0.151,ok,37.992,2247.320,66.2,52.3,0.0
6812,0.160,ok,37.992,2247.320,66.2,52.3,0.0
6813,0.143,ok,37.992,2247.320,66.2,52.3,0.0
6814,0.153,ok,37.992,2247.320,66.2,52.3,0.0
6815,0.143,ok,37.992,2247.320,66.2,52.3,0.0
6816,0.247,ok,37.992,2247.320,66.2,52.3,0.0
6817,0.179,ok,37.992,2247.320,66.2,52.3,0.0
6818,0.171,ok,37.992,2247.320,66.2,52.3,0.0
6819,0.170,ok,37.992,2247.320,66.2,52.3,0.0
6820,0.180,ok,37.992,2247.320,66.2,52.3,0.0
6821,0.224,ok,37.992,2247.320,66.2,52.3,0.0
6822,0.203,ok,37.992,2247.320,66.2,52.3,0.0
6823,0.193,ok,37.992,2247.320,66.2,52.3,0.0
6824,0.201,ok,37.992,2247.320,66.2,52.3,0.0
6825,0.198,ok,37.992,2247.320,66.2,52.3,0.0
6826,0.195,ok,37.992,2247.320,66.2,52.3,0.0
6827,0.191,ok,37.992,2247.320,66.2,52.3,0.0
6828,0.191,ok,37.992,2247.320,66.2,52.3,0.0
6829,0.197,ok,37.992,2247.320,66.2,52.3,0.0
6830,0.197,ok,37.992,2247.320,66.2,52.3,0.0
6831,0.192,ok,37.992,2247.320,66.2,52.3,0.0
6832,0.191,ok,37.992,2247.320,66.2,52.3,0.0
6833,0.189,ok,37.992,2247.320,66.2,52.3,0.0
6834,0.258,ok,37.992,2247.320,66.2,52.3,0.0
6835,0.256,ok,37.992,2247.320,66.2,52.3,0.0
6836,0.254,ok,37.992,2247.320,66.2,52.3,0.0
6837,0.248,ok,37.992,2247.320,66.2,52.3,0.0
6838,0.289,ok,37.992,2247.320,66.2,52.3,0.0
6839,0.262,ok,37.992,2247.320,66.2,52.3,0.0
6840,0.273,ok,37.992,2247.320,66.2,52.3,0.0
6841,0.213,ok,37.992,2247.320,66.2,52.3,0.0
6842,0.218,ok,37.992,2247.320,66.2,52.3,0.0
6843,0.196,ok,37.992,2247.320,66.2,52.3,0.0
6844,0.196,ok,37.992,2247.320,66.2,52.3,0.0
6845,0.189,ok,37.992,2247.320,66.2,52.3,0.0
6846,0.193,ok,37.992,2247.320,66.2,52.3,0.0
6847,0.192,ok,37.992,2247.320,66.2,52.3,0.0
6848,0.196,ok,37.992,2247.320,66.2,52.3,0.0
6849,0.205,ok,37.992,2247.320,66.2,52.3,0.0
6850,0.198,ok,37.992,2247.320,66.2,52.3,0.0
6851,0.189,ok,37.992,2247.320,66.2,52.3,0.0
6852,0.195,ok,37.992,2247.320,66.2,52.3,0.0
6853,0.196,ok,37.992,2247.320,66.2,52.3,0.0
6854,0.195,ok,37.992,2247.320,66.2,52.3,0.0
6855,0.188,ok,37.992,2247.320,66.2,52.3,0.0
6856,0.190,ok,37.992,2247.320,66.2,52.3,0.0
6857,0.185,ok,37.992,2247.320,66.2,52.3,0.0
6858,0.202,ok,37.992,2247.320,66.2,52.3,0.0
6859,0.242,ok,37.992,2247.320,66.2,52.3,0.0
6860,0.197,ok,37.992,2247.320,66.2,52.3,0.0
6861,0.251,ok,37.992,2247.320,66.2,52.3,0.0
6862,0.275,ok,37.992,2247.320,66.2,52.3,0.0
6863,0.333,ok,37.992,2247.320,66.2,52.3,0.0
6864,0.295,ok,37.992,2247.320,66.2,52.3,0.0
6865,0.274,ok,37.992,2247.320,66.2,52.3,0.0
6866,0.270,ok,37.992,2247.320,66.2,52.3,0.0
6867,0.264,ok,37.992,2247.320,66.2,52.3,0.0
6868,0.294,ok,37.992,2247.320,66.2,52.3,0.0
6869,0.302,ok,37.992,2247.320,66.2,52.3,0.0
6870,0.275,ok,37.992,2247.320,66.2,52.3,0.0
6871,0.266,ok,37.992,2247.320,66.2,52.3,0.0
6872,0.261,ok,37.992,2247.320,66.2,52.3,0.0
6873,0.332,ok,37.992,2247.320,66.2,52.3,0.0
6874,0.265,ok,37.992,2247.320,66.2,52.3,0.0
6875,0.246,ok,37.992,2247.320,66.2,52.3,0.0
6876,0.244,ok,37.992,2247.320,66.2,52.3,0.0
6877,0.257,ok,37.992,2247.320,66.2,52.3,0.0
6878,0.239,ok,37.992,2247.320,66.2,52.3,0.0
6879,0.249,ok,37.992,2247.320,66.2,52.3,0.0
6880,0.288,ok,37.992,2247.320,66.2,52.3,0.0
6881,0.238,ok,37.992,2247.320,66.2,52.3,0.0
6882,0.251,ok,37.992,2247.320,66.2,52.3,0.0
6883,0.234,ok,37.992,2247.320,66.2,52.3,0.0
6884,0.239,ok,37.992,2247.320,66.2,52.3,0.0
6885,0.291,ok,37.992,2247.320,66.2,52.3,0.0
6886,0.268,ok,37.992,2247.320,66.2,52.3,0.0
6887,0.228,ok,37.992,2247.320,66.2,52.3,0.0
6888,0.270,ok,37.992,2247.320,66.2,52.3,0.0
6889,0.218,ok,37.992,2247.320,66.2,52.3,0.0
6890,0.288,ok,37.992,2247.320,66.2,52.3,0.0
6891,0.258,ok,37.992,2247.320,66.2,52.3,0.0
6892,0.243,ok,37.992,2247.320,66.2,52.3,0.0
6893,0.223,ok,37.992,2247.320,66.2,52.3,0.0
6894,0.226,ok,37.992,2247.320,66.2,52.3,0.0
6895,0.217,ok,37.992,2247.320,66.2,52.3,0.0
6896,0.224,ok,37.992,2247.320,66.2,52.3,0.0
6897,0.230,ok,37.992,2247.320,66.2,52.3,0.0
6898,0.221,ok,37.992,2247.320,66.2,52.3,0.0
6899,0.217,ok,37.992,2247.320,66.2,52.3,0.0
6900,0.222,ok,37.992,2247.320,66.2,52.3,0.0
6901,0.223,ok,37.992,2247.320,66.2,52.3,0.0
6902,0.274,ok,37.992,2247.320,66.2,52.3,0.0
6903,0.254,ok,37.992,2247.320,66.2,52.3,0.0
6904,0.196,ok,37.992,2247.320,66.2,52.3,0.0
6905,0.188,ok,37.992,2247.320,66.2,52.3,0.0
6906,0.276,ok,37.992,2247.320,66.2,52.3,0.0
6907,0.241,ok,37.992,2247.320,66.2,52.3,0.0
6908,0.227,ok,37.992,2247.320,66.2,52.3,0.0
6909,0.224,ok,37.992,2247.320,66.2,52.3,0.0
6910,0.249,ok,37.992,2247.320,66.2,52.3,0.0
6911,0.209,ok,37.992,2247.320,66.2,52.3,0.0
6912,0.210,ok,37.992,2247.320,66.2,52.3,0.0
6913,0.188,ok,37.992,2247.320,66.2,52.3,0.0
6914,0.179,ok,37.992,2247.320,66.2,52.3,0.0
6915,0.165,ok,37.992,2247.320,66.2,52.3,0.0
6916,0.166,ok,37.992,2247.320,66.2,52.3,0.0
6917,0.173,ok,37.992,2247.320,66.2,52.3,0.0
6918,0.163,ok,37.992,2247.320,66.2,52.3,0.0
6919,0.237,ok,37.992,2247.320,66.2,52.3,0.0
6920,0.179,ok,37.992,2247.320,66.2,52.3,0.0
6921,0.171,ok,37.992,2247.320,66.2,52.3,0.0
6922,0.169,ok,37.992,2247.320,66.2,52.3,0.0
6923,0.200,ok,37.992,2247.320,66.2,52.3,0.0
6924,0.193,ok,37.992,2247.320,66.2,52.3,0.0
6925,0.184,ok,37.992,2247.320,66.2,52.3,0.0
6926,0.179,ok,37.992,2247.320,66.2,52.3,0.0
6927,0.217,ok,37.992,2247.320,66.2,52.3,0.0
6928,0.174,ok,37.992,2247.320,66.2,52.3,0.0
6929,0.147,ok,37.992,2247.320,66.2,52.3,0.0
6930,0.147,ok,37.992,2247.320,66.2,52.3,0.0
6931,0.153,ok,37.992,2247.320,66.2,52.3,0.0
6932,0.146,ok,37.992,2247.320,66.2,52.3,0.0
6933,0.144,ok,37.992,2247.320,66.2,52.3,0.0
6934,0.133,ok,37.992,2247.320,66.2,52.3,0.0
6935,0.139,ok,37.992,2247.320,66.2,52.3,0.0
6936,0.133,ok,37.992,2247.320,66.2,52.3,0.0
6937,0.143,ok,37.992,2247.320,66.2,52.3,0.0
6938,0.152,ok,37.992,2247.320,66.2,52.3,0.0
6939,0.142,ok,37.992,2247.320,66.2,52.3,0.0
6940,0.131,ok,37.992,2247.320,66.2,52.3,0.0
6941,0.140,ok,37.992,2247.320,66.2,52.3,0.0
6942,0.175,ok,37.992,2247.320,66.2,52.3,0.0
6943,0.158,ok,37.992,2247.320,66.2,52.3,0.0
6944,0.242,ok,37.992,2247.320,66.2,52.3,0.0
6945,0.180,ok,37.992,2247.320,66.2,52.3,0.0
6946,0.166,ok,37.992,2247.320,66.2,52.3,0.0
6947,0.168,ok,37.992,2247.320,66.2,52.3,0.0
6948,0.161,ok,37.992,2247.320,66.2,52.3,0.0
6949,0.169,ok,37.992,2247.320,66.2,52.3,0.0
6950,0.264,ok,37.992,2247.320,66.2,52.3,0.0
6951,0.243,ok,37.992,2247.320,66.2,52.3,0.0
6952,0.217,ok,37.992,2247.320,66.2,52.3,0.0
6953,0.256,ok,37.992,2247.320,66.2,52.3,0.0
6954,0.256,ok,37.992,2247.320,66.2,52.3,0.0
6955,0.280,ok,37.992,2247.320,66.2,52.3,0.0
6956,0.272,ok,37.992,2247.320,66.2,52.3,0.0
6957,0.264,ok,37.992,2247.320,66.2,52.3,0.0
6958,0.266,ok,37.992,2247.320,66.2,52.3,0.0
6959,0.283,ok,37.992,2247.320,66.2,52.3,0.0
6960,0.253,ok,37.992,2247.320,66.2,52.3,0.0
6961,0.235,ok,37.992,2247.320,66.2,52.3,0.0
6962,0.204,ok,37.992,2247.320,66.2,52.3,0.0
6963,0.179,ok,37.992,2247.320,66.2,52.3,0.0
6964,0.186,ok,37.992,2247.320,66.2,52.3,0.0
6965,0.173,ok,37.992,2247.320,66.2,52.3,0.0
6966,0.243,ok,37.992,2247.320,66.2,52.3,0.0
6967,0.181,ok,37.992,2247.320,66.2,52.3,0.0
6968,0.183,ok,37.992,2247.320,66.2,52.3,0.0
6969,0.170,ok,37.992,2247.320,66.2,52.3,0.0
6970,0.183,ok,37.992,2247.320,66.2,52.3,0.0
6971,0.206,ok,37.992,2247.320,66.2,52.3,0.0
6972,0.183,ok,37.992,2247.320,66.2,52.3,0.0
6973,0.178,ok,37.992,2247.320,66.2,52.3,0.0
6974,0.232,ok,37.992,2247.320,66.2,52.3,0.0
6975,0.212,ok,37.992,2247.320,66.2,52.3,0.0
6976,0.280,ok,37.992,2247.320,66.2,52.3,0.0
6977,0.181,ok,37.992,2247.320,66.2,52.3,0.0
6978,0.189,ok,37.992,2247.320,66.2,52.3,0.0
6979,0.177,ok,37.992,2247.320,66.2,52.3,0.0
6980,0.177,ok,37.992,2247.320,66.2,52.3,0.0
6981,0.197,ok,37.992,2247.320,66.2,52.3,0.0
6982,0.182,ok,37.992,2247.320,66.2,52.3,0.0
6983,0.170,ok,37.992,2247.320,66.2,52.3,0.0
6984,0.178,ok,37.992,2247.320,66.2,52.3,0.0
6985,0.171,ok,37.992,2247.320,66.2,52.3,0.0
6986,0.174,ok,37.992,2247.320,66.2,52.3,0.0
6987,0.213,ok,37.992,2247.320,66.2,52.3,0.0
6988,0.183,ok,37.992,2247.320,66.2,52.3,0.0
6989,0.172,ok,37.992,2247.320,66.2,52.3,0.0
6990,0.175,ok,37.992,2247.320,66.2,52.3,0.0
6991,0.165,ok,37.992,2247.320,66.2,52.3,0.0
6992,0.177,ok,37.992,2247.320,66.2,52.3,0.0
6993,0.173,ok,37.992,2247.320,66.2,52.3,0.0
6994,0.176,ok,37.992,2247.320,66.2,52.3,0.0
6995,0.167,ok,37.992,2247.320,66.2,52.3,0.0
6996,0.175,ok,37.992,2247.320,66.2,52.3,0.0
6997,0.177,ok,37.992,2247.320,66.2,52.3,0.0
6998,0.187,ok,37.992,2247.320,66.2,52.3,0.0
6999,0.180,ok,37.992,2247.320,66.2,52.3,0.0
7000,0.179,ok,37.992,2247.320,66.2,52.3,0.0
7001,0.172,ok,37.992,2247.320,66.2,52.3,0.0
7002,0.195,ok,37.992,2247.320,66.2,52.3,0.0
7003,0.167,ok,37.992,2247.320,66.2,52.3,0.0
7004,0.184,ok,37.992,2247.320,66.2,52.3,0.0
7005,0.184,ok,37.992,2247.320,66.2,52.3,0.0
7006,0.211,ok,37.992,2247.320,66.2,52.3,0.0
7007,0.201,ok,37.992,2247.320,66.2,52.3,0.0
7008,0.226,ok,37.992,2247.320,66.2,52.3,0.0
7009,0.192,ok,37.992,2247.320,66.2,52.3,0.0
7010,0.182,ok,37.992,2247.320,66.2,52.3,0.0
7011,0.180,ok,37.992,2247.320,66.2,52.3,0.0
7012,0.180,ok,37.992,2247.320,66.2,52.3,0.0
7013,0.177,ok,37.992,2247.320,66.2,52.3,0.0
7014,0.187,ok,37.992,2247.320,66.2,52.3,0.0
7015,0.182,ok,37.992,2247.320,66.2,52.3,0.0
7016,0.182,ok,37.992,2247.320,66.2,52.3,0.0
7017,0.179,ok,37.992,2247.320,66.2,52.3,0.0
7018,0.179,ok,37.992,2247.320,66.2,52.3,0.0
7019,0.198,ok,37.992,2247.320,66.2,52.3,0.0
7020,0.189,ok,37.992,2247.320,66.2,52.3,0.0
7021,0.179,ok,37.992,2247.320,66.2,52.3,0.0
7022,0.176,ok,37.992,2247.320,66.2,52.3,0.0
7023,0.176,ok,37.992,2247.320,66.2,52.3,0.0
7024,0.175,ok,37.992,2247.320,66.2,52.3,0.0
7025,0.190,ok,37.992,2247.320,66.2,52.3,0.0
7026,0.197,ok,37.992,2247.320,66.2,52.3,0.0
7027,0.189,ok,37.992,2247.320,66.2,52.3,0.0
7028,0.192,ok,37.992,2247.320,66.2,52.3,0.0
7029,0.176,ok,37.992,2247.320,66.2,52.3,0.0
7030,0.227,ok,37.992,2247.320,66.2,52.3,0.0
7031,0.189,ok,37.992,2247.320,66.2,52.3,0.0
7032,0.205,ok,37.992,2247.320,66.2,52.3,0.0
7033,0.180,ok,37.992,2247.320,66.2,52.3,0.0
7034,0.172,ok,37.992,2247.320,66.2,52.3,0.0
7035,0.187,ok,37.992,2247.320,66.2,52.3,0.0
7036,0.182,ok,37.992,2247.320,66.2,52.3,0.0
7037,0.183,ok,37.992,2247.320,66.2,52.3,0.0
7038,0.232,ok,37.992,2247.320,66.2,52.3,0.0
7039,0.279,ok,37.992,2247.320,66.2,52.3,0.0
7040,0.279,ok,37.992,2247.320,66.2,52.3,0.0
7041,0.276,ok,37.992,2247.320,66.2,52.3,0.0
7042,0.212,ok,37.992,2247.320,66.2,52.3,0.0
7043,0.194,ok,37.992,2247.320,66.2,52.3,0.0
7044,0.225,ok,37.992,2247.320,66.2,52.3,0.0
7045,0.159,ok,37.992,2247.320,66.2,52.3,0.0
7046,0.153,ok,37.992,2247.320,66.2,52.3,0.0
7047,0.155,ok,37.992,2247.320,66.2,52.3,0.0
7048,0.180,ok,37.992,2247.320,66.2,52.3,0.0
7049,0.150,ok,37.992,2247.320,66.2,52.3,0.0
7050,0.155,ok,37.992,2247.320,66.2,52.3,0.0
7051,0.196,ok,37.992,2247.320,66.2,52.3,0.0
7052,0.158,ok,37.992,2247.320,66.2,52.3,0.0
7053,0.161,ok,37.992,2247.320,66.2,52.3,0.0
7054,0.177,ok,37.992,2247.320,66.2,52.3,0.0
7055,0.151,ok,37.992,2247.320,66.2,52.3,0.0
7056,0.153,ok,37.992,2247.320,66.2,52.3,0.0
7057,0.150,ok,37.992,2247.320,66.2,52.3,0.0
7058,0.154,ok,37.992,2247.320,66.2,52.3,0.0
7059,0.250,ok,37.992,2247.320,66.2,52.3,0.0
7060,0.204,ok,37.992,2247.320,66.2,52.3,0.0
7061,0.195,ok,37.992,2247.320,66.2,52.3,0.0
7062,0.179,ok,37.992,2247.320,66.2,52.3,0.0
7063,0.176,ok,37.992,2247.320,66.2,52.3,0.0
7064,0.191,ok,37.992,2247.320,66.2,52.3,0.0
7065,0.243,ok,37.992,2247.320,66.2,52.3,0.0
7066,0.203,ok,37.992,2247.320,66.2,52.3,0.0
7067,0.212,ok,37.992,2247.320,66.2,52.3,0.0
7068,0.194,ok,37.992,2247.320,66.2,52.3,0.0
7069,0.191,ok,37.992,2247.320,66.2,52.3,0.0
7070,0.188,ok,37.992,2247.320,66.2,52.3,0.0
7071,0.197,ok,37.992,2247.320,66.2,52.3,0.0
7072,0.234,ok,37.992,2247.320,66.2,52.3,0.0
7073,0.197,ok,37.992,2247.320,66.2,52.3,0.0
7074,0.189,ok,37.992,2247.320,66.2,52.3,0.0
7075,0.189,ok,37.992,2247.320,66.2,52.3,0.0
7076,0.195,ok,37.992,2247.320,66.2,52.3,0.0
7077,0.344,ok,37.992,2247.320,66.2,52.3,0.0
7078,0.296,ok,37.992,2247.320,66.2,52.3,0.0
7079,0.246,ok,37.992,2247.320,66.2,52.3,0.0
7080,0.234,ok,37.992,2247.320,66.2,52.3,0.0
7081,0.296,ok,37.992,2247.320,66.2,52.3,0.0
7082,0.338,ok,37.992,2247.320,66.2,52.3,0.0
7083,0.350,ok,37.992,2247.320,66.2,52.3,0.0
7084,0.340,ok,37.992,2247.320,66.2,52.3,0.0
7085,0.274,ok,37.992,2247.320,66.2,52.3,0.0
7086,0.284,ok,37.992,2247.320,66.2,52.3,0.0
7087,0.229,ok,37.992,2247.320,66.2,52.3,0.0
7088,0.225,ok,37.992,2247.320,66.2,52.3,0.0
7089,0.220,ok,37.992,2247.320,66.2,52.3,0.0
7090,0.201,ok,37.992,2247.320,66.2,52.3,0.0
7091,0.230,ok,37.992,2247.320,66.2,52.3,0.0
7092,0.225,ok,37.992,2247.320,66.2,52.3,0.0
7093,0.241,ok,37.992,2247.320,66.2,52.3,0.0
7094,0.263,ok,37.992,2247.320,66.2,52.3,0.0
7095,0.233,ok,37.992,2247.320,66.2,52.3,0.0
7096,0.239,ok,37.992,2247.320,66.2,52.3,0.0
7097,0.221,ok,37.992,2247.320,66.2,52.3,0.0
7098,0.274,ok,37.992,2247.320,66.2,52.3,0.0
7099,0.283,ok,37.992,2247.320,66.2,52.3,0.0
7100,0.341,ok,37.992,2247.320,66.2,52.3,0.0
7101,0.284,ok,37.992,2247.320,66.2,52.3,0.0
7102,0.253,ok,37.992,2247.320,66.2,52.3,0.0
7103,0.252,ok,37.992,2247.320,66.2,52.3,0.0
7104,0.271,ok,37.992,2247.320,66.2,52.3,0.0
7105,0.318,ok,37.992,2247.320,66.2,52.3,0.0
7106,0.291,ok,37.992,2247.320,66.2,52.3,0.0
7107,0.276,ok,37.992,2247.320,66.2,52.3,0.0
7108,0.267,ok,37.992,2247.320,66.2,52.3,0.0
7109,0.299,ok,37.992,2247.320,66.2,52.3,0.0
7110,0.277,ok,37.992,2247.320,66.2,52.3,0.0
7111,0.263,ok,37.992,2247.320,66.2,52.3,0.0
7112,0.258,ok,37.992,2247.320,66.2,52.3,0.0
7113,0.256,ok,37.992,2247.320,66.2,52.3,0.0
7114,0.271,ok,37.992,2247.320,66.2,52.3,0.0
7115,0.342,ok,37.992,2247.320,66.2,52.3,0.0
7116,0.273,ok,37.992,2247.320,66.2,52.3,0.0
7117,0.397,ok,37.992,2247.320,66.2,52.3,0.0
7118,0.493,ok,37.992,2247.320,66.2,52.3,0.0
7119,0.377,ok,37.992,2247.320,66.2,52.3,0.0
7120,0.338,ok,37.992,2247.320,66.2,52.3,0.0
7121,0.320,ok,37.992,2247.320,66.2,52.3,0.0
7122,0.390,ok,37.992,2247.320,66.2,52.3,0.0
7123,0.436,ok,37.992,2247.320,66.2,52.3,0.0
7124,0.381,ok,37.992,2247.320,66.2,52.3,0.0
7125,0.356,ok,37.992,2247.320,66.2,52.3,0.0
7126,0.336,ok,37.992,2247.320,66.2,52.3,0.0
7127,0.357,ok,37.992,2247.320,66.2,52.3,0.0
7128,0.270,ok,37.992,2247.320,66.2,52.3,0.0
7129,0.246,ok,37.992,2247.320,66.2,52.3,0.0
7130,0.234,ok,37.992,2247.320,66.2,52.3,0.0
7131,0.253,ok,37.992,2247.320,66.2,52.3,0.0
7132,0.308,ok,37.992,2247.320,66.2,52.3,0.0
7133,0.281,ok,37.992,2247.320,66.2,52.3,0.0
7134,0.279,ok,37.992,2247.320,66.2,52.3,0.0
7135,0.257,ok,37.992,2247.320,66.2,52.3,0.0
7136,0.288,ok,37.992,2247.320,66.2,52.3,0.0
7137,0.242,ok,37.992,2247.320,66.2,52.3,0.0
7138,0.247,ok,37.992,2247.320,66.2,52.3,0.0
7139,0.238,ok,37.992,2247.320,66.2,52.3,0.0
7140,0.234,ok,37.992,2247.320,66.2,52.3,0.0
7141,0.231,ok,37.992,2247.320,66.2,52.3,0.0
7142,0.235,ok,37.992,2247.320,66.2,52.3,0.0
7143,0.247,ok,37.992,2247.320,66.2,52.3,0.0
7144,0.231,ok,37.992,2247.320,66.2,52.3,0.0
7145,0.238,ok,37.992,2247.320,66.2,52.3,0.0
7146,0.266,ok,37.992,2247.320,66.2,52.3,0.0
7147,0.270,ok,37.992,2247.320,66.2,52.3,0.0
7148,0.305,ok,37.992,2247.320,66.2,52.3,0.0
7149,0.270,ok,37.992,2247.320,66.2,52.3,0.0
7150,0.300,ok,37.992,2247.320,66.2,52.3,0.0
7151,0.307,ok,37.992,2247.320,66.2,52.3,0.0
7152,0.309,ok,37.992,2247.320,66.2,52.3,0.0
7153,0.311,ok,37.992,2247.320,66.2,52.3,0.0
7154,0.309,ok,37.992,2247.320,66.2,52.3,0.0
7155,0.317,ok,37.992,2247.320,66.2,52.3,0.0
7156,0.284,ok,37.992,2247.320,66.2,52.3,0.0
7157,0.265,ok,37.992,2247.320,66.2,52.3,0.0
7158,0.309,ok,37.992,2247.320,66.2,52.3,0.0
7159,0.252,ok,37.992,2247.320,66.2,52.3,0.0
7160,0.244,ok,37.992,2247.320,66.2,52.3,0.0
7161,0.257,ok,37.992,2247.320,66.2,52.3,0.0
7162,0.231,ok,37.992,2247.320,66.2,52.3,0.0
7163,0.231,ok,37.992,2247.320,66.2,52.3,0.0
7164,0.223,ok,37.992,2247.320,66.2,52.3,0.0
7165,0.255,ok,37.992,2247.320,66.2,52.3,0.0
7166,0.247,ok,37.992,2247.320,66.2,52.3,0.0
7167,0.254,ok,37.992,2247.320,66.2,52.3,0.0
7168,0.273,ok,37.992,2247.320,66.2,52.3,0.0
7169,0.293,ok,37.992,2247.320,66.2,52.3,0.0
7170,0.338,ok,37.992,2247.320,66.2,52.3,0.0
7171,0.249,ok,37.992,2247.320,66.2,52.3,0.0
7172,0.270,ok,37.992,2247.320,66.2,52.3,0.0
7173,0.237,ok,37.992,2247.320,66.2,52.3,0.0
7174,0.203,ok,37.992,2247.320,66.2,52.3,0.0
7175,0.201,ok,37.992,2247.320,66.2,52.3,0.0
7176,0.201,ok,37.992,2247.320,66.2,52.3,0.0
7177,0.203,ok,37.992,2247.320,66.2,52.3,0.0
7178,0.194,ok,37.992,2247.320,66.2,52.3,0.0
7179,0.237,ok,37.992,2247.320,66.2,52.3,0.0
7180,0.194,ok,37.992,2247.320,66.2,52.3,0.0
7181,0.204,ok,37.992,2247.320,66.2,52.3,0.0
7182,0.195,ok,37.992,2247.320,66.2,52.3,0.0
7183,0.198,ok,37.992,2247.320,66.2,52.3,0.0
7184,0.217,ok,37.992,2247.320,66.2,52.3,0.0
7185,0.198,ok,37.992,2247.320,66.2,52.3,0.0
7186,0.217,ok,37.992,2247.320,66.2,52.3,0.0
7187,0.213,ok,37.992,2247.320,66.2,52.3,0.0
7188,0.214,ok,37.992,2247.320,66.2,52.3,0.0
7189,0.243,ok,37.992,2247.320,66.2,52.3,0.0
7190,0.236,ok,37.992,2247.320,66.2,52.3,0.0
7191,0.277,ok,37.992,2247.320,66.2,52.3,0.0
7192,0.220,ok,37.992,2247.320,66.2,52.3,0.0
7193,0.215,ok,37.992,2247.320,66.2,52.3,0.0
7194,0.160,ok,37.992,2247.320,66.2,52.3,0.0
7195,0.161,ok,37.992,2247.320,66.2,52.3,0.0
7196,0.149,ok,37.992,2247.320,66.2,52.3,0.0
7197,0.142,ok,37.992,2247.320,66.2,52.3,0.0
7198,0.138,ok,37.992,2247.320,66.2,52.3,0.0
7199,0.137,ok,37.992,2247.320,66.2,52.3,0.0
7200,0.177,ok,37.992,2247.320,66.2,52.3,0.0
7201,0.141,ok,37.992,2247.320,66.2,52.3,0.0
7202,0.157,ok,37.992,2247.320,66.2,52.3,0.0
7203,0.142,ok,37.992,2247.320,66.2,52.3,0.0
7204,0.140,ok,37.992,2247.320,66.2,52.3,0.0
7205,0.226,ok,37.992,2247.320,66.2,52.3,0.0
7206,0.247,ok,37.992,2247.320,66.2,52.3,0.0
7207,0.208,ok,37.992,2247.320,66.2,52.3,0.0
7208,0.210,ok,37.992,2247.320,66.2,52.3,0.0
7209,0.231,ok,37.992,2247.320,66.2,52.3,0.0
7210,0.219,ok,37.992,2247.320,66.2,52.3,0.0
7211,0.191,ok,37.992,2247.320,66.2,52.3,0.0
7212,0.198,ok,37.992,2247.320,66.2,52.3,0.0
7213,0.187,ok,37.992,2247.320,66.2,52.3,0.0
7214,0.157,ok,37.992,2247.320,66.2,52.3,0.0
7215,0.143,ok,37.992,2247.320,66.2,52.3,0.0
7216,0.146,ok,37.992,2247.320,66.2,52.3,0.0
7217,0.141,ok,37.992,2247.320,66.2,52.3,0.0
7218,0.166,ok,37.992,2247.320,66.2,52.3,0.0
7219,0.170,ok,37.992,2247.320,66.2,52.3,0.0
7220,0.174,ok,37.992,2247.320,66.2,52.3,0.0
7221,0.255,ok,37.992,2247.320,66.2,52.3,0.0
7222,0.231,ok,37.992,2247.320,66.2,52.3,0.0
7223,0.173,ok,37.992,2247.320,66.2,52.3,0.0
7224,0.169,ok,37.992,2247.320,66.2,52.3,0.0
7225,0.154,ok,37.992,2247.320,66.2,52.3,0.0
7226,0.211,ok,37.992,2247.320,66.2,52.3,0.0
7227,0.194,ok,37.992,2247.320,66.2,52.3,0.0
7228,0.182,ok,37.992,2247.320,66.2,52.3,0.0
7229,0.175,ok,37.992,2247.320,66.2,52.3,0.0
7230,0.156,ok,37.992,2247.320,66.2,52.3,0.0
7231,0.170,ok,37.992,2247.320,66.2,52.3,0.0
7232,0.168,ok,37.992,2247.320,66.2,52.3,0.0
7233,0.172,ok,37.992,2247.320,66.2,52.3,0.0
7234,0.167,ok,37.992,2247.320,66.2,52.3,0.0
7235,0.178,ok,37.992,2247.320,66.2,52.3,0.0
7236,0.163,ok,37.992,2247.320,66.2,52.3,0.0
7237,0.166,ok,37.992,2247.320,66.2,52.3,0.0
7238,0.150,ok,37.992,2247.320,66.2,52.3,0.0
7239,0.170,ok,37.992,2247.320,66.2,52.3,0.0
7240,0.167,ok,37.992,2247.320,66.2,52.3,0.0
7241,0.166,ok,37.992,2247.320,66.2,52.3,0.0
7242,0.179,ok,37.992,2247.320,66.2,52.3,0.0
7243,0.206,ok,37.992,2247.320,66.2,52.3,0.0
7244,0.160,ok,37.992,2247.320,66.2,52.3,0.0
7245,0.173,ok,37.992,2247.320,66.2,52.3,0.0
7246,0.189,ok,37.992,2247.320,66.2,52.3,0.0
7247,0.185,ok,37.992,2247.320,66.2,52.3,0.0
7248,0.197,ok,37.992,2247.320,66.2,52.3,0.0
7249,0.173,ok,37.992,2247.320,66.2,52.3,0.0
7250,0.168,ok,37.992,2247.320,66.2,52.3,0.0
7251,0.165,ok,37.992,2247.320,66.2,52.3,0.0
7252,0.176,ok,37.992,2247.320,66.2,52.3,0.0
7253,0.163,ok,37.992,2247.320,66.2,52.3,0.0
7254,0.177,ok,37.992,2247.320,66.2,52.3,0.0
7255,0.162,ok,37.992,2247.320,66.2,52.3,0.0
7256,0.162,ok,37.992,2247.320,66.2,52.3,0.0
7257,0.163,ok,37.992,2247.320,66.2,52.3,0.0
7258,0.159,ok,37.992,2247.320,66.2,52.3,0.0
7259,0.162,ok,37.992,2247.320,66.2,52.3,0.0
7260,0.182,ok,37.992,2247.320,66.2,52.3,0.0
7261,0.169,ok,37.992,2247.320,66.2,52.3,0.0
7262,0.168,ok,37.992,2247.320,66.2,52.3,0.0
7263,0.181,ok,37.992,2247.320,66.2,52.3,0.0
7264,0.239,ok,37.992,2247.320,66.2,52.3,0.0
7265,0.235,ok,37.992,2247.320,66.2,52.3,0.0
7266,0.270,ok,37.992,2247.320,66.2,52.3,0.0
7267,0.259,ok,37.992,2247.320,66.2,52.3,0.0
7268,0.226,ok,37.992,2247.320,66.2,52.3,0.0
7269,0.214,ok,37.992,2247.320,66.2,52.3,0.0
7270,0.192,ok,37.992,2247.320,66.2,52.3,0.0
7271,0.231,ok,37.992,2247.320,66.2,52.3,0.0
7272,0.349,ok,37.992,2247.320,66.2,52.3,0.0
7273,0.220,ok,37.992,2247.320,66.2,52.3,0.0
7274,0.235,ok,37.992,2247.320,66.2,52.3,0.0
7275,0.289,ok,37.992,2247.320,66.2,52.3,0.0
7276,0.234,ok,37.992,2247.320,66.2,52.3,0.0
7277,0.224,ok,37.992,2247.320,66.2,52.3,0.0
7278,0.195,ok,37.992,2247.320,66.2,52.3,0.0
7279,0.230,ok,37.992,2247.320,66.2,52.3,0.0
7280,0.299,ok,37.992,2247.320,66.2,52.3,0.0
7281,0.276,ok,37.992,2247.320,66.2,52.3,0.0
7282,0.208,ok,37.992,2247.320,66.2,52.3,0.0
7283,0.206,ok,37.992,2247.320,66.2,52.3,0.0
7284,0.194,ok,37.992,2247.320,66.2,52.3,0.0
7285,0.190,ok,37.992,2247.320,66.2,52.3,0.0
7286,0.220,ok,37.992,2247.320,66.2,52.3,0.0
7287,0.191,ok,37.992,2247.320,66.2,52.3,0.0
7288,0.191,ok,37.992,2247.320,66.2,52.3,0.0
7289,0.218,ok,37.992,2247.320,66.2,52.3,0.0
7290,0.188,ok,37.992,2247.320,66.2,52.3,0.0
7291,0.236,ok,37.992,2247.320,66.2,52.3,0.0
7292,0.242,ok,37.992,2247.320,66.2,52.3,0.0
7293,0.336,ok,37.992,2247.320,66.2,52.3,0.0
7294,0.236,ok,37.992,2247.320,66.2,52.3,0.0
7295,0.220,ok,37.992,2247.320,66.2,52.3,0.0
7296,0.210,ok,37.992,2247.320,66.2,52.3,0.0
7297,0.302,ok,37.992,2247.320,66.2,52.3,0.0
7298,0.236,ok,37.992,2247.320,66.2,52.3,0.0
7299,0.275,ok,37.992,2247.320,66.2,52.3,0.0
7300,0.236,ok,37.992,2247.320,66.2,52.3,0.0
7301,0.204,ok,37.992,2247.320,66.2,52.3,0.0
7302,0.197,ok,37.992,2247.320,66.2,52.3,0.0
7303,0.187,ok,37.992,2247.320,66.2,52.3,0.0
7304,0.188,ok,37.992,2247.320,66.2,52.3,0.0
7305,0.223,ok,37.992,2247.320,66.2,52.3,0.0
7306,0.261,ok,37.992,2247.320,66.2,52.3,0.0
7307,0.254,ok,37.992,2247.320,66.2,52.3,0.0
7308,0.198,ok,37.992,2247.320,66.2,52.3,0.0
7309,0.193,ok,37.992,2247.320,66.2,52.3,0.0
7310,0.197,ok,37.992,2247.320,66.2,52.3,0.0
7311,0.313,ok,37.992,2247.320,66.2,52.3,0.0
7312,0.205,ok,37.992,2247.320,66.2,52.3,0.0
7313,0.195,ok,37.992,2247.320,66.2,52.3,0.0
7314,0.193,ok,37.992,2247.320,66.2,52.3,0.0
7315,0.206,ok,37.992,2247.320,66.2,52.3,0.0
7316,0.204,ok,37.992,2247.320,66.2,52.3,0.0
7317,0.217,ok,37.992,2247.320,66.2,52.3,0.0
7318,0.214,ok,37.992,2247.320,66.2,52.3,0.0
7319,0.197,ok,37.992,2247.320,66.2,52.3,0.0
7320,0.203,ok,37.992,2247.320,66.2,52.3,0.0
7321,0.190,ok,37.992,2247.320,66.2,52.3,0.0
7322,0.178,ok,37.992,2247.320,66.2,52.3,0.0
7323,0.171,ok,37.992,2247.320,66.2,52.3,0.0
7324,0.164,ok,37.992,2247.320,66.2,52.3,0.0
7325,0.164,ok,37.992,2247.320,66.2,52.3,0.0
7326,0.190,ok,37.992,2247.320,66.2,52.3,0.0
7327,0.173,ok,37.992,2247.320,66.2,52.3,0.0
7328,0.218,ok,37.992,2247.320,66.2,52.3,0.0
7329,0.169,ok,37.992,2247.320,66.2,52.3,0.0
7330,0.161,ok,37.992,2247.320,66.2,52.3,0.0
7331,0.160,ok,37.992,2247.320,66.2,52.3,0.0
7332,0.168,ok,37.992,2247.320,66.2,52.3,0.0
7333,0.169,ok,37.992,2247.320,66.2,52.3,0.0
7334,0.159,ok,37.992,2247.320,66.2,52.3,0.0
7335,0.169,ok,37.992,2247.320,66.2,52.3,0.0
7336,0.166,ok,37.992,2247.320,66.2,52.3,0.0
7337,0.241,ok,37.992,2247.320,66.2,52.3,0.0
7338,0.198,ok,37.992,2247.320,66.2,52.3,0.0
7339,0.157,ok,37.992,2247.320,66.2,52.3,0.0
7340,0.136,ok,37.992,2247.320,66.2,52.3,0.0
7341,0.125,ok,37.992,2247.320,66.2,52.3,0.0
7342,0.123,ok,37.992,2247.320,66.2,52.3,0.0
7343,0.215,ok,37.992,2247.320,66.2,52.3,0.0
7344,0.145,ok,37.992,2247.320,66.2,52.3,0.0
7345,0.188,ok,37.992,2247.320,66.2,52.3,0.0
7346,0.189,ok,37.992,2247.320,66.2,52.3,0.0
7347,0.228,ok,37.992,2247.320,66.2,52.3,0.0
7348,0.171,ok,37.992,2247.320,66.2,52.3,0.0
7349,0.168,ok,37.992,2247.320,66.2,52.3,0.0
7350,0.193,ok,37.992,2247.320,66.2,52.3,0.0
7351,0.167,ok,37.992,2247.320,66.2,52.3,0.0
7352,0.179,ok,37.992,2247.320,66.2,52.3,0.0
7353,0.177,ok,37.992,2247.320,66.2,52.3,0.0
7354,0.167,ok,37.992,2247.320,66.2,52.3,0.0
7355,0.175,ok,37.992,2247.320,66.2,52.3,0.0
7356,0.180,ok,37.992,2247.320,66.2,52.3,0.0
7357,0.168,ok,37.992,2247.320,66.2,52.3,0.0
7358,0.162,ok,37.992,2247.320,66.2,52.3,0.0
7359,0.160,ok,37.992,2247.320,66.2,52.3,0.0
7360,0.160,ok,37.992,2247.320,66.2,52.3,0.0
7361,0.159,ok,37.992,2247.320,66.2,52.3,0.0
7362,0.296,ok,37.992,2247.320,66.2,52.3,0.0
7363,0.222,ok,37.992,2247.320,66.2,52.3,0.0
7364,0.186,ok,37.992,2247.320,66.2,52.3,0.0
7365,0.209,ok,37.992,2247.320,66.2,52.3,0.0
7366,0.193,ok,37.992,2247.320,66.2,52.3,0.0
7367,0.202,ok,37.992,2247.320,66.2,52.3,0.0
7368,0.212,ok,37.992,2247.320,66.2,52.3,0.0
7369,0.194,ok,37.992,2247.320,66.2,52.3,0.0
7370,0.197,ok,37.992,2247.320,66.2,52.3,0.0
7371,0.241,ok,37.992,2247.320,66.2,52.3,0.0
7372,0.187,ok,37.992,2247.320,66.2,52.3,0.0
7373,0.193,ok,37.992,2247.320,66.2,52.3,0.0
7374,0.215,ok,37.992,2247.320,66.2,52.3,0.0
7375,0.199,ok,37.992,2247.320,66.2,52.3,0.0
7376,0.184,ok,37.992,2247.320,66.2,52.3,0.0
7377,0.196,ok,37.992,2247.320,66.2,52.3,0.0
7378,0.175,ok,37.992,2247.320,66.2,52.3,0.0
7379,0.192,ok,37.992,2247.320,66.2,52.3,0.0
7380,0.235,ok,37.992,2247.320,66.2,52.3,0.0
7381,0.196,ok,37.992,2247.320,66.2,52.3,0.0
7382,0.231,ok,37.992,2247.320,66.2,52.3,0.0
7383,0.187,ok,37.992,2247.320,66.2,52.3,0.0
7384,0.186,ok,37.992,2247.320,66.2,52.3,0.0
7385,0.198,ok,37.992,2247.320,66.2,52.3,0.0
7386,0.183,ok,37.992,2247.320,66.2,52.3,0.0
7387,0.193,ok,37.992,2247.320,66.2,52.3,0.0
7388,0.208,ok,37.992,2247.320,66.2,52.3,0.0
7389,0.182,ok,37.992,2247.320,66.2,52.3,0.0
7390,0.173,ok,37.992,2247.320,66.2,52.3,0.0
7391,0.176,ok,37.992,2247.320,66.2,52.3,0.0
7392,0.193,ok,37.992,2247.320,66.2,52.3,0.0
7393,0.165,ok,37.992,2247.320,66.2,52.3,0.0
7394,0.150,ok,37.992,2247.320,66.2,52.3,0.0
7395,0.179,ok,37.992,2247.320,66.2,52.3,0.0
7396,0.197,ok,37.992,2247.320,66.2,52.3,0.0
7397,0.211,ok,37.992,2247.320,66.2,52.3,0.0
7398,0.188,ok,37.992,2247.320,66.2,52.3,0.0
7399,0.194,ok,37.992,2247.320,66.2,52.3,0.0
7400,0.186,ok,37.992,2247.320,66.2,52.3,0.0
7401,0.198,ok,37.992,2247.320,66.2,52.3,0.0
7402,0.183,ok,37.992,2247.320,66.2,52.3,0.0
7403,0.193,ok,37.992,2247.320,66.2,52.3,0.0
7404,0.181,ok,37.992,2247.320,66.2,52.3,0.0
7405,0.193,ok,37.992,2247.320,66.2,52.3,0.0
7406,0.218,ok,37.992,2247.320,66.2,52.3,0.0
7407,0.192,ok,37.992,2247.320,66.2,52.3,0.0
7408,0.186,ok,37.992,2247.320,66.2,52.3,0.0
7409,0.185,ok,37.992,2247.320,66.2,52.3,0.0
7410,0.229,ok,37.992,2247.320,66.2,52.3,0.0
7411,0.219,ok,37.992,2247.320,66.2,52.3,0.0
7412,0.190,ok,37.992,2247.320,66.2,52.3,0.0
7413,0.199,ok,37.992,2247.320,66.2,52.3,0.0
7414,0.228,ok,37.992,2247.320,66.2,52.3,0.0
7415,0.207,ok,37.992,2247.320,66.2,52.3,0.0
7416,0.194,ok,37.992,2247.320,66.2,52.3,0.0
7417,0.201,ok,37.992,2247.320,66.2,52.3,0.0
7418,0.186,ok,37.992,2247.320,66.2,52.3,0.0
7419,0.197,ok,37.992,2247.320,66.2,52.3,0.0
7420,0.203,ok,37.992,2247.320,66.2,52.3,0.0
7421,0.200,ok,37.992,2247.320,66.2,52.3,0.0
7422,0.188,ok,37.992,2247.320,66.2,52.3,0.0
7423,0.198,ok,37.992,2247.320,66.2,52.3,0.0
7424,0.185,ok,37.992,2247.320,66.2,52.3,0.0
7425,0.199,ok,37.992,2247.320,66.2,52.3,0.0
7426,0.191,ok,37.992,2247.320,66.2,52.3,0.0
7427,0.198,ok,37.992,2247.320,66.2,52.3,0.0
7428,0.186,ok,37.992,2247.320,66.2,52.3,0.0
7429,0.195,ok,37.992,2247.320,66.2,52.3,0.0
7430,0.184,ok,37.992,2247.320,66.2,52.3,0.0
7431,0.221,ok,37.992,2247.320,66.2,52.3,0.0
7432,0.191,ok,37.992,2247.320,66.2,52.3,0.0
7433,0.197,ok,37.992,2247.320,66.2,52.3,0.0
7434,0.183,ok,37.992,2247.320,66.2,52.3,0.0
7435,0.238,ok,37.992,2247.320,66.2,52.3,0.0
7436,0.204,ok,37.992,2247.320,66.2,52.3,0.0
7437,0.207,ok,37.992,2247.320,66.2,52.3,0.0
7438,0.186,ok,38.082,2247.320,82.6,52.3,0.0
7439,0.194,ok,38.082,2247.320,82.6,52.3,0.0
7440,0.187,ok,38.082,2247.320,82.6,52.3,0.0
7441,0.200,ok,38.082,2247.320,82.6,52.3,0.0
7442,0.188,ok,38.082,2247.320,82.6,52.3,0.0
7443,0.199,ok,38.082,2247.320,82.6,52.3,0.0
7444,0.187,ok,38.082,2247.320,82.6,52.3,0.0
7445,0.196,ok,38.082,2247.320,82.6,52.3,0.0
7446,0.197,ok,38.082,2247.320,82.6,52.3,0.0
7447,0.196,ok,38.082,2247.320,82.6,52.3,0.0
7448,0.192,ok,38.082,2247.320,82.6,52.3,0.0
7449,0.196,ok,38.082,2247.320,82.6,52.3,0.0
7450,0.183,ok,38.082,2247.320,82.6,52.3,0.0
7451,0.204,ok,38.082,2247.320,82.6,52.3,0.0
7452,0.186,ok,38.082,2247.320,82.6,52.3,0.0
7453,0.211,ok,38.082,2247.320,82.6,52.3,0.0
7454,0.218,ok,38.082,2247.320,82.6,52.3,0.0
7455,0.196,ok,38.082,2247.320,82.6,52.3,0.0
7456,0.235,ok,38.082,2247.320,82.6,52.3,0.0
7457,0.201,ok,38.082,2247.320,82.6,52.3,0.0
7458,0.219,ok,38.082,2247.320,82.6,52.3,0.0
7459,0.194,ok,38.082,2247.320,82.6,52.3,0.0
7460,0.188,ok,38.082,2247.320,82.6,52.3,0.0
7461,0.214,ok,38.082,2247.320,82.6,52.3,0.0
7462,0.188,ok,38.082,2247.320,82.6,52.3,0.0
7463,0.195,ok,38.082,2247.320,82.6,52.3,0.0
7464,0.186,ok,38.082,2247.320,82.6,52.3,0.0
7465,0.200,ok,38.082,2247.320,82.6,52.3,0.0
7466,0.190,ok,38.082,2247.320,82.6,52.3,0.0
7467,0.196,ok,38.082,2247.320,82.6,52.3,0.0
7468,0.185,ok,38.082,2247.320,82.6,52.3,0.0
7469,0.182,ok,38.082,2247.320,82.6,52.3,0.0
7470,0.182,ok,38.082,2247.320,82.6,52.3,0.0
7471,0.213,ok,38.082,2247.320,82.6,52.3,0.0
7472,0.189,ok,38.082,2247.320,82.6,52.3,0.0
7473,0.197,ok,38.082,2247.320,82.6,52.3,0.0
7474,0.198,ok,38.082,2247.320,82.6,52.3,0.0
7475,0.202,ok,38.082,2247.320,82.6,52.3,0.0
7476,0.199,ok,38.082,2247.320,82.6,52.3,0.0
7477,0.194,ok,38.082,2247.320,82.6,52.3,0.0
7478,0.216,ok,38.082,2247.320,82.6,52.3,0.0
7479,0.195,ok,38.082,2247.320,82.6,52.3,0.0
7480,0.181,ok,38.082,2247.320,82.6,52.3,0.0
7481,0.205,ok,38.082,2247.320,82.6,52.3,0.0
7482,0.185,ok,38.082,2247.320,82.6,52.3,0.0
7483,0.196,ok,38.082,2247.320,82.6,52.3,0.0
7484,0.184,ok,38.082,2247.320,82.6,52.3,0.0
7485,0.192,ok,38.082,2247.320,82.6,52.3,0.0
7486,0.227,ok,38.082,2247.320,82.6,52.3,0.0
7487,0.214,ok,38.082,2247.320,82.6,52.3,0.0
7488,0.253,ok,38.082,2247.320,82.6,52.3,0.0
7489,0.210,ok,38.082,2247.320,82.6,52.3,0.0
7490,0.207,ok,38.082,2247.320,82.6,52.3,0.0
7491,0.208,ok,38.082,2247.320,82.6,52.3,0.0
7492,0.225,ok,38.082,2247.320,82.6,52.3,0.0
7493,0.194,ok,38.082,2247.320,82.6,52.3,0.0
7494,0.234,ok,38.082,2247.320,82.6,52.3,0.0
7495,0.279,ok,38.082,2247.320,82.6,52.3,0.0
7496,0.290,ok,38.082,2247.320,82.6,52.3,0.0
7497,0.277,ok,38.082,2247.320,82.6,52.3,0.0
7498,0.293,ok,38.082,2247.320,82.6,52.3,0.0
7499,0.265,ok,38.082,2247.320,82.6,52.3,0.0
7500,0.230,ok,38.082,2247.320,82.6,52.3,0.0
7501,0.189,ok,38.082,2247.320,82.6,52.3,0.0
7502,0.172,ok,38.082,2247.320,82.6,52.3,0.0
7503,0.176,ok,38.082,2247.320,82.6,52.3,0.0
7504,0.192,ok,38.082,2247.320,82.6,52.3,0.0
7505,0.188,ok,38.082,2247.320,82.6,52.3,0.0
7506,0.177,ok,38.082,2247.320,82.6,52.3,0.0
7507,0.179,ok,38.082,2247.320,82.6,52.3,0.0
7508,0.190,ok,38.082,2247.320,82.6,52.3,0.0
7509,0.186,ok,38.082,2247.320,82.6,52.3,0.0
7510,0.176,ok,38.082,2247.320,82.6,52.3,0.0
7511,0.176,ok,38.082,2247.320,82.6,52.3,0.0
7512,0.170,ok,38.082,2247.320,82.6,52.3,0.0
7513,0.172,ok,38.082,2247.320,82.6,52.3,0.0
7514,0.178,ok,38.082,2247.320,82.6,52.3,0.0
7515,0.185,ok,38.082,2247.320,82.6,52.3,0.0
7516,0.229,ok,38.082,2247.320,82.6,52.3,0.0
7517,0.217,ok,38.082,2247.320,82.6,52.3,0.0
7518,0.201,ok,38.082,2247.320,82.6,52.3,0.0
7519,0.191,ok,38.082,2247.320,82.6,52.3,0.0
7520,0.228,ok,38.082,2247.320,82.6,52.3,0.0
7521,0.210,ok,38.082,2247.320,82.6,52.3,0.0
7522,0.192,ok,38.082,2247.320,82.6,52.3,0.0
7523,0.216,ok,38.082,2247.320,82.6,52.3,0.0
7524,0.219,ok,38.082,2247.320,82.6,52.3,0.0
7525,0.173,ok,38.082,2247.320,82.6,52.3,0.0
7526,0.179,ok,38.082,2247.320,82.6,52.3,0.0
7527,0.159,ok,38.082,2247.320,82.6,52.3,0.0
7528,0.164,ok,38.082,2247.320,82.6,52.3,0.0
7529,0.167,ok,38.082,2247.320,82.6,52.3,0.0
7530,0.179,ok,38.082,2247.320,82.6,52.3,0.0
7531,0.163,ok,38.082,2247.320,82.6,52.3,0.0
7532,0.173,ok,38.082,2247.320,82.6,52.3,0.0
7533,0.159,ok,38.082,2247.320,82.6,52.3,0.0
7534,0.172,ok,38.082,2247.320,82.6,52.3,0.0
7535,0.166,ok,38.082,2247.320,82.6,52.3,0.0
7536,0.178,ok,38.082,2247.320,82.6,52.3,0.0
7537,0.160,ok,38.082,2247.320,82.6,52.3,0.0
7538,0.174,ok,38.082,2247.320,82.6,52.3,0.0
7539,0.161,ok,38.082,2247.320,82.6,52.3,0.0
7540,0.174,ok,38.082,2247.320,82.6,52.3,0.0
7541,0.182,ok,38.082,2247.320,82.6,52.3,0.0
7542,0.223,ok,38.082,2247.320,82.6,52.3,0.0
7543,0.172,ok,38.082,2247.320,82.6,52.3,0.0
7544,0.179,ok,38.082,2247.320,82.6,52.3,0.0
7545,0.171,ok,38.082,2247.320,82.6,52.3,0.0
7546,0.190,ok,38.082,2247.320,82.6,52.3,0.0
7547,0.190,ok,38.082,2247.320,82.6,52.3,0.0
7548,0.185,ok,38.082,2247.320,82.6,52.3,0.0
7549,0.253,ok,38.082,2247.320,82.6,52.3,0.0
7550,0.226,ok,38.082,2247.320,82.6,52.3,0.0
7551,0.266,ok,38.082,2247.320,82.6,52.3,0.0
7552,0.198,ok,38.082,2247.320,82.6,52.3,0.0
7553,0.201,ok,38.082,2247.320,82.6,52.3,0.0
7554,0.183,ok,38.082,2247.320,82.6,52.3,0.0
7555,0.187,ok,38.082,2247.320,82.6,52.3,0.0
7556,0.188,ok,38.082,2247.320,82.6,52.3,0.0
7557,0.189,ok,38.082,2247.320,82.6,52.3,0.0
7558,0.183,ok,38.082,2247.320,82.6,52.3,0.0
7559,0.185,ok,38.082,2247.320,82.6,52.3,0.0
7560,0.178,ok,38.082,2247.320,82.6,52.3,0.0
7561,0.187,ok,38.082,2247.320,82.6,52.3,0.0
7562,0.183,ok,38.082,2247.320,82.6,52.3,0.0
7563,0.222,ok,38.082,2247.320,82.6,52.3,0.0
7564,0.181,ok,38.082,2247.320,82.6,52.3,0.0
7565,0.181,ok,38.082,2247.320,82.6,52.3,0.0
7566,0.203,ok,38.082,2247.320,82.6,52.3,0.0
7567,0.192,ok,38.082,2247.320,82.6,52.3,0.0
7568,0.171,ok,38.082,2247.320,82.6,52.3,0.0
7569,0.174,ok,38.082,2247.320,82.6,52.3,0.0
7570,0.186,ok,38.082,2247.320,82.6,52.3,0.0
7571,0.169,ok,38.082,2247.320,82.6,52.3,0.0
7572,0.193,ok,38.082,2247.320,82.6,52.3,0.0
7573,0.194,ok,38.082,2247.320,82.6,52.3,0.0
7574,0.176,ok,38.082,2247.320,82.6,52.3,0.0
7575,0.160,ok,38.082,2247.320,82.6,52.3,0.0
7576,0.177,ok,38.082,2247.320,82.6,52.3,0.0
7577,0.213,ok,38.082,2247.320,82.6,52.3,0.0
7578,0.234,ok,38.082,2247.320,82.6,52.3,0.0
7579,0.184,ok,38.082,2247.320,82.6,52.3,0.0
7580,0.184,ok,38.082,2247.320,82.6,52.3,0.0
7581,0.193,ok,38.082,2247.320,82.6,52.3,0.0
7582,0.214,ok,38.082,2247.320,82.6,52.3,0.0
7583,0.189,ok,38.082,2247.320,82.6,52.3,0.0
7584,0.236,ok,38.082,2247.320,82.6,52.3,0.0
7585,0.207,ok,38.082,2247.320,82.6,52.3,0.0
7586,0.192,ok,38.082,2247.320,82.6,52.3,0.0
7587,0.202,ok,38.082,2247.320,82.6,52.3,0.0
7588,0.196,ok,38.082,2247.320,82.6,52.3,0.0
7589,0.184,ok,38.082,2247.320,82.6,52.3,0.0
7590,0.185,ok,38.082,2247.320,82.6,52.3,0.0
7591,0.214,ok,38.082,2247.320,82.6,52.3,0.0
7592,0.222,ok,38.082,2247.320,82.6,52.3,0.0
7593,0.195,ok,38.082,2247.320,82.6,52.3,0.0
7594,0.168,ok,38.082,2247.320,82.6,52.3,0.0
7595,0.145,ok,38.082,2247.320,82.6,52.3,0.0
7596,0.146,ok,38.082,2247.320,82.6,52.3,0.0
7597,0.149,ok,38.082,2247.320,82.6,52.3,0.0
7598,0.148,ok,38.082,2247.320,82.6,52.3,0.0
7599,0.151,ok,38.082,2247.320,82.6,52.3,0.0
7600,0.146,ok,38.082,2247.320,82.6,52.3,0.0
7601,0.165,ok,38.082,2247.320,82.6,52.3,0.0
7602,0.162,ok,38.082,2247.320,82.6,52.3,0.0
7603,0.165,ok,38.082,2247.320,82.6,52.3,0.0
7604,0.148,ok,38.082,2247.320,82.6,52.3,0.0
7605,0.157,ok,38.082,2247.320,82.6,52.3,0.0
7606,0.185,ok,38.082,2247.320,82.6,52.3,0.0
7607,0.143,ok,38.082,2247.320,82.6,52.3,0.0
7608,0.143,ok,38.082,2247.320,82.6,52.3,0.0
7609,0.147,ok,38.082,2247.320,82.6,52.3,0.0
7610,0.142,ok,38.082,2247.320,82.6,52.3,0.0
7611,0.149,ok,38.082,2247.320,82.6,52.3,0.0
7612,0.145,ok,38.082,2247.320,82.6,52.3,0.0
7613,0.146,ok,38.082,2247.320,82.6,52.3,0.0
7614,0.142,ok,38.082,2247.320,82.6,52.3,0.0
7615,0.143,ok,38.082,2247.320,82.6,52.3,0.0
7616,0.143,ok,38.082,2247.320,82.6,52.3,0.0
7617,0.149,ok,38.082,2247.320,82.6,52.3,0.0
7618,0.146,ok,38.082,2247.320,82.6,52.3,0.0
7619,0.147,ok,38.082,2247.320,82.6,52.3,0.0
7620,0.154,ok,38.082,2247.320,82.6,52.3,0.0
7621,0.153,ok,38.082,2247.320,82.6,52.3,0.0
7622,0.144,ok,38.082,2247.320,82.6,52.3,0.0
7623,0.150,ok,38.082,2247.320,82.6,52.3,0.0
7624,0.159,ok,38.082,2247.320,82.6,52.3,0.0
7625,0.213,ok,38.082,2247.320,82.6,52.3,0.0
7626,0.155,ok,38.082,2247.320,82.6,52.3,0.0
7627,0.177,ok,38.082,2247.320,82.6,52.3,0.0
7628,0.133,ok,38.082,2247.320,82.6,52.3,0.0
7629,0.132,ok,38.082,2247.320,82.6,52.3,0.0
7630,0.128,ok,38.082,2247.320,82.6,52.3,0.0
7631,0.141,ok,38.082,2247.320,82.6,52.3,0.0
7632,0.144,ok,38.082,2247.320,82.6,52.3,0.0
7633,0.147,ok,38.082,2247.320,82.6,52.3,0.0
7634,0.154,ok,38.082,2247.320,82.6,52.3,0.0
7635,0.186,ok,38.082,2247.320,82.6,52.3,0.0
7636,0.192,ok,38.082,2247.320,82.6,52.3,0.0
7637,0.181,ok,38.082,2247.320,82.6,52.3,0.0
7638,0.204,ok,38.082,2247.320,82.6,52.3,0.0
7639,0.204,ok,38.082,2247.320,82.6,52.3,0.0
7640,0.265,ok,38.082,2247.320,82.6,52.3,0.0
7641,0.189,ok,38.082,2247.320,82.6,52.3,0.0
7642,0.204,ok,38.082,2247.320,82.6,52.3,0.0
7643,0.183,ok,38.082,2247.320,82.6,52.3,0.0
7644,0.194,ok,38.082,2247.320,82.6,52.3,0.0
7645,0.178,ok,38.082,2247.320,82.6,52.3,0.0
7646,0.201,ok,38.082,2247.320,82.6,52.3,0.0
7647,0.185,ok,38.082,2247.320,82.6,52.3,0.0
7648,0.234,ok,38.082,2247.320,82.6,52.3,0.0
7649,0.182,ok,38.082,2247.320,82.6,52.3,0.0
7650,0.191,ok,38.082,2247.320,82.6,52.3,0.0
7651,0.178,ok,38.082,2247.320,82.6,52.3,0.0
7652,0.194,ok,38.082,2247.320,82.6,52.3,0.0
7653,0.193,ok,38.082,2247.320,82.6,52.3,0.0
7654,0.193,ok,38.082,2247.320,82.6,52.3,0.0
7655,0.221,ok,38.082,2247.320,82.6,52.3,0.0
7656,0.234,ok,38.082,2247.320,82.6,52.3,0.0
7657,0.192,ok,38.082,2247.320,82.6,52.3,0.0
7658,0.239,ok,38.082,2247.320,82.6,52.3,0.0
7659,0.212,ok,38.082,2247.320,82.6,52.3,0.0
7660,0.206,ok,38.082,2247.320,82.6,52.3,0.0
7661,0.191,ok,38.082,2247.320,82.6,52.3,0.0
7662,0.230,ok,38.082,2247.320,82.6,52.3,0.0
7663,0.191,ok,38.082,2247.320,82.6,52.3,0.0
7664,0.200,ok,38.082,2247.320,82.6,52.3,0.0
7665,0.217,ok,38.082,2247.320,82.6,52.3,0.0
7666,0.225,ok,38.082,2247.320,82.6,52.3,0.0
7667,0.196,ok,38.082,2247.320,82.6,52.3,0.0
7668,0.204,ok,38.082,2247.320,82.6,52.3,0.0
7669,0.219,ok,38.082,2247.320,82.6,52.3,0.0
7670,0.268,ok,38.082,2247.320,82.6,52.3,0.0
7671,0.202,ok,38.082,2247.320,82.6,52.3,0.0
7672,0.202,ok,38.082,2247.320,82.6,52.3,0.0
7673,0.224,ok,38.082,2247.320,82.6,52.3,0.0
7674,0.199,ok,38.082,2247.320,82.6,52.3,0.0
7675,0.214,ok,38.082,2247.320,82.6,52.3,0.0
7676,0.211,ok,38.082,2247.320,82.6,52.3,0.0
7677,0.248,ok,38.082,2247.320,82.6,52.3,0.0
7678,0.241,ok,38.082,2247.320,82.6,52.3,0.0
7679,0.204,ok,38.082,2247.320,82.6,52.3,0.0
7680,0.216,ok,38.082,2247.320,82.6,52.3,0.0
7681,0.226,ok,38.082,2247.320,82.6,52.3,0.0
7682,0.229,ok,38.082,2247.320,82.6,52.3,0.0
7683,0.204,ok,38.082,2247.320,82.6,52.3,0.0
7684,0.208,ok,38.082,2247.320,82.6,52.3,0.0
7685,0.218,ok,38.082,2247.320,82.6,52.3,0.0
7686,0.206,ok,38.082,2247.320,82.6,52.3,0.0
7687,0.220,ok,38.082,2247.320,82.6,52.3,0.0
7688,0.225,ok,38.082,2247.320,82.6,52.3,0.0
7689,0.232,ok,38.082,2247.320,82.6,52.3,0.0
7690,0.224,ok,38.082,2247.320,82.6,52.3,0.0
7691,0.261,ok,38.082,2247.320,82.6,52.3,0.0
7692,0.225,ok,38.082,2247.320,82.6,52.3,0.0
7693,0.209,ok,38.082,2247.320,82.6,52.3,0.0
7694,0.212,ok,38.082,2247.320,82.6,52.3,0.0
7695,0.202,ok,38.082,2247.320,82.6,52.3,0.0
7696,0.198,ok,38.082,2247.320,82.6,52.3,0.0
7697,0.193,ok,38.082,2247.320,82.6,52.3,0.0
7698,0.192,ok,38.082,2247.320,82.6,52.3,0.0
7699,0.197,ok,38.082,2247.320,82.6,52.3,0.0
7700,0.204,ok,38.082,2247.320,82.6,52.3,0.0
7701,0.207,ok,38.082,2247.320,82.6,52.3,0.0
7702,0.186,ok,38.082,2247.320,82.6,52.3,0.0
7703,0.197,ok,38.082,2247.320,82.6,52.3,0.0
7704,0.190,ok,38.082,2247.320,82.6,52.3,0.0
7705,0.214,ok,38.082,2247.320,82.6,52.3,0.0
7706,0.196,ok,38.082,2247.320,82.6,52.3,0.0
7707,0.196,ok,38.082,2247.320,82.6,52.3,0.0
7708,0.190,ok,38.082,2247.320,82.6,52.3,0.0
7709,0.247,ok,38.082,2247.320,82.6,52.3,0.0
7710,0.270,ok,38.082,2247.320,82.6,52.3,0.0
7711,0.250,ok,38.082,2247.320,82.6,52.3,0.0
7712,0.289,ok,38.082,2247.320,82.6,52.3,0.0
7713,0.318,ok,38.082,2247.320,82.6,52.3,0.0
7714,0.317,ok,38.082,2247.320,82.6,52.3,0.0
7715,0.375,ok,38.082,2247.320,82.6,52.3,0.0
7716,0.272,ok,38.082,2247.320,82.6,52.3,0.0
7717,0.292,ok,38.082,2247.320,82.6,52.3,0.0
7718,0.277,ok,38.082,2247.320,82.6,52.3,0.0
7719,0.374,ok,38.082,2247.320,82.6,52.3,0.0
7720,0.294,ok,38.082,2247.320,82.6,52.3,0.0
7721,0.244,ok,38.082,2247.320,82.6,52.3,0.0
7722,0.240,ok,38.082,2247.320,82.6,52.3,0.0
7723,0.258,ok,38.082,2247.320,82.6,52.3,0.0
7724,0.251,ok,38.082,2247.320,82.6,52.3,0.0
7725,0.227,ok,38.082,2247.320,82.6,52.3,0.0
7726,0.227,ok,38.082,2247.320,82.6,52.3,0.0
7727,0.225,ok,38.082,2247.320,82.6,52.3,0.0
7728,0.223,ok,38.082,2247.320,82.6,52.3,0.0
7729,0.218,ok,38.082,2247.320,82.6,52.3,0.0
7730,0.219,ok,38.082,2247.320,82.6,52.3,0.0
7731,0.230,ok,38.082,2247.320,82.6,52.3,0.0
7732,0.226,ok,38.082,2247.320,82.6,52.3,0.0
7733,0.242,ok,38.082,2247.320,82.6,52.3,0.0
7734,0.300,ok,38.082,2247.320,82.6,52.3,0.0
7735,0.241,ok,38.082,2247.320,82.6,52.3,0.0
7736,0.222,ok,38.082,2247.320,82.6,52.3,0.0
7737,0.218,ok,38.082,2247.320,82.6,52.3,0.0
7738,0.231,ok,38.082,2247.320,82.6,52.3,0.0
7739,0.285,ok,38.082,2247.320,82.6,52.3,0.0
7740,0.288,ok,38.082,2247.320,82.6,52.3,0.0
7741,0.268,ok,38.082,2247.320,82.6,52.3,0.0
7742,0.284,ok,38.082,2247.320,82.6,52.3,0.0
7743,0.317,ok,38.082,2247.320,82.6,52.3,0.0
7744,0.255,ok,38.082,2247.320,82.6,52.3,0.0
7745,0.212,ok,38.082,2247.320,82.6,52.3,0.0
7746,0.201,ok,38.082,2247.320,82.6,52.3,0.0
7747,0.192,ok,38.082,2247.320,82.6,52.3,0.0
7748,0.187,ok,38.082,2247.320,82.6,52.3,0.0
7749,0.174,ok,38.082,2247.320,82.6,52.3,0.0
7750,0.188,ok,38.082,2247.320,82.6,52.3,0.0
7751,0.208,ok,38.082,2247.320,82.6,52.3,0.0
7752,0.199,ok,38.082,2247.320,82.6,52.3,0.0
7753,0.209,ok,38.082,2247.320,82.6,52.3,0.0
7754,0.232,ok,38.082,2247.320,82.6,52.3,0.0
7755,0.271,ok,38.082,2247.320,82.6,52.3,0.0
7756,0.212,ok,38.082,2247.320,82.6,52.3,0.0
7757,0.216,ok,38.082,2247.320,82.6,52.3,0.0
7758,0.208,ok,38.082,2247.320,82.6,52.3,0.0
7759,0.199,ok,38.082,2247.320,82.6,52.3,0.0
7760,0.206,ok,38.082,2247.320,82.6,52.3,0.0
7761,0.299,ok,38.082,2247.320,82.6,52.3,0.0
7762,0.242,ok,38.082,2247.320,82.6,52.3,0.0
7763,0.206,ok,38.082,2247.320,82.6,52.3,0.0
7764,0.189,ok,38.082,2247.320,82.6,52.3,0.0
7765,0.187,ok,38.082,2247.320,82.6,52.3,0.0
7766,0.189,ok,38.082,2247.320,82.6,52.3,0.0
7767,0.248,ok,38.082,2247.320,82.6,52.3,0.0
7768,0.236,ok,38.082,2247.320,82.6,52.3,0.0
7769,0.225,ok,38.082,2247.320,82.6,52.3,0.0
7770,0.229,ok,38.082,2247.320,82.6,52.3,0.0
7771,0.223,ok,38.082,2247.320,82.6,52.3,0.0
7772,0.220,ok,38.082,2247.320,82.6,52.3,0.0
7773,0.235,ok,38.082,2247.320,82.6,52.3,0.0
7774,0.234,ok,38.082,2247.320,82.6,52.3,0.0
7775,0.225,ok,38.082,2247.320,82.6,52.3,0.0
7776,0.259,ok,38.082,2247.320,82.6,52.3,0.0
7777,0.226,ok,38.082,2247.320,82.6,52.3,0.0
7778,0.228,ok,38.082,2247.320,82.6,52.3,0.0
7779,0.229,ok,38.082,2247.320,82.6,52.3,0.0
7780,0.223,ok,38.082,2247.320,82.6,52.3,0.0
7781,0.219,ok,38.082,2247.320,82.6,52.3,0.0
7782,0.220,ok,38.082,2247.320,82.6,52.3,0.0
7783,0.231,ok,38.082,2247.320,82.6,52.3,0.0
7784,0.258,ok,38.082,2247.320,82.6,52.3,0.0
7785,0.222,ok,38.082,2247.320,82.6,52.3,0.0
7786,0.219,ok,38.082,2247.320,82.6,52.3,0.0
7787,0.224,ok,38.082,2247.320,82.6,52.3,0.0
7788,0.265,ok,38.082,2247.320,82.6,52.3,0.0
7789,0.231,ok,38.082,2247.320,82.6,52.3,0.0
7790,0.213,ok,38.082,2247.320,82.6,52.3,0.0
7791,0.215,ok,38.082,2247.320,82.6,52.3,0.0
7792,0.223,ok,38.082,2247.320,82.6,52.3,0.0
7793,0.215,ok,38.082,2247.320,82.6,52.3,0.0
7794,0.205,ok,38.082,2247.320,82.6,52.3,0.0
7795,0.201,ok,38.082,2247.320,82.6,52.3,0.0
7796,0.275,ok,38.082,2247.320,82.6,52.3,0.0
7797,0.203,ok,38.082,2247.320,82.6,52.3,0.0
7798,0.264,ok,38.082,2247.320,82.6,52.3,0.0
7799,0.200,ok,38.082,2247.320,82.6,52.3,0.0
7800,0.202,ok,38.082,2247.320,82.6,52.3,0.0
7801,0.232,ok,38.082,2247.320,82.6,52.3,0.0
7802,0.277,ok,38.082,2247.320,82.6,52.3,0.0
7803,0.302,ok,38.082,2247.320,82.6,52.3,0.0
7804,0.262,ok,38.082,2247.320,82.6,52.3,0.0
7805,0.286,ok,38.082,2247.320,82.6,52.3,0.0
7806,0.258,ok,38.082,2247.320,82.6,52.3,0.0
7807,0.247,ok,38.082,2247.320,82.6,52.3,0.0
7808,0.261,ok,38.082,2247.320,82.6,52.3,0.0
7809,0.278,ok,38.082,2247.320,82.6,52.3,0.0
7810,0.283,ok,38.082,2247.320,82.6,52.3,0.0
7811,0.332,ok,38.082,2247.320,82.6,52.3,0.0
7812,0.206,ok,38.082,2247.320,82.6,52.3,0.0
7813,0.188,ok,38.082,2247.320,82.6,52.3,0.0
7814,0.246,ok,38.082,2247.320,82.6,52.3,0.0
7815,0.234,ok,38.082,2247.320,82.6,52.3,0.0
7816,0.202,ok,38.082,2247.320,82.6,52.3,0.0
7817,0.182,ok,38.082,2247.320,82.6,52.3,0.0
7818,0.156,ok,38.082,2247.320,82.6,52.3,0.0
7819,0.209,ok,38.082,2247.320,82.6,52.3,0.0
7820,0.223,ok,38.082,2247.320,82.6,52.3,0.0
7821,0.236,ok,38.082,2247.320,82.6,52.3,0.0
7822,0.219,ok,38.082,2247.320,82.6,52.3,0.0
7823,0.223,ok,38.082,2247.320,82.6,52.3,0.0
7824,0.209,ok,38.082,2247.320,82.6,52.3,0.0
7825,0.220,ok,38.082,2247.320,82.6,52.3,0.0
7826,0.223,ok,38.082,2247.320,82.6,52.3,0.0
7827,0.315,ok,38.082,2247.320,82.6,52.3,0.0
7828,0.200,ok,38.082,2247.320,82.6,52.3,0.0
7829,0.182,ok,38.082,2247.320,82.6,52.3,0.0
7830,0.184,ok,38.082,2247.320,82.6,52.3,0.0
7831,0.184,ok,38.082,2247.320,82.6,52.3,0.0
7832,0.191,ok,38.082,2247.320,82.6,52.3,0.0
7833,0.222,ok,38.082,2247.320,82.6,52.3,0.0
7834,0.180,ok,38.082,2247.320,82.6,52.3,0.0
7835,0.175,ok,38.082,2247.320,82.6,52.3,0.0
7836,0.160,ok,38.082,2247.320,82.6,52.3,0.0
7837,0.162,ok,38.082,2247.320,82.6,52.3,0.0
7838,0.225,ok,38.082,2247.320,82.6,52.3,0.0
7839,0.241,ok,38.082,2247.320,82.6,52.3,0.0
7840,0.262,ok,38.082,2247.320,82.6,52.3,0.0
7841,0.196,ok,38.082,2247.320,82.6,52.3,0.0
7842,0.183,ok,38.082,2247.320,82.6,52.3,0.0
7843,0.177,ok,38.082,2247.320,82.6,52.3,0.0
7844,0.212,ok,38.082,2247.320,82.6,52.3,0.0
7845,0.171,ok,38.082,2247.320,82.6,52.3,0.0
7846,0.166,ok,38.082,2247.320,82.6,52.3,0.0
7847,0.162,ok,38.082,2247.320,82.6,52.3,0.0
7848,0.174,ok,38.082,2247.320,82.6,52.3,0.0
7849,0.160,ok,38.082,2247.320,82.6,52.3,0.0
7850,0.162,ok,38.082,2247.320,82.6,52.3,0.0
7851,0.172,ok,38.082,2247.320,82.6,52.3,0.0
7852,0.179,ok,38.082,2247.320,82.6,52.3,0.0
7853,0.165,ok,38.082,2247.320,82.6,52.3,0.0
7854,0.164,ok,38.082,2247.320,82.6,52.3,0.0
7855,0.161,ok,38.082,2247.320,82.6,52.3,0.0
7856,0.162,ok,38.082,2247.320,82.6,52.3,0.0
7857,0.316,ok,38.082,2247.320,82.6,52.3,0.0
7858,0.261,ok,38.082,2247.320,82.6,52.3,0.0
7859,0.319,ok,38.082,2247.320,82.6,52.3,0.0
7860,0.354,ok,38.082,2247.320,82.6,52.3,0.0
7861,0.311,ok,38.082,2247.320,82.6,52.3,0.0
7862,0.446,ok,38.082,2247.320,82.6,52.3,0.0
7863,0.309,ok,38.082,2247.320,82.6,52.3,0.0
7864,0.261,ok,38.082,2247.320,82.6,52.3,0.0
7865,0.251,ok,38.082,2247.320,82.6,52.3,0.0
7866,0.249,ok,38.082,2247.320,82.6,52.3,0.0
7867,0.241,ok,38.082,2247.320,82.6,52.3,0.0
7868,0.244,ok,38.082,2247.320,82.6,52.3,0.0
7869,0.246,ok,38.082,2247.320,82.6,52.3,0.0
7870,0.262,ok,38.082,2247.320,82.6,52.3,0.0
7871,0.274,ok,38.082,2247.320,82.6,52.3,0.0
7872,0.273,ok,38.082,2247.320,82.6,52.3,0.0
7873,0.250,ok,38.082,2247.320,82.6,52.3,0.0
7874,0.253,ok,38.082,2247.320,82.6,52.3,0.0
7875,0.254,ok,38.082,2247.320,82.6,52.3,0.0
7876,0.338,ok,38.082,2247.320,82.6,52.3,0.0
7877,0.333,ok,38.082,2247.320,82.6,52.3,0.0
7878,0.226,ok,38.082,2247.320,82.6,52.3,0.0
7879,0.222,ok,38.082,2247.320,82.6,52.3,0.0
7880,0.215,ok,38.082,2247.320,82.6,52.3,0.0
7881,0.296,ok,38.082,2247.320,82.6,52.3,0.0
7882,0.280,ok,38.082,2247.320,82.6,52.3,0.0
7883,0.285,ok,38.082,2247.320,82.6,52.3,0.0
7884,0.225,ok,38.082,2247.320,82.6,52.3,0.0
7885,0.225,ok,38.082,2247.320,82.6,52.3,0.0
7886,0.210,ok,38.082,2247.320,82.6,52.3,0.0
7887,0.234,ok,38.082,2247.320,82.6,52.3,0.0
7888,0.190,ok,38.082,2247.320,82.6,52.3,0.0
7889,0.176,ok,38.082,2247.320,82.6,52.3,0.0
7890,0.178,ok,38.082,2247.320,82.6,52.3,0.0
7891,0.235,ok,38.082,2247.320,82.6,52.3,0.0
7892,0.216,ok,38.082,2247.320,82.6,52.3,0.0
7893,0.215,ok,38.082,2247.320,82.6,52.3,0.0
7894,0.178,ok,38.082,2247.320,82.6,52.3,0.0
7895,0.175,ok,38.082,2247.320,82.6,52.3,0.0
7896,0.192,ok,38.082,2247.320,82.6,52.3,0.0
7897,0.208,ok,38.082,2247.320,82.6,52.3,0.0
7898,0.328,ok,38.082,2247.320,82.6,52.3,0.0
7899,0.338,ok,38.082,2247.320,82.6,52.3,0.0
7900,0.317,ok,38.082,2247.320,82.6,52.3,0.0
7901,0.425,ok,38.082,2247.320,82.6,52.3,0.0
7902,0.331,ok,38.082,2247.320,82.6,52.3,0.0
7903,0.284,ok,38.082,2247.320,82.6,52.3,0.0
7904,0.340,ok,38.082,2247.320,82.6,52.3,0.0
7905,0.320,ok,38.082,2247.320,82.6,52.3,0.0
7906,0.246,ok,38.082,2247.320,82.6,52.3,0.0
7907,0.235,ok,38.082,2247.320,82.6,52.3,0.0
7908,0.303,ok,38.082,2247.320,82.6,52.3,0.0
7909,0.244,ok,38.082,2247.320,82.6,52.3,0.0
7910,0.231,ok,38.082,2247.320,82.6,52.3,0.0
7911,0.250,ok,38.082,2247.320,82.6,52.3,0.0
7912,0.241,ok,38.082,2247.320,82.6,52.3,0.0
7913,0.261,ok,38.082,2247.320,82.6,52.3,0.0
7914,0.250,ok,38.082,2247.320,82.6,52.3,0.0
7915,0.286,ok,38.082,2247.320,82.6,52.3,0.0
7916,0.195,ok,38.082,2247.320,82.6,52.3,0.0
7917,0.173,ok,38.082,2247.320,82.6,52.3,0.0
7918,0.152,ok,38.082,2247.320,82.6,52.3,0.0
7919,0.147,ok,38.082,2247.320,82.6,52.3,0.0
7920,0.140,ok,38.082,2247.320,82.6,52.3,0.0
7921,0.135,ok,38.082,2247.320,82.6,52.3,0.0
7922,0.129,ok,38.082,2247.320,82.6,52.3,0.0
7923,0.164,ok,38.082,2247.320,82.6,52.3,0.0
7924,0.190,ok,38.082,2247.320,82.6,52.3,0.0
7925,0.247,ok,38.082,2247.320,82.6,52.3,0.0
7926,0.230,ok,38.082,2247.320,82.6,52.3,0.0
7927,0.173,ok,38.082,2247.320,82.6,52.3,0.0
7928,0.160,ok,38.082,2247.320,82.6,52.3,0.0
7929,0.171,ok,38.082,2247.320,82.6,52.3,0.0
7930,0.159,ok,38.082,2247.320,82.6,52.3,0.0
7931,0.162,ok,38.082,2247.320,82.6,52.3,0.0
7932,0.170,ok,38.082,2247.320,82.6,52.3,0.0
7933,0.162,ok,38.082,2247.320,82.6,52.3,0.0
7934,0.156,ok,38.082,2247.320,82.6,52.3,0.0
7935,0.173,ok,38.082,2247.320,82.6,52.3,0.0
7936,0.201,ok,38.082,2247.320,82.6,52.3,0.0
7937,0.166,ok,38.082,2247.320,82.6,52.3,0.0
7938,0.156,ok,38.082,2247.320,82.6,52.3,0.0
7939,0.160,ok,38.082,2247.320,82.6,52.3,0.0
7940,0.156,ok,38.082,2247.320,82.6,52.3,0.0
7941,0.211,ok,38.082,2247.320,82.6,52.3,0.0
7942,0.210,ok,38.082,2247.320,82.6,52.3,0.0
7943,0.199,ok,38.082,2247.320,82.6,52.3,0.0
7944,0.176,ok,38.082,2247.320,82.6,52.3,0.0
7945,0.185,ok,38.082,2247.320,82.6,52.3,0.0
7946,0.182,ok,38.082,2247.320,82.6,52.3,0.0
7947,0.206,ok,38.082,2247.320,82.6,52.3,0.0
7948,0.167,ok,38.082,2247.320,82.6,52.3,0.0
7949,0.204,ok,38.082,2247.320,82.6,52.3,0.0
7950,0.165,ok,38.082,2247.320,82.6,52.3,0.0
7951,0.166,ok,38.082,2247.320,82.6,52.3,0.0
7952,0.167,ok,38.082,2247.320,82.6,52.3,0.0
7953,0.165,ok,38.082,2247.320,82.6,52.3,0.0
7954,0.160,ok,38.082,2247.320,82.6,52.3,0.0
7955,0.161,ok,38.082,2247.320,82.6,52.3,0.0
7956,0.166,ok,38.082,2247.320,82.6,52.3,0.0
7957,0.165,ok,38.082,2247.320,82.6,52.3,0.0
7958,0.165,ok,38.082,2247.320,82.6,52.3,0.0
7959,0.165,ok,38.082,2247.320,82.6,52.3,0.0
7960,0.197,ok,38.082,2247.320,82.6,52.3,0.0
7961,0.157,ok,38.082,2247.320,82.6,52.3,0.0
7962,0.162,ok,38.082,2247.320,82.6,52.3,0.0
7963,0.165,ok,38.082,2247.320,82.6,52.3,0.0
7964,0.168,ok,38.082,2247.320,82.6,52.3,0.0
7965,0.185,ok,38.082,2247.320,82.6,52.3,0.0
7966,0.185,ok,38.082,2247.320,82.6,52.3,0.0
7967,0.166,ok,38.082,2247.320,82.6,52.3,0.0
7968,0.193,ok,38.082,2247.320,82.6,52.3,0.0
7969,0.172,ok,38.082,2247.320,82.6,52.3,0.0
7970,0.172,ok,38.082,2247.320,82.6,52.3,0.0
7971,0.270,ok,38.082,2247.320,82.6,52.3,0.0
7972,0.238,ok,38.082,2247.320,82.6,52.3,0.0
7973,0.260,ok,38.082,2247.320,82.6,52.3,0.0
7974,0.228,ok,38.082,2247.320,82.6,52.3,0.0
7975,0.214,ok,38.082,2247.320,82.6,52.3,0.0
7976,0.213,ok,38.082,2247.320,82.6,52.3,0.0
7977,0.208,ok,38.082,2247.320,82.6,52.3,0.0
7978,0.228,ok,38.082,2247.320,82.6,52.3,0.0
7979,0.213,ok,38.082,2247.320,82.6,52.3,0.0
7980,0.212,ok,38.082,2247.320,82.6,52.3,0.0
7981,0.207,ok,38.082,2247.320,82.6,52.3,0.0
7982,0.212,ok,38.082,2247.320,82.6,52.3,0.0
7983,0.234,ok,38.082,2247.320,82.6,52.3,0.0
7984,0.214,ok,38.082,2247.320,82.6,52.3,0.0
7985,0.206,ok,38.082,2247.320,82.6,52.3,0.0
7986,0.208,ok,38.082,2247.320,82.6,52.3,0.0
7987,0.313,ok,38.082,2247.320,82.6,52.3,0.0
7988,0.288,ok,38.082,2247.320,82.6,52.3,0.0
7989,0.252,ok,38.082,2247.320,82.6,52.3,0.0
7990,0.339,ok,38.082,2247.320,82.6,52.3,0.0
7991,0.355,ok,38.082,2247.320,82.6,52.3,0.0
7992,0.312,ok,38.082,2247.320,82.6,52.3,0.0
7993,0.336,ok,38.082,2247.320,82.6,52.3,0.0
7994,0.321,ok,38.082,2247.320,82.6,52.3,0.0
7995,0.278,ok,38.082,2247.320,82.6,52.3,0.0
7996,0.270,ok,38.082,2247.320,82.6,52.3,0.0
7997,0.284,ok,38.082,2247.320,82.6,52.3,0.0
7998,0.242,ok,38.082,2247.320,82.6,52.3,0.0
7999,0.204,ok,38.082,2247.320,82.6,52.3,0.0
8000,0.194,ok,38.082,2247.320,82.6,52.3,0.0
8001,0.261,ok,38.082,2247.320,82.6,52.3,0.0
8002,0.190,ok,38.082,2247.320,82.6,52.3,0.0
8003,0.171,ok,38.082,2247.320,82.6,52.3,0.0
8004,0.222,ok,38.082,2247.320,82.6,52.3,0.0
8005,0.202,ok,38.082,2247.320,82.6,52.3,0.0
8006,0.200,ok,38.082,2247.320,82.6,52.3,0.0
8007,0.234,ok,38.082,2247.320,82.6,52.3,0.0
8008,0.202,ok,38.082,2247.320,82.6,52.3,0.0
8009,0.186,ok,38.082,2247.320,82.6,52.3,0.0
8010,0.163,ok,38.082,2247.320,82.6,52.3,0.0
8011,0.256,ok,38.082,2247.320,82.6,52.3,0.0
8012,0.341,ok,38.082,2247.320,82.6,52.3,0.0
8013,0.244,ok,38.082,2247.320,82.6,52.3,0.0
8014,0.216,ok,38.082,2247.320,82.6,52.3,0.0
8015,0.221,ok,38.082,2247.320,82.6,52.3,0.0
8016,0.212,ok,38.082,2247.320,82.6,52.3,0.0
8017,0.206,ok,38.082,2247.320,82.6,52.3,0.0
8018,0.197,ok,38.082,2247.320,82.6,52.3,0.0
8019,0.193,ok,38.082,2247.320,82.6,52.3,0.0
8020,0.219,ok,38.082,2247.320,82.6,52.3,0.0
8021,0.377,ok,38.082,2247.320,82.6,52.3,0.0
8022,0.278,ok,38.082,2247.320,82.6,52.3,0.0
8023,0.251,ok,38.082,2247.320,82.6,52.3,0.0
8024,0.221,ok,38.082,2247.320,82.6,52.3,0.0
8025,0.247,ok,38.082,2247.320,82.6,52.3,0.0
8026,0.225,ok,38.082,2247.320,82.6,52.3,0.0
8027,0.216,ok,38.082,2247.320,82.6,52.3,0.0
8028,0.216,ok,38.082,2247.320,82.6,52.3,0.0
8029,0.238,ok,38.082,2247.320,82.6,52.3,0.0
8030,0.196,ok,38.082,2247.320,82.6,52.3,0.0
8031,0.190,ok,38.082,2247.320,82.6,52.3,0.0
8032,0.226,ok,38.082,2247.320,82.6,52.3,0.0
8033,0.211,ok,38.082,2247.320,82.6,52.3,0.0
8034,0.257,ok,38.082,2247.320,82.6,52.3,0.0
8035,0.235,ok,38.082,2247.320,82.6,52.3,0.0
8036,0.219,ok,38.082,2247.320,82.6,52.3,0.0
8037,0.219,ok,38.082,2247.320,82.6,52.3,0.0
8038,0.221,ok,38.082,2247.320,82.6,52.3,0.0
8039,0.281,ok,38.082,2247.320,82.6,52.3,0.0
8040,0.248,ok,38.082,2247.320,82.6,52.3,0.0
8041,0.231,ok,38.082,2247.320,82.6,52.3,0.0
8042,0.198,ok,38.082,2247.320,82.6,52.3,0.0
8043,0.423,ok,38.082,2247.320,82.6,52.3,0.0
8044,0.393,ok,38.082,2247.320,82.6,52.3,0.0
8045,0.302,ok,38.082,2247.320,82.6,52.3,0.0
8046,0.261,ok,38.082,2247.320,82.6,52.3,0.0
8047,0.389,ok,38.082,2247.320,82.6,52.3,0.0
8048,0.378,ok,38.082,2247.320,82.6,52.3,0.0
8049,0.272,ok,38.082,2247.320,82.6,52.3,0.0
8050,0.254,ok,38.082,2247.320,82.6,52.3,0.0
8051,0.271,ok,38.082,2247.320,82.6,52.3,0.0
8052,0.238,ok,38.082,2247.320,82.6,52.3,0.0
8053,0.201,ok,38.082,2247.320,82.6,52.3,0.0
8054,0.258,ok,38.082,2247.320,82.6,52.3,0.0
8055,0.183,ok,38.082,2247.320,82.6,52.3,0.0
8056,0.162,ok,38.082,2247.320,82.6,52.3,0.0
8057,0.156,ok,38.082,2247.320,82.6,52.3,0.0
8058,0.162,ok,38.082,2247.320,82.6,52.3,0.0
8059,0.148,ok,38.082,2247.320,82.6,52.3,0.0
8060,1.192,ok,38.082,2247.320,82.6,52.3,0.0
8061,1.034,ok,38.082,2247.320,82.6,52.3,0.0
8062,0.469,ok,38.082,2247.320,82.6,52.3,0.0
8063,0.306,ok,38.082,2247.320,82.6,52.3,0.0
8064,0.294,ok,38.082,2247.320,82.6,52.3,0.0
8065,0.212,ok,38.082,2247.320,82.6,52.3,0.0
8066,0.287,ok,38.082,2247.320,82.6,52.3,0.0
8067,0.243,ok,38.082,2247.320,82.6,52.3,0.0
8068,0.417,ok,38.082,2247.320,82.6,52.3,0.0
8069,0.348,ok,38.082,2247.320,82.6,52.3,0.0
8070,0.375,ok,38.082,2247.320,82.6,52.3,0.0
8071,0.330,ok,38.082,2247.320,82.6,52.3,0.0
8072,0.334,ok,38.082,2247.320,82.6,52.3,0.0
8073,0.284,ok,38.082,2247.320,82.6,52.3,0.0
8074,0.261,ok,38.082,2247.320,82.6,52.3,0.0
8075,0.327,ok,38.082,2247.320,82.6,52.3,0.0
8076,0.277,ok,38.082,2247.320,82.6,52.3,0.0
8077,0.269,ok,38.082,2247.320,82.6,52.3,0.0
8078,0.410,ok,38.082,2247.320,82.6,52.3,0.0
8079,0.377,ok,38.082,2247.320,82.6,52.3,0.0
8080,0.304,ok,38.082,2247.320,82.6,52.3,0.0
8081,0.339,ok,38.082,2247.320,82.6,52.3,0.0
8082,0.304,ok,38.082,2247.320,82.6,52.3,0.0
8083,0.318,ok,38.082,2247.320,82.6,52.3,0.0
8084,0.272,ok,38.082,2247.320,82.6,52.3,0.0
8085,0.238,ok,38.082,2247.320,82.6,52.3,0.0
8086,0.248,ok,38.082,2247.320,82.6,52.3,0.0
8087,0.247,ok,38.082,2247.320,82.6,52.3,0.0
8088,0.262,ok,38.082,2247.320,82.6,52.3,0.0
8089,0.248,ok,38.082,2247.320,82.6,52.3,0.0
8090,0.259,ok,38.082,2247.320,82.6,52.3,0.0
8091,0.307,ok,38.082,2247.320,82.6,52.3,0.0
8092,0.340,ok,38.082,2247.320,82.6,52.3,0.0
8093,0.239,ok,38.082,2247.320,82.6,52.3,0.0
8094,0.211,ok,38.082,2247.320,82.6,52.3,0.0
8095,0.226,ok,38.082,2247.320,82.6,52.3,0.0
8096,0.271,ok,38.082,2247.320,82.6,52.3,0.0
8097,0.183,ok,38.082,2247.320,82.6,52.3,0.0
8098,0.187,ok,38.082,2247.320,82.6,52.3,0.0
8099,0.187,ok,38.082,2247.320,82.6,52.3,0.0
8100,0.187,ok,38.082,2247.320,82.6,52.3,0.0
8101,0.223,ok,38.082,2247.320,82.6,52.3,0.0
8102,0.175,ok,38.082,2247.320,82.6,52.3,0.0
8103,0.166,ok,38.082,2247.320,82.6,52.3,0.0
8104,0.172,ok,38.082,2247.320,82.6,52.3,0.0
8105,0.207,ok,38.082,2247.320,82.6,52.3,0.0
8106,0.198,ok,38.082,2247.320,82.6,52.3,0.0
8107,0.405,ok,38.082,2247.320,82.6,52.3,0.0
8108,0.482,ok,38.082,2247.320,82.6,52.3,0.0
8109,0.365,ok,38.082,2247.320,82.6,52.3,0.0
8110,0.412,ok,38.082,2247.320,82.6,52.3,0.0
8111,0.298,ok,38.082,2247.320,82.6,52.3,0.0
8112,0.297,ok,38.082,2247.320,82.6,52.3,0.0
8113,0.292,ok,38.082,2247.320,82.6,52.3,0.0
8114,0.251,ok,38.082,2247.320,82.6,52.3,0.0
8115,0.277,ok,38.082,2247.320,82.6,52.3,0.0
8116,0.203,ok,38.082,2247.320,82.6,52.3,0.0
8117,0.216,ok,38.082,2247.320,82.6,52.3,0.0
8118,0.349,ok,38.082,2247.320,82.6,52.3,0.0
8119,0.372,ok,38.082,2247.320,82.6,52.3,0.0
8120,0.267,ok,38.082,2247.320,82.6,52.3,0.0
8121,0.295,ok,38.082,2247.320,82.6,52.3,0.0
8122,0.232,ok,38.082,2247.320,82.6,52.3,0.0
8123,0.197,ok,38.082,2247.320,82.6,52.3,0.0
8124,0.184,ok,38.082,2247.320,82.6,52.3,0.0
8125,0.202,ok,38.082,2247.320,82.6,52.3,0.0
8126,0.195,ok,38.082,2247.320,82.6,52.3,0.0
8127,0.181,ok,38.082,2247.320,82.6,52.3,0.0
8128,0.190,ok,38.082,2247.320,82.6,52.3,0.0
8129,0.350,ok,38.082,2247.320,82.6,52.3,0.0
8130,0.281,ok,38.082,2247.320,82.6,52.3,0.0
8131,0.272,ok,38.082,2247.320,82.6,52.3,0.0
8132,0.280,ok,38.082,2247.320,82.6,52.3,0.0
8133,0.286,ok,38.082,2247.320,82.6,52.3,0.0
8134,0.329,ok,38.082,2247.320,82.6,52.3,0.0
8135,0.260,ok,38.082,2247.320,82.6,52.3,0.0
8136,0.231,ok,38.082,2247.320,82.6,52.3,0.0
8137,0.230,ok,38.082,2247.320,82.6,52.3,0.0
8138,0.331,ok,38.082,2247.320,82.6,52.3,0.0
8139,0.391,ok,38.082,2247.320,82.6,52.3,0.0
8140,0.288,ok,38.082,2247.320,82.6,52.3,0.0
8141,0.218,ok,38.082,2247.320,82.6,52.3,0.0
8142,0.227,ok,38.082,2247.320,82.6,52.3,0.0
8143,0.220,ok,38.082,2247.320,82.6,52.3,0.0
8144,0.216,ok,38.082,2247.320,82.6,52.3,0.0
8145,0.196,ok,38.082,2247.320,82.6,52.3,0.0
8146,0.197,ok,38.082,2247.320,82.6,52.3,0.0
8147,0.197,ok,38.082,2247.320,82.6,52.3,0.0
8148,0.196,ok,38.082,2247.320,82.6,52.3,0.0
8149,0.204,ok,38.082,2247.320,82.6,52.3,0.0
8150,0.214,ok,38.082,2247.320,82.6,52.3,0.0
8151,0.226,ok,38.082,2247.320,82.6,52.3,0.0
8152,0.198,ok,38.082,2247.320,82.6,52.3,0.0
8153,0.190,ok,38.082,2247.320,82.6,52.3,0.0
8154,0.217,ok,38.082,2247.320,82.6,52.3,0.0
8155,0.226,ok,38.082,2247.320,82.6,52.3,0.0
8156,0.203,ok,38.082,2247.320,82.6,52.3,0.0
8157,0.191,ok,38.082,2247.320,82.6,52.3,0.0
8158,0.240,ok,38.082,2247.320,82.6,52.3,0.0
8159,0.194,ok,38.082,2247.320,82.6,52.3,0.0
8160,0.287,ok,38.082,2247.320,82.6,52.3,0.0
8161,0.217,ok,38.082,2247.320,82.6,52.3,0.0
8162,0.203,ok,38.082,2247.320,82.6,52.3,0.0
8163,0.204,ok,38.082,2247.320,82.6,52.3,0.0
8164,0.235,ok,38.082,2247.320,82.6,52.3,0.0
8165,0.223,ok,38.082,2247.320,82.6,52.3,0.0
8166,0.253,ok,38.082,2247.320,82.6,52.3,0.0
8167,0.212,ok,38.082,2247.320,82.6,52.3,0.0
8168,0.214,ok,38.082,2247.320,82.6,52.3,0.0
8169,0.198,ok,38.082,2247.320,82.6,52.3,0.0
8170,0.201,ok,38.082,2247.320,82.6,52.3,0.0
8171,0.195,ok,38.082,2247.320,82.6,52.3,0.0
8172,0.213,ok,38.082,2247.320,82.6,52.3,0.0
8173,0.210,ok,38.082,2247.320,82.6,52.3,0.0
8174,0.205,ok,38.082,2247.320,82.6,52.3,0.0
8175,0.203,ok,38.082,2247.320,82.6,52.3,0.0
8176,0.192,ok,38.082,2247.320,82.6,52.3,0.0
8177,0.207,ok,38.082,2247.320,82.6,52.3,0.0
8178,0.277,ok,38.082,2247.320,82.6,52.3,0.0
8179,0.223,ok,38.082,2247.320,82.6,52.3,0.0
8180,0.207,ok,38.082,2247.320,82.6,52.3,0.0
8181,0.217,ok,38.082,2247.320,82.6,52.3,0.0
8182,0.238,ok,38.082,2247.320,82.6,52.3,0.0
8183,0.242,ok,38.082,2247.320,82.6,52.3,0.0
8184,0.202,ok,38.082,2247.320,82.6,52.3,0.0
8185,0.199,ok,38.082,2247.320,82.6,52.3,0.0
8186,0.197,ok,38.082,2247.320,82.6,52.3,0.0
8187,0.225,ok,38.082,2247.320,82.6,52.3,0.0
8188,0.200,ok,38.082,2247.320,82.6,52.3,0.0
8189,0.209,ok,38.082,2247.320,82.6,52.3,0.0
8190,0.205,ok,38.082,2247.320,82.6,52.3,0.0
8191,0.233,ok,38.082,2247.320,82.6,52.3,0.0
8192,0.271,ok,38.082,2247.320,82.6,52.3,0.0
8193,0.224,ok,38.082,2247.320,82.6,52.3,0.0
8194,0.196,ok,38.082,2247.320,82.6,52.3,0.0
8195,0.213,ok,38.082,2247.320,82.6,52.3,0.0
8196,0.198,ok,38.082,2247.320,82.6,52.3,0.0
8197,0.195,ok,38.082,2247.320,82.6,52.3,0.0
8198,0.187,ok,38.082,2247.320,82.6,52.3,0.0
8199,0.191,ok,38.082,2247.320,82.6,52.3,0.0
8200,0.234,ok,38.082,2247.320,82.6,52.3,0.0
8201,0.231,ok,38.082,2247.320,82.6,52.3,0.0
8202,0.227,ok,38.082,2247.320,82.6,52.3,0.0
8203,0.272,ok,38.082,2247.320,82.6,52.3,0.0
8204,0.301,ok,38.082,2247.320,82.6,52.3,0.0
8205,0.288,ok,38.082,2247.320,82.6,52.3,0.0
8206,0.224,ok,38.082,2247.320,82.6,52.3,0.0
8207,0.205,ok,38.082,2247.320,82.6,52.3,0.0
8208,0.232,ok,38.082,2247.320,82.6,52.3,0.0
8209,0.206,ok,38.082,2247.320,82.6,52.3,0.0
8210,0.199,ok,38.082,2247.320,82.6,52.3,0.0
8211,0.195,ok,38.082,2247.320,82.6,52.3,0.0
8212,0.205,ok,38.082,2247.320,82.6,52.3,0.0
8213,0.205,ok,38.082,2247.320,82.6,52.3,0.0
8214,0.230,ok,38.082,2247.320,82.6,52.3,0.0
8215,0.225,ok,38.082,2247.320,82.6,52.3,0.0
8216,0.191,ok,38.082,2247.320,82.6,52.3,0.0
8217,0.197,ok,38.082,2247.320,82.6,52.3,0.0
8218,0.229,ok,38.082,2247.320,82.6,52.3,0.0
8219,0.261,ok,38.082,2247.320,82.6,52.3,0.0
8220,0.194,ok,38.082,2247.320,82.6,52.3,0.0
8221,0.182,ok,38.082,2247.320,82.6,52.3,0.0
8222,0.212,ok,38.082,2247.320,82.6,52.3,0.0
8223,0.186,ok,38.082,2247.320,82.6,52.3,0.0
8224,0.256,ok,38.082,2247.320,82.6,52.3,0.0
8225,0.185,ok,38.082,2247.320,82.6,52.3,0.0
8226,0.170,ok,38.082,2247.320,82.6,52.3,0.0
8227,0.177,ok,38.082,2247.320,82.6,52.3,0.0
8228,0.179,ok,38.082,2247.320,82.6,52.3,0.0
8229,0.204,ok,38.082,2247.320,82.6,52.3,0.0
8230,0.241,ok,38.082,2247.320,82.6,52.3,0.0
8231,0.219,ok,38.082,2247.320,82.6,52.3,0.0
8232,0.239,ok,38.082,2247.320,82.6,52.3,0.0
8233,0.197,ok,38.082,2247.320,82.6,52.3,0.0
8234,0.159,ok,38.082,2247.320,82.6,52.3,0.0
8235,0.140,ok,38.082,2247.320,82.6,52.3,0.0
8236,0.143,ok,38.082,2247.320,82.6,52.3,0.0
8237,0.196,ok,38.082,2247.320,82.6,52.3,0.0
8238,0.226,ok,38.082,2247.320,82.6,52.3,0.0
8239,0.198,ok,38.082,2247.320,82.6,52.3,0.0
8240,0.192,ok,38.082,2247.320,82.6,52.3,0.0
8241,0.189,ok,38.082,2247.320,82.6,52.3,0.0
8242,0.205,ok,38.082,2247.320,82.6,52.3,0.0
8243,0.218,ok,38.082,2247.320,82.6,52.3,0.0
8244,0.202,ok,38.082,2247.320,82.6,52.3,0.0
8245,0.191,ok,38.082,2247.320,82.6,52.3,0.0
8246,0.242,ok,38.082,2247.320,82.6,52.3,0.0
8247,0.203,ok,38.082,2247.320,82.6,52.3,0.0
8248,0.198,ok,38.082,2247.320,82.6,52.3,0.0
8249,0.194,ok,38.082,2247.320,82.6,52.3,0.0
8250,0.185,ok,38.082,2247.320,82.6,52.3,0.0
8251,0.303,ok,38.082,2247.320,82.6,52.3,0.0
8252,0.340,ok,38.082,2247.320,82.6,52.3,0.0
8253,0.336,ok,38.082,2247.320,82.6,52.3,0.0
8254,0.278,ok,38.082,2247.320,82.6,52.3,0.0
8255,0.476,ok,38.082,2247.320,82.6,52.3,0.0
8256,0.498,ok,38.082,2247.320,82.6,52.3,0.0
8257,0.403,ok,38.082,2247.320,82.6,52.3,0.0
8258,0.401,ok,38.082,2247.320,82.6,52.3,0.0
8259,0.406,ok,38.082,2247.320,82.6,52.3,0.0
8260,0.370,ok,38.082,2247.320,82.6,52.3,0.0
8261,0.331,ok,38.082,2247.320,82.6,52.3,0.0
8262,0.335,ok,38.082,2247.320,82.6,52.3,0.0
8263,0.239,ok,38.082,2247.320,82.6,52.3,0.0
8264,0.291,ok,38.082,2247.320,82.6,52.3,0.0
8265,0.255,ok,38.082,2247.320,82.6,52.3,0.0
8266,0.274,ok,38.082,2247.320,82.6,52.3,0.0
8267,0.266,ok,38.082,2247.320,82.6,52.3,0.0
8268,0.275,ok,38.082,2247.320,82.6,52.3,0.0
8269,0.250,ok,38.082,2247.320,82.6,52.3,0.0
8270,0.260,ok,38.082,2247.320,82.6,52.3,0.0
8271,0.224,ok,38.082,2247.320,82.6,52.3,0.0
8272,0.242,ok,38.082,2247.320,82.6,52.3,0.0
8273,0.212,ok,38.082,2247.320,82.6,52.3,0.0
8274,0.227,ok,38.082,2247.320,82.6,52.3,0.0
8275,0.217,ok,38.082,2247.320,82.6,52.3,0.0
8276,0.321,ok,38.082,2247.320,82.6,52.3,0.0
8277,0.354,ok,38.082,2247.320,82.6,52.3,0.0
8278,0.244,ok,38.082,2247.320,82.6,52.3,0.0
8279,0.226,ok,38.082,2247.320,82.6,52.3,0.0
8280,0.225,ok,38.082,2247.320,82.6,52.3,0.0
8281,0.235,ok,38.082,2247.320,82.6,52.3,0.0
8282,0.236,ok,38.082,2247.320,82.6,52.3,0.0
8283,0.236,ok,38.082,2247.320,82.6,52.3,0.0
8284,0.202,ok,38.082,2247.320,82.6,52.3,0.0
8285,0.230,ok,38.082,2247.320,82.6,52.3,0.0
8286,0.221,ok,38.082,2247.320,82.6,52.3,0.0
8287,0.224,ok,38.082,2247.320,82.6,52.3,0.0
8288,0.356,ok,38.082,2247.320,82.6,52.3,0.0
8289,0.263,ok,38.082,2247.320,82.6,52.3,0.0
8290,0.258,ok,38.082,2247.320,82.6,52.3,0.0
8291,0.278,ok,38.082,2247.320,82.6,52.3,0.0
8292,0.248,ok,38.082,2247.320,82.6,52.3,0.0
8293,0.231,ok,38.082,2247.320,82.6,52.3,0.0
8294,0.248,ok,38.082,2247.320,82.6,52.3,0.0
8295,0.224,ok,38.082,2247.320,82.6,52.3,0.0
8296,0.211,ok,38.082,2247.320,82.6,52.3,0.0
8297,0.215,ok,38.082,2247.320,82.6,52.3,0.0
8298,0.208,ok,38.082,2247.320,82.6,52.3,0.0
8299,0.211,ok,38.082,2247.320,82.6,52.3,0.0
8300,0.286,ok,38.082,2247.320,82.6,52.3,0.0
8301,0.236,ok,38.082,2247.320,82.6,52.3,0.0
8302,0.236,ok,38.082,2247.320,82.6,52.3,0.0
8303,0.228,ok,38.082,2247.320,82.6,52.3,0.0
8304,0.254,ok,38.082,2247.320,82.6,52.3,0.0
8305,0.190,ok,38.082,2247.320,82.6,52.3,0.0
8306,0.169,ok,38.082,2247.320,82.6,52.3,0.0
8307,0.178,ok,38.082,2247.320,82.6,52.3,0.0
8308,0.206,ok,38.082,2247.320,82.6,52.3,0.0
8309,0.193,ok,38.082,2247.320,82.6,52.3,0.0
8310,0.339,ok,38.082,2247.320,82.6,52.3,0.0
8311,0.258,ok,38.082,2247.320,82.6,52.3,0.0
8312,0.229,ok,38.082,2247.320,82.6,52.3,0.0
8313,0.217,ok,38.082,2247.320,82.6,52.3,0.0
8314,0.205,ok,38.082,2247.320,82.6,52.3,0.0
8315,0.191,ok,38.082,2247.320,82.6,52.3,0.0
8316,0.194,ok,38.082,2247.320,82.6,52.3,0.0
8317,0.192,ok,38.082,2247.320,82.6,52.3,0.0
8318,0.193,ok,38.082,2247.320,82.6,52.3,0.0
8319,0.180,ok,38.082,2247.320,82.6,52.3,0.0
8320,0.192,ok,38.082,2247.320,82.6,52.3,0.0
8321,0.181,ok,38.082,2247.320,82.6,52.3,0.0
8322,0.181,ok,38.082,2247.320,82.6,52.3,0.0
8323,0.184,ok,38.082,2247.320,82.6,52.3,0.0
8324,0.188,ok,38.082,2247.320,82.6,52.3,0.0
8325,0.227,ok,38.082,2247.320,82.6,52.3,0.0
8326,0.227,ok,38.172,2247.320,77.2,52.3,0.0
8327,0.283,ok,38.172,2247.320,77.2,52.3,0.0
8328,0.310,ok,38.172,2247.320,77.2,52.3,0.0
8329,0.298,ok,38.172,2247.320,77.2,52.3,0.0
8330,0.299,ok,38.172,2247.320,77.2,52.3,0.0
8331,0.357,ok,38.172,2247.320,77.2,52.3,0.0
8332,0.376,ok,38.172,2247.320,77.2,52.3,0.0
8333,0.294,ok,38.172,2247.320,77.2,52.3,0.0
8334,0.268,ok,38.172,2247.320,77.2,52.3,0.0
8335,0.265,ok,38.172,2247.320,77.2,52.3,0.0
8336,0.253,ok,38.172,2247.320,77.2,52.3,0.0
8337,0.255,ok,38.172,2247.320,77.2,52.3,0.0
8338,0.260,ok,38.172,2247.320,77.2,52.3,0.0
8339,0.256,ok,38.172,2247.320,77.2,52.3,0.0
8340,0.256,ok,38.172,2247.320,77.2,52.3,0.0
8341,0.263,ok,38.172,2247.320,77.2,52.3,0.0
8342,0.247,ok,38.172,2247.320,77.2,52.3,0.0
8343,0.246,ok,38.172,2247.320,77.2,52.3,0.0
8344,0.251,ok,38.172,2247.320,77.2,52.3,0.0
8345,0.263,ok,38.172,2247.320,77.2,52.3,0.0
8346,0.282,ok,38.172,2247.320,77.2,52.3,0.0
8347,0.250,ok,38.172,2247.320,77.2,52.3,0.0
8348,0.258,ok,38.172,2247.320,77.2,52.3,0.0
8349,0.273,ok,38.172,2247.320,77.2,52.3,0.0
8350,0.328,ok,38.172,2247.320,77.2,52.3,0.0
8351,0.260,ok,38.172,2247.320,77.2,52.3,0.0
8352,0.314,ok,38.172,2247.320,77.2,52.3,0.0
8353,0.263,ok,38.172,2247.320,77.2,52.3,0.0
8354,0.274,ok,38.172,2247.320,77.2,52.3,0.0
8355,0.312,ok,38.172,2247.320,77.2,52.3,0.0
8356,0.277,ok,38.172,2247.320,77.2,52.3,0.0
8357,0.272,ok,38.172,2247.320,77.2,52.3,0.0
8358,0.283,ok,38.172,2247.320,77.2,52.3,0.0
8359,0.274,ok,38.172,2247.320,77.2,52.3,0.0
8360,0.287,ok,38.172,2247.320,77.2,52.3,0.0
8361,0.274,ok,38.172,2247.320,77.2,52.3,0.0
8362,0.369,ok,38.172,2247.320,77.2,52.3,0.0
8363,0.332,ok,38.172,2247.320,77.2,52.3,0.0
8364,0.264,ok,38.172,2247.320,77.2,52.3,0.0
8365,0.247,ok,38.172,2247.320,77.2,52.3,0.0
8366,0.286,ok,38.172,2247.320,77.2,52.3,0.0
8367,0.300,ok,38.172,2247.320,77.2,52.3,0.0
8368,0.242,ok,38.172,2247.320,77.2,52.3,0.0
8369,0.287,ok,38.172,2247.320,77.2,52.3,0.0
8370,0.279,ok,38.172,2247.320,77.2,52.3,0.0
8371,0.242,ok,38.172,2247.320,77.2,52.3,0.0
8372,0.246,ok,38.172,2247.320,77.2,52.3,0.0
8373,0.301,ok,38.172,2247.320,77.2,52.3,0.0
8374,0.327,ok,38.172,2247.320,77.2,52.3,0.0
8375,0.348,ok,38.172,2247.320,77.2,52.3,0.0
8376,0.318,ok,38.172,2247.320,77.2,52.3,0.0
8377,0.254,ok,38.172,2247.320,77.2,52.3,0.0
8378,0.261,ok,38.172,2247.320,77.2,52.3,0.0
8379,0.296,ok,38.172,2247.320,77.2,52.3,0.0
8380,0.270,ok,38.172,2247.320,77.2,52.3,0.0
8381,0.273,ok,38.172,2247.320,77.2,52.3,0.0
8382,0.298,ok,38.172,2247.320,77.2,52.3,0.0
8383,0.282,ok,38.172,2247.320,77.2,52.3,0.0
8384,0.304,ok,38.172,2247.320,77.2,52.3,0.0
8385,0.383,ok,38.172,2247.320,77.2,52.3,0.0
8386,0.283,ok,38.172,2247.320,77.2,52.3,0.0
8387,0.270,ok,38.172,2247.320,77.2,52.3,0.0
8388,0.255,ok,38.172,2247.320,77.2,52.3,0.0
8389,0.235,ok,38.172,2247.320,77.2,52.3,0.0
8390,0.247,ok,38.172,2247.320,77.2,52.3,0.0
8391,0.245,ok,38.172,2247.320,77.2,52.3,0.0
8392,0.230,ok,38.172,2247.320,77.2,52.3,0.0
8393,0.217,ok,38.172,2247.320,77.2,52.3,0.0
8394,0.245,ok,38.172,2247.320,77.2,52.3,0.0
8395,0.272,ok,38.172,2247.320,77.2,52.3,0.0
8396,0.219,ok,38.172,2247.320,77.2,52.3,0.0
8397,0.249,ok,38.172,2247.320,77.2,52.3,0.0
8398,0.253,ok,38.172,2247.320,77.2,52.3,0.0
8399,0.318,ok,38.172,2247.320,77.2,52.3,0.0
8400,0.292,ok,38.172,2247.320,77.2,52.3,0.0
8401,0.243,ok,38.172,2247.320,77.2,52.3,0.0
8402,0.275,ok,38.172,2247.320,77.2,52.3,0.0
8403,0.404,ok,38.172,2247.320,77.2,52.3,0.0
8404,0.351,ok,38.172,2247.320,77.2,52.3,0.0
8405,0.296,ok,38.172,2247.320,77.2,52.3,0.0
8406,0.277,ok,38.172,2247.320,77.2,52.3,0.0
8407,0.326,ok,38.172,2247.320,77.2,52.3,0.0
8408,0.282,ok,38.172,2247.320,77.2,52.3,0.0
8409,0.304,ok,38.172,2247.320,77.2,52.3,0.0
8410,0.235,ok,38.172,2247.320,77.2,52.3,0.0
8411,0.206,ok,38.172,2247.320,77.2,52.3,0.0
8412,0.201,ok,38.172,2247.320,77.2,52.3,0.0
8413,0.220,ok,38.172,2247.320,77.2,52.3,0.0
8414,0.209,ok,38.172,2247.320,77.2,52.3,0.0
8415,0.203,ok,38.172,2247.320,77.2,52.3,0.0
8416,0.252,ok,38.172,2247.320,77.2,52.3,0.0
8417,0.234,ok,38.172,2247.320,77.2,52.3,0.0
8418,0.224,ok,38.172,2247.320,77.2,52.3,0.0
8419,0.273,ok,38.172,2247.320,77.2,52.3,0.0
8420,0.248,ok,38.172,2247.320,77.2,52.3,0.0
8421,0.239,ok,38.172,2247.320,77.2,52.3,0.0
8422,0.235,ok,38.172,2247.320,77.2,52.3,0.0
8423,0.278,ok,38.172,2247.320,77.2,52.3,0.0
8424,0.299,ok,38.172,2247.320,77.2,52.3,0.0
8425,0.303,ok,38.172,2247.320,77.2,52.3,0.0
8426,0.331,ok,38.172,2247.320,77.2,52.3,0.0
8427,0.344,ok,38.172,2247.320,77.2,52.3,0.0
8428,0.262,ok,38.172,2247.320,77.2,52.3,0.0
8429,0.242,ok,38.172,2247.320,77.2,52.3,0.0
8430,0.288,ok,38.172,2247.320,77.2,52.3,0.0
8431,0.322,ok,38.172,2247.320,77.2,52.3,0.0
8432,0.348,ok,38.172,2247.320,77.2,52.3,0.0
8433,0.233,ok,38.172,2247.320,77.2,52.3,0.0
8434,0.179,ok,38.172,2247.320,77.2,52.3,0.0
8435,0.183,ok,38.172,2247.320,77.2,52.3,0.0
8436,0.264,ok,38.172,2247.320,77.2,52.3,0.0
8437,0.278,ok,38.172,2247.320,77.2,52.3,0.0
8438,0.282,ok,38.172,2247.320,77.2,52.3,0.0
8439,0.216,ok,38.172,2247.320,77.2,52.3,0.0
8440,0.274,ok,38.172,2247.320,77.2,52.3,0.0
8441,0.229,ok,38.172,2247.320,77.2,52.3,0.0
8442,0.245,ok,38.172,2247.320,77.2,52.3,0.0
8443,0.291,ok,38.172,2247.320,77.2,52.3,0.0
8444,0.273,ok,38.172,2247.320,77.2,52.3,0.0
8445,0.242,ok,38.172,2247.320,77.2,52.3,0.0
8446,0.247,ok,38.172,2247.320,77.2,52.3,0.0
8447,0.269,ok,38.172,2247.320,77.2,52.3,0.0
8448,0.294,ok,38.172,2247.320,77.2,52.3,0.0
8449,0.334,ok,38.172,2247.320,77.2,52.3,0.0
8450,0.289,ok,38.172,2247.320,77.2,52.3,0.0
8451,0.282,ok,38.172,2247.320,77.2,52.3,0.0
8452,0.273,ok,38.172,2247.320,77.2,52.3,0.0
8453,0.331,ok,38.172,2247.320,77.2,52.3,0.0
8454,0.280,ok,38.172,2247.320,77.2,52.3,0.0
8455,0.257,ok,38.172,2247.320,77.2,52.3,0.0
8456,0.267,ok,38.172,2247.320,77.2,52.3,0.0
8457,0.185,ok,38.172,2247.320,77.2,52.3,0.0
8458,0.172,ok,38.172,2247.320,77.2,52.3,0.0
8459,0.198,ok,38.172,2247.320,77.2,52.3,0.0
8460,0.172,ok,38.172,2247.320,77.2,52.3,0.0
8461,0.247,ok,38.172,2247.320,77.2,52.3,0.0
8462,0.230,ok,38.172,2247.320,77.2,52.3,0.0
8463,0.237,ok,38.172,2247.320,77.2,52.3,0.0
8464,0.225,ok,38.172,2247.320,77.2,52.3,0.0
8465,0.254,ok,38.172,2247.320,77.2,52.3,0.0
8466,0.189,ok,38.172,2247.320,77.2,52.3,0.0
8467,0.205,ok,38.172,2247.320,77.2,52.3,0.0
8468,0.185,ok,38.172,2247.320,77.2,52.3,0.0
8469,0.234,ok,38.172,2247.320,77.2,52.3,0.0
8470,0.202,ok,38.172,2247.320,77.2,52.3,0.0
8471,0.188,ok,38.172,2247.320,77.2,52.3,0.0
8472,0.190,ok,38.172,2247.320,77.2,52.3,0.0
8473,0.179,ok,38.172,2247.320,77.2,52.3,0.0
8474,0.180,ok,38.172,2247.320,77.2,52.3,0.0
8475,0.175,ok,38.172,2247.320,77.2,52.3,0.0
8476,0.180,ok,38.172,2247.320,77.2,52.3,0.0
8477,0.204,ok,38.172,2247.320,77.2,52.3,0.0
8478,0.207,ok,38.172,2247.320,77.2,52.3,0.0
8479,0.178,ok,38.172,2247.320,77.2,52.3,0.0
8480,0.210,ok,38.172,2247.320,77.2,52.3,0.0
8481,0.188,ok,38.172,2247.320,77.2,52.3,0.0
8482,0.185,ok,38.172,2247.320,77.2,52.3,0.0
8483,0.231,ok,38.172,2247.320,77.2,52.3,0.0
8484,0.206,ok,38.172,2247.320,77.2,52.3,0.0
8485,0.179,ok,38.172,2247.320,77.2,52.3,0.0
8486,0.167,ok,38.172,2247.320,77.2,52.3,0.0
8487,0.176,ok,38.172,2247.320,77.2,52.3,0.0
8488,0.174,ok,38.172,2247.320,77.2,52.3,0.0
8489,0.173,ok,38.172,2247.320,77.2,52.3,0.0
8490,0.178,ok,38.172,2247.320,77.2,52.3,0.0
8491,0.169,ok,38.172,2247.320,77.2,52.3,0.0
8492,0.164,ok,38.172,2247.320,77.2,52.3,0.0
8493,0.175,ok,38.172,2247.320,77.2,52.3,0.0
8494,0.169,ok,38.172,2247.320,77.2,52.3,0.0
8495,0.170,ok,38.172,2247.320,77.2,52.3,0.0
8496,0.166,ok,38.172,2247.320,77.2,52.3,0.0
8497,0.169,ok,38.172,2247.320,77.2,52.3,0.0
8498,0.165,ok,38.172,2247.320,77.2,52.3,0.0
8499,0.192,ok,38.172,2247.320,77.2,52.3,0.0
8500,0.167,ok,38.172,2247.320,77.2,52.3,0.0
8501,0.167,ok,38.172,2247.320,77.2,52.3,0.0
8502,0.226,ok,38.172,2247.320,77.2,52.3,0.0
8503,0.206,ok,38.172,2247.320,77.2,52.3,0.0
8504,0.176,ok,38.172,2247.320,77.2,52.3,0.0
8505,0.179,ok,38.172,2247.320,77.2,52.3,0.0
8506,0.156,ok,38.172,2247.320,77.2,52.3,0.0
8507,0.175,ok,38.172,2247.320,77.2,52.3,0.0
8508,0.147,ok,38.172,2247.320,77.2,52.3,0.0
8509,0.155,ok,38.172,2247.320,77.2,52.3,0.0
8510,0.153,ok,38.172,2247.320,77.2,52.3,0.0
8511,0.151,ok,38.172,2247.320,77.2,52.3,0.0
8512,0.209,ok,38.172,2247.320,77.2,52.3,0.0
8513,0.161,ok,38.172,2247.320,77.2,52.3,0.0
8514,0.159,ok,38.172,2247.320,77.2,52.3,0.0
8515,0.148,ok,38.172,2247.320,77.2,52.3,0.0
8516,0.154,ok,38.172,2247.320,77.2,52.3,0.0
8517,0.146,ok,38.172,2247.320,77.2,52.3,0.0
8518,0.145,ok,38.172,2247.320,77.2,52.3,0.0
8519,0.146,ok,38.172,2247.320,77.2,52.3,0.0
8520,0.143,ok,38.172,2247.320,77.2,52.3,0.0
8521,0.211,ok,38.172,2247.320,77.2,52.3,0.0
8522,0.296,ok,38.172,2247.320,77.2,52.3,0.0
8523,0.416,ok,38.172,2247.320,77.2,52.3,0.0
8524,0.321,ok,38.172,2247.320,77.2,52.3,0.0
8525,0.331,ok,38.172,2247.320,77.2,52.3,0.0
8526,0.276,ok,38.172,2247.320,77.2,52.3,0.0
8527,0.230,ok,38.172,2247.320,77.2,52.3,0.0
8528,0.254,ok,38.172,2247.320,77.2,52.3,0.0
8529,0.208,ok,38.172,2247.320,77.2,52.3,0.0
8530,0.230,ok,38.172,2247.320,77.2,52.3,0.0
8531,0.210,ok,38.172,2247.320,77.2,52.3,0.0
8532,0.199,ok,38.172,2247.320,77.2,52.3,0.0
8533,0.190,ok,38.172,2247.320,77.2,52.3,0.0
8534,0.198,ok,38.172,2247.320,77.2,52.3,0.0
8535,0.206,ok,38.172,2247.320,77.2,52.3,0.0
8536,0.274,ok,38.172,2247.320,77.2,52.3,0.0
8537,0.184,ok,38.172,2247.320,77.2,52.3,0.0
8538,0.192,ok,38.172,2247.320,77.2,52.3,0.0
8539,0.174,ok,38.172,2247.320,77.2,52.3,0.0
8540,0.216,ok,38.172,2247.320,77.2,52.3,0.0
8541,0.184,ok,38.172,2247.320,77.2,52.3,0.0
8542,0.196,ok,38.172,2247.320,77.2,52.3,0.0
8543,0.179,ok,38.172,2247.320,77.2,52.3,0.0
8544,0.240,ok,38.172,2247.320,77.2,52.3,0.0
8545,0.246,ok,38.172,2247.320,77.2,52.3,0.0
8546,0.252,ok,38.172,2247.320,77.2,52.3,0.0
8547,0.222,ok,38.172,2247.320,77.2,52.3,0.0
8548,0.273,ok,38.172,2247.320,77.2,52.3,0.0
8549,0.256,ok,38.172,2247.320,77.2,52.3,0.0
8550,0.244,ok,38.172,2247.320,77.2,52.3,0.0
8551,0.253,ok,38.172,2247.320,77.2,52.3,0.0
8552,0.257,ok,38.172,2247.320,77.2,52.3,0.0
8553,0.279,ok,38.172,2247.320,77.2,52.3,0.0
8554,0.246,ok,38.172,2247.320,77.2,52.3,0.0
8555,0.228,ok,38.172,2247.320,77.2,52.3,0.0
8556,0.227,ok,38.172,2247.320,77.2,52.3,0.0
8557,0.259,ok,38.172,2247.320,77.2,52.3,0.0
8558,0.244,ok,38.172,2247.320,77.2,52.3,0.0
8559,0.229,ok,38.172,2247.320,77.2,52.3,0.0
8560,0.216,ok,38.172,2247.320,77.2,52.3,0.0
8561,0.216,ok,38.172,2247.320,77.2,52.3,0.0
8562,0.209,ok,38.172,2247.320,77.2,52.3,0.0
8563,0.215,ok,38.172,2247.320,77.2,52.3,0.0
8564,0.218,ok,38.172,2247.320,77.2,52.3,0.0
8565,0.200,ok,38.172,2247.320,77.2,52.3,0.0
8566,0.224,ok,38.172,2247.320,77.2,52.3,0.0
8567,0.194,ok,38.172,2247.320,77.2,52.3,0.0
8568,0.186,ok,38.172,2247.320,77.2,52.3,0.0
8569,0.197,ok,38.172,2247.320,77.2,52.3,0.0
8570,0.186,ok,38.172,2247.320,77.2,52.3,0.0
8571,0.200,ok,38.172,2247.320,77.2,52.3,0.0
8572,0.206,ok,38.172,2247.320,77.2,52.3,0.0
8573,0.212,ok,38.172,2247.320,77.2,52.3,0.0
8574,0.212,ok,38.172,2247.320,77.2,52.3,0.0
8575,0.196,ok,38.172,2247.320,77.2,52.3,0.0
8576,0.192,ok,38.172,2247.320,77.2,52.3,0.0
8577,0.211,ok,38.172,2247.320,77.2,52.3,0.0
8578,0.209,ok,38.172,2247.320,77.2,52.3,0.0
8579,0.228,ok,38.172,2247.320,77.2,52.3,0.0
8580,0.227,ok,38.172,2247.320,77.2,52.3,0.0
8581,0.254,ok,38.172,2247.320,77.2,52.3,0.0
8582,0.227,ok,38.172,2247.320,77.2,52.3,0.0
8583,0.199,ok,38.172,2247.320,77.2,52.3,0.0
8584,0.183,ok,38.172,2247.320,77.2,52.3,0.0
8585,0.172,ok,38.172,2247.320,77.2,52.3,0.0
8586,0.262,ok,38.172,2247.320,77.2,52.3,0.0
8587,0.348,ok,38.172,2247.320,77.2,52.3,0.0
8588,0.266,ok,38.172,2247.320,77.2,52.3,0.0
8589,0.240,ok,38.172,2247.320,77.2,52.3,0.0
8590,0.211,ok,38.172,2247.320,77.2,52.3,0.0
8591,0.225,ok,38.172,2247.320,77.2,52.3,0.0
8592,0.214,ok,38.172,2247.320,77.2,52.3,0.0
8593,0.219,ok,38.172,2247.320,77.2,52.3,0.0
8594,0.221,ok,38.172,2247.320,77.2,52.3,0.0
8595,0.216,ok,38.172,2247.320,77.2,52.3,0.0
8596,0.296,ok,38.172,2247.320,77.2,52.3,0.0
8597,0.314,ok,38.172,2247.320,77.2,52.3,0.0
8598,0.341,ok,38.172,2247.320,77.2,52.3,0.0
8599,0.279,ok,38.172,2247.320,77.2,52.3,0.0
8600,0.274,ok,38.172,2247.320,77.2,52.3,0.0
8601,0.242,ok,38.172,2247.320,77.2,52.3,0.0
8602,0.188,ok,38.172,2247.320,77.2,52.3,0.0
8603,0.175,ok,38.172,2247.320,77.2,52.3,0.0
8604,0.174,ok,38.172,2247.320,77.2,52.3,0.0
8605,0.163,ok,38.172,2247.320,77.2,52.3,0.0
8606,0.162,ok,38.172,2247.320,77.2,52.3,0.0
8607,0.172,ok,38.172,2247.320,77.2,52.3,0.0
8608,0.239,ok,38.172,2247.320,77.2,52.3,0.0
8609,0.168,ok,38.172,2247.320,77.2,52.3,0.0
8610,0.161,ok,38.172,2247.320,77.2,52.3,0.0
8611,0.162,ok,38.172,2247.320,77.2,52.3,0.0
8612,0.162,ok,38.172,2247.320,77.2,52.3,0.0
8613,0.158,ok,38.172,2247.320,77.2,52.3,0.0
8614,0.247,ok,38.172,2247.320,77.2,52.3,0.0
8615,0.228,ok,38.172,2247.320,77.2,52.3,0.0
8616,0.178,ok,38.172,2247.320,77.2,52.3,0.0
8617,0.198,ok,38.172,2247.320,77.2,52.3,0.0
8618,0.212,ok,38.172,2247.320,77.2,52.3,0.0
8619,0.200,ok,38.172,2247.320,77.2,52.3,0.0
8620,0.177,ok,38.172,2247.320,77.2,52.3,0.0
8621,0.217,ok,38.172,2247.320,77.2,52.3,0.0
8622,0.196,ok,38.172,2247.320,77.2,52.3,0.0
8623,0.186,ok,38.172,2247.320,77.2,52.3,0.0
8624,0.182,ok,38.172,2247.320,77.2,52.3,0.0
8625,0.190,ok,38.172,2247.320,77.2,52.3,0.0
8626,0.222,ok,38.172,2247.320,77.2,52.3,0.0
8627,0.223,ok,38.172,2247.320,77.2,52.3,0.0
8628,0.258,ok,38.172,2247.320,77.2,52.3,0.0
8629,0.269,ok,38.172,2247.320,77.2,52.3,0.0
8630,0.423,ok,38.172,2247.320,77.2,52.3,0.0
8631,0.328,ok,38.172,2247.320,77.2,52.3,0.0
8632,0.342,ok,38.172,2247.320,77.2,52.3,0.0
8633,0.300,ok,38.172,2247.320,77.2,52.3,0.0
8634,0.386,ok,38.172,2247.320,77.2,52.3,0.0
8635,0.326,ok,38.172,2247.320,77.2,52.3,0.0
8636,0.289,ok,38.172,2247.320,77.2,52.3,0.0
8637,0.319,ok,38.172,2247.320,77.2,52.3,0.0
8638,0.382,ok,38.172,2247.320,77.2,52.3,0.0
8639,0.284,ok,38.172,2247.320,77.2,52.3,0.0
8640,0.242,ok,38.172,2247.320,77.2,52.3,0.0
8641,0.244,ok,38.172,2247.320,77.2,52.3,0.0
8642,0.256,ok,38.172,2247.320,77.2,52.3,0.0
8643,0.246,ok,38.172,2247.320,77.2,52.3,0.0
8644,0.299,ok,38.172,2247.320,77.2,52.3,0.0
8645,0.277,ok,38.172,2247.320,77.2,52.3,0.0
8646,0.240,ok,38.172,2247.320,77.2,52.3,0.0
8647,0.235,ok,38.172,2247.320,77.2,52.3,0.0
8648,0.272,ok,38.172,2247.320,77.2,52.3,0.0
8649,0.276,ok,38.172,2247.320,77.2,52.3,0.0
8650,0.343,ok,38.172,2247.320,77.2,52.3,0.0
8651,0.325,ok,38.172,2247.320,77.2,52.3,0.0
8652,0.256,ok,38.172,2247.320,77.2,52.3,0.0
8653,0.324,ok,38.172,2247.320,77.2,52.3,0.0
8654,0.352,ok,38.172,2247.320,77.2,52.3,0.0
8655,0.355,ok,38.172,2247.320,77.2,52.3,0.0
8656,0.366,ok,38.172,2247.320,77.2,52.3,0.0
8657,0.444,ok,38.172,2247.320,77.2,52.3,0.0
8658,0.418,ok,38.172,2247.320,77.2,52.3,0.0
8659,0.451,ok,38.172,2247.320,77.2,52.3,0.0
8660,0.424,ok,38.172,2247.320,77.2,52.3,0.0
8661,0.326,ok,38.172,2247.320,77.2,52.3,0.0
8662,0.377,ok,38.172,2247.320,77.2,52.3,0.0
8663,0.369,ok,38.172,2247.320,77.2,52.3,0.0
8664,0.270,ok,38.172,2247.320,77.2,52.3,0.0
8665,0.242,ok,38.172,2247.320,77.2,52.3,0.0
8666,0.295,ok,38.172,2247.320,77.2,52.3,0.0
8667,0.229,ok,38.172,2247.320,77.2,52.3,0.0
8668,0.266,ok,38.172,2247.320,77.2,52.3,0.0
8669,0.228,ok,38.172,2247.320,77.2,52.3,0.0
8670,0.222,ok,38.172,2247.320,77.2,52.3,0.0
8671,0.254,ok,38.172,2247.320,77.2,52.3,0.0
8672,0.279,ok,38.172,2247.320,77.2,52.3,0.0
8673,0.257,ok,38.172,2247.320,77.2,52.3,0.0
8674,0.246,ok,38.172,2247.320,77.2,52.3,0.0
8675,0.256,ok,38.172,2247.320,77.2,52.3,0.0
8676,0.290,ok,38.172,2247.320,77.2,52.3,0.0
8677,0.265,ok,38.172,2247.320,77.2,52.3,0.0
8678,0.267,ok,38.172,2247.320,77.2,52.3,0.0
8679,0.353,ok,38.172,2247.320,77.2,52.3,0.0
8680,0.327,ok,38.172,2247.320,77.2,52.3,0.0
8681,0.308,ok,38.172,2247.320,77.2,52.3,0.0
8682,0.272,ok,38.172,2247.320,77.2,52.3,0.0
8683,0.277,ok,38.172,2247.320,77.2,52.3,0.0
8684,0.278,ok,38.172,2247.320,77.2,52.3,0.0
8685,0.247,ok,38.172,2247.320,77.2,52.3,0.0
8686,0.225,ok,38.172,2247.320,77.2,52.3,0.0
8687,0.233,ok,38.172,2247.320,77.2,52.3,0.0
8688,0.232,ok,38.172,2247.320,77.2,52.3,0.0
8689,0.280,ok,38.172,2247.320,77.2,52.3,0.0
8690,0.258,ok,38.172,2247.320,77.2,52.3,0.0
8691,0.235,ok,38.172,2247.320,77.2,52.3,0.0
8692,0.263,ok,38.172,2247.320,77.2,52.3,0.0
8693,0.280,ok,38.172,2247.320,77.2,52.3,0.0
8694,0.324,ok,38.172,2247.320,77.2,52.3,0.0
8695,0.274,ok,38.172,2247.320,77.2,52.3,0.0
8696,0.295,ok,38.172,2247.320,77.2,52.3,0.0
8697,0.244,ok,38.172,2247.320,77.2,52.3,0.0
8698,0.202,ok,38.172,2247.320,77.2,52.3,0.0
8699,0.186,ok,38.172,2247.320,77.2,52.3,0.0
8700,0.186,ok,38.172,2247.320,77.2,52.3,0.0
8701,0.196,ok,38.172,2247.320,77.2,52.3,0.0
8702,0.183,ok,38.172,2247.320,77.2,52.3,0.0
8703,0.190,ok,38.172,2247.320,77.2,52.3,0.0
8704,0.173,ok,38.172,2247.320,77.2,52.3,0.0
8705,0.188,ok,38.172,2247.320,77.2,52.3,0.0
8706,0.182,ok,38.172,2247.320,77.2,52.3,0.0
8707,0.190,ok,38.172,2247.320,77.2,52.3,0.0
8708,0.181,ok,38.172,2247.320,77.2,52.3,0.0
8709,0.188,ok,38.172,2247.320,77.2,52.3,0.0
8710,0.179,ok,38.172,2247.320,77.2,52.3,0.0
8711,0.174,ok,38.172,2247.320,77.2,52.3,0.0
8712,0.191,ok,38.172,2247.320,77.2,52.3,0.0
8713,0.183,ok,38.172,2247.320,77.2,52.3,0.0
8714,0.153,ok,38.172,2247.320,77.2,52.3,0.0
8715,0.198,ok,38.172,2247.320,77.2,52.3,0.0
8716,0.156,ok,38.172,2247.320,77.2,52.3,0.0
8717,0.216,ok,38.172,2247.320,77.2,52.3,0.0
8718,0.161,ok,38.172,2247.320,77.2,52.3,0.0
8719,0.170,ok,38.172,2247.320,77.2,52.3,0.0
8720,0.163,ok,38.172,2247.320,77.2,52.3,0.0
8721,0.167,ok,38.172,2247.320,77.2,52.3,0.0
8722,0.146,ok,38.172,2247.320,77.2,52.3,0.0
8723,0.154,ok,38.172,2247.320,77.2,52.3,0.0
8724,0.155,ok,38.172,2247.320,77.2,52.3,0.0
8725,0.148,ok,38.172,2247.320,77.2,52.3,0.0
8726,0.146,ok,38.172,2247.320,77.2,52.3,0.0
8727,0.150,ok,38.172,2247.320,77.2,52.3,0.0
8728,0.151,ok,38.172,2247.320,77.2,52.3,0.0
8729,0.150,ok,38.172,2247.320,77.2,52.3,0.0
8730,0.155,ok,38.172,2247.320,77.2,52.3,0.0
8731,0.148,ok,38.172,2247.320,77.2,52.3,0.0
8732,0.147,ok,38.172,2247.320,77.2,52.3,0.0
8733,0.143,ok,38.172,2247.320,77.2,52.3,0.0
8734,0.145,ok,38.172,2247.320,77.2,52.3,0.0
8735,0.144,ok,38.172,2247.320,77.2,52.3,0.0
8736,0.185,ok,38.172,2247.320,77.2,52.3,0.0
8737,0.153,ok,38.172,2247.320,77.2,52.3,0.0
8738,0.146,ok,38.172,2247.320,77.2,52.3,0.0
8739,0.145,ok,38.172,2247.320,77.2,52.3,0.0
8740,0.144,ok,38.172,2247.320,77.2,52.3,0.0
8741,0.141,ok,38.172,2247.320,77.2,52.3,0.0
8742,0.169,ok,38.172,2247.320,77.2,52.3,0.0
8743,0.153,ok,38.172,2247.320,77.2,52.3,0.0
8744,0.157,ok,38.172,2247.320,77.2,52.3,0.0
8745,0.150,ok,38.172,2247.320,77.2,52.3,0.0
8746,0.151,ok,38.172,2247.320,77.2,52.3,0.0
8747,0.146,ok,38.172,2247.320,77.2,52.3,0.0
8748,0.200,ok,38.172,2247.320,77.2,52.3,0.0
8749,0.323,ok,38.172,2247.320,77.2,52.3,0.0
8750,0.317,ok,38.172,2247.320,77.2,52.3,0.0
8751,0.288,ok,38.172,2247.320,77.2,52.3,0.0
8752,0.260,ok,38.172,2247.320,77.2,52.3,0.0
8753,0.244,ok,38.172,2247.320,77.2,52.3,0.0
8754,0.209,ok,38.172,2247.320,77.2,52.3,0.0
8755,0.205,ok,38.172,2247.320,77.2,52.3,0.0
8756,0.200,ok,38.172,2247.320,77.2,52.3,0.0
8757,0.212,ok,38.172,2247.320,77.2,52.3,0.0
8758,0.248,ok,38.172,2247.320,77.2,52.3,0.0
8759,0.198,ok,38.172,2247.320,77.2,52.3,0.0
8760,0.191,ok,38.172,2247.320,77.2,52.3,0.0
8761,0.195,ok,38.172,2247.320,77.2,52.3,0.0
8762,0.208,ok,38.172,2247.320,77.2,52.3,0.0
8763,0.194,ok,38.172,2247.320,77.2,52.3,0.0
8764,0.197,ok,38.172,2247.320,77.2,52.3,0.0
8765,0.190,ok,38.172,2247.320,77.2,52.3,0.0
8766,0.195,ok,38.172,2247.320,77.2,52.3,0.0
8767,0.202,ok,38.172,2247.320,77.2,52.3,0.0
8768,0.248,ok,38.172,2247.320,77.2,52.3,0.0
8769,0.198,ok,38.172,2247.320,77.2,52.3,0.0
8770,0.211,ok,38.172,2247.320,77.2,52.3,0.0
8771,0.198,ok,38.172,2247.320,77.2,52.3,0.0
8772,0.218,ok,38.172,2247.320,77.2,52.3,0.0
8773,0.229,ok,38.172,2247.320,77.2,52.3,0.0
8774,0.206,ok,38.172,2247.320,77.2,52.3,0.0
8775,0.197,ok,38.172,2247.320,77.2,52.3,0.0
8776,0.207,ok,38.172,2247.320,77.2,52.3,0.0
8777,0.194,ok,38.172,2247.320,77.2,52.3,0.0
8778,0.197,ok,38.172,2247.320,77.2,52.3,0.0
8779,0.227,ok,38.172,2247.320,77.2,52.3,0.0
8780,0.199,ok,38.172,2247.320,77.2,52.3,0.0
8781,0.196,ok,38.172,2247.320,77.2,52.3,0.0
8782,0.199,ok,38.172,2247.320,77.2,52.3,0.0
8783,0.191,ok,38.172,2247.320,77.2,52.3,0.0
8784,0.196,ok,38.172,2247.320,77.2,52.3,0.0
8785,0.188,ok,38.172,2247.320,77.2,52.3,0.0
8786,0.198,ok,38.172,2247.320,77.2,52.3,0.0
8787,0.194,ok,38.172,2247.320,77.2,52.3,0.0
8788,0.198,ok,38.172,2247.320,77.2,52.3,0.0
8789,0.190,ok,38.172,2247.320,77.2,52.3,0.0
8790,0.194,ok,38.172,2247.320,77.2,52.3,0.0
8791,0.195,ok,38.172,2247.320,77.2,52.3,0.0
8792,0.196,ok,38.172,2247.320,77.2,52.3,0.0
8793,0.223,ok,38.172,2247.320,77.2,52.3,0.0
8794,0.204,ok,38.172,2247.320,77.2,52.3,0.0
8795,0.191,ok,38.172,2247.320,77.2,52.3,0.0
8796,0.199,ok,38.172,2247.320,77.2,52.3,0.0
8797,0.191,ok,38.172,2247.320,77.2,52.3,0.0
8798,0.218,ok,38.172,2247.320,77.2,52.3,0.0
8799,0.206,ok,38.172,2247.320,77.2,52.3,0.0
8800,0.240,ok,38.172,2247.320,77.2,52.3,0.0
8801,0.212,ok,38.172,2247.320,77.2,52.3,0.0
8802,0.196,ok,38.172,2247.320,77.2,52.3,0.0
8803,0.190,ok,38.172,2247.320,77.2,52.3,0.0
8804,0.191,ok,38.172,2247.320,77.2,52.3,0.0
8805,0.186,ok,38.172,2247.320,77.2,52.3,0.0
8806,0.206,ok,38.172,2247.320,77.2,52.3,0.0
8807,0.190,ok,38.172,2247.320,77.2,52.3,0.0
8808,0.191,ok,38.172,2247.320,77.2,52.3,0.0
8809,0.185,ok,38.172,2247.320,77.2,52.3,0.0
8810,0.190,ok,38.172,2247.320,77.2,52.3,0.0
8811,0.192,ok,38.172,2247.320,77.2,52.3,0.0
8812,0.193,ok,38.172,2247.320,77.2,52.3,0.0
8813,0.196,ok,38.172,2247.320,77.2,52.3,0.0
8814,0.253,ok,38.172,2247.320,77.2,52.3,0.0
8815,0.247,ok,38.172,2247.320,77.2,52.3,0.0
8816,0.237,ok,38.172,2247.320,77.2,52.3,0.0
8817,0.292,ok,38.172,2247.320,77.2,52.3,0.0
8818,0.243,ok,38.172,2247.320,77.2,52.3,0.0
8819,0.219,ok,38.172,2247.320,77.2,52.3,0.0
8820,0.262,ok,38.172,2247.320,77.2,52.3,0.0
8821,0.276,ok,38.172,2247.320,77.2,52.3,0.0
8822,0.336,ok,38.172,2247.320,77.2,52.3,0.0
8823,0.289,ok,38.172,2247.320,77.2,52.3,0.0
8824,0.326,ok,38.172,2247.320,77.2,52.3,0.0
8825,0.353,ok,38.172,2247.320,77.2,52.3,0.0
8826,0.340,ok,38.172,2247.320,77.2,52.3,0.0
8827,0.319,ok,38.172,2247.320,77.2,52.3,0.0
8828,0.326,ok,38.172,2247.320,77.2,52.3,0.0
8829,0.342,ok,38.172,2247.320,77.2,52.3,0.0
8830,0.265,ok,38.172,2247.320,77.2,52.3,0.0
8831,0.216,ok,38.172,2247.320,77.2,52.3,0.0
8832,0.243,ok,38.172,2247.320,77.2,52.3,0.0
8833,0.235,ok,38.172,2247.320,77.2,52.3,0.0
8834,0.304,ok,38.172,2247.320,77.2,52.3,0.0
8835,0.290,ok,38.172,2247.320,77.2,52.3,0.0
8836,0.242,ok,38.172,2247.320,77.2,52.3,0.0
8837,0.274,ok,38.172,2247.320,77.2,52.3,0.0
8838,0.265,ok,38.172,2247.320,77.2,52.3,0.0
8839,0.261,ok,38.172,2247.320,77.2,52.3,0.0
8840,0.287,ok,38.172,2247.320,77.2,52.3,0.0
8841,0.264,ok,38.172,2247.320,77.2,52.3,0.0
8842,0.313,ok,38.172,2247.320,77.2,52.3,0.0
8843,0.368,ok,38.172,2247.320,77.2,52.3,0.0
8844,0.280,ok,38.172,2247.320,77.2,52.3,0.0
8845,0.261,ok,38.172,2247.320,77.2,52.3,0.0
8846,0.275,ok,38.172,2247.320,77.2,52.3,0.0
8847,0.291,ok,38.172,2247.320,77.2,52.3,0.0
8848,0.288,ok,38.172,2247.320,77.2,52.3,0.0
8849,0.262,ok,38.172,2247.320,77.2,52.3,0.0
8850,0.282,ok,38.172,2247.320,77.2,52.3,0.0
8851,0.302,ok,38.172,2247.320,77.2,52.3,0.0
8852,0.297,ok,38.172,2247.320,77.2,52.3,0.0
8853,0.239,ok,38.172,2247.320,77.2,52.3,0.0
8854,0.213,ok,38.172,2247.320,77.2,52.3,0.0
8855,0.250,ok,38.172,2247.320,77.2,52.3,0.0
8856,0.286,ok,38.172,2247.320,77.2,52.3,0.0
8857,0.230,ok,38.172,2247.320,77.2,52.3,0.0
8858,0.256,ok,38.172,2247.320,77.2,52.3,0.0
8859,0.243,ok,38.172,2247.320,77.2,52.3,0.0
8860,0.232,ok,38.172,2247.320,77.2,52.3,0.0
8861,0.227,ok,38.172,2247.320,77.2,52.3,0.0
8862,0.271,ok,38.172,2247.320,77.2,52.3,0.0
8863,0.304,ok,38.172,2247.320,77.2,52.3,0.0
8864,0.400,ok,38.172,2247.320,77.2,52.3,0.0
8865,0.407,ok,38.172,2247.320,77.2,52.3,0.0
8866,0.230,ok,38.172,2247.320,77.2,52.3,0.0
8867,0.221,ok,38.172,2247.320,77.2,52.3,0.0
8868,0.224,ok,38.172,2247.320,77.2,52.3,0.0
8869,0.219,ok,38.172,2247.320,77.2,52.3,0.0
8870,0.215,ok,38.172,2247.320,77.2,52.3,0.0
8871,0.299,ok,38.172,2247.320,77.2,52.3,0.0
8872,0.220,ok,38.172,2247.320,77.2,52.3,0.0
8873,0.195,ok,38.172,2247.320,77.2,52.3,0.0
8874,0.248,ok,38.172,2247.320,77.2,52.3,0.0
8875,0.258,ok,38.172,2247.320,77.2,52.3,0.0
8876,0.267,ok,38.172,2247.320,77.2,52.3,0.0
8877,0.241,ok,38.172,2247.320,77.2,52.3,0.0
8878,0.259,ok,38.172,2247.320,77.2,52.3,0.0
8879,0.212,ok,38.172,2247.320,77.2,52.3,0.0
8880,0.201,ok,38.172,2247.320,77.2,52.3,0.0
8881,0.228,ok,38.172,2247.320,77.2,52.3,0.0
8882,0.275,ok,38.172,2247.320,77.2,52.3,0.0
8883,0.242,ok,38.172,2247.320,77.2,52.3,0.0
8884,0.204,ok,38.172,2247.320,77.2,52.3,0.0
8885,0.229,ok,38.172,2247.320,77.2,52.3,0.0
8886,0.288,ok,38.172,2247.320,77.2,52.3,0.0
8887,0.186,ok,38.172,2247.320,77.2,52.3,0.0
8888,0.159,ok,38.172,2247.320,77.2,52.3,0.0
8889,0.157,ok,38.172,2247.320,77.2,52.3,0.0
8890,0.150,ok,38.172,2247.320,77.2,52.3,0.0
8891,0.152,ok,38.172,2247.320,77.2,52.3,0.0
8892,0.196,ok,38.172,2247.320,77.2,52.3,0.0
8893,0.157,ok,38.172,2247.320,77.2,52.3,0.0
8894,0.190,ok,38.172,2247.320,77.2,52.3,0.0
8895,0.155,ok,38.172,2247.320,77.2,52.3,0.0
8896,0.148,ok,38.172,2247.320,77.2,52.3,0.0
8897,0.181,ok,38.172,2247.320,77.2,52.3,0.0
8898,0.174,ok,38.172,2247.320,77.2,52.3,0.0
8899,0.166,ok,38.172,2247.320,77.2,52.3,0.0
8900,0.218,ok,38.172,2247.320,77.2,52.3,0.0
8901,0.197,ok,38.172,2247.320,77.2,52.3,0.0
8902,0.181,ok,38.172,2247.320,77.2,52.3,0.0
8903,0.174,ok,38.172,2247.320,77.2,52.3,0.0
8904,0.171,ok,38.172,2247.320,77.2,52.3,0.0
8905,0.162,ok,38.172,2247.320,77.2,52.3,0.0
8906,0.157,ok,38.172,2247.320,77.2,52.3,0.0
8907,0.197,ok,38.172,2247.320,77.2,52.3,0.0
8908,0.169,ok,38.172,2247.320,77.2,52.3,0.0
8909,0.163,ok,38.172,2247.320,77.2,52.3,0.0
8910,0.153,ok,38.172,2247.320,77.2,52.3,0.0
8911,0.154,ok,38.172,2247.320,77.2,52.3,0.0
8912,0.161,ok,38.172,2247.320,77.2,52.3,0.0
8913,0.155,ok,38.172,2247.320,77.2,52.3,0.0
8914,0.150,ok,38.172,2247.320,77.2,52.3,0.0
8915,0.157,ok,38.172,2247.320,77.2,52.3,0.0
8916,0.155,ok,38.172,2247.320,77.2,52.3,0.0
8917,0.153,ok,38.172,2247.320,77.2,52.3,0.0
8918,0.149,ok,38.172,2247.320,77.2,52.3,0.0
8919,0.151,ok,38.172,2247.320,77.2,52.3,0.0
8920,0.166,ok,38.172,2247.320,77.2,52.3,0.0
8921,0.152,ok,38.172,2247.320,77.2,52.3,0.0
8922,0.161,ok,38.172,2247.320,77.2,52.3,0.0
8923,0.167,ok,38.172,2247.320,77.2,52.3,0.0
8924,0.166,ok,38.172,2247.320,77.2,52.3,0.0
8925,0.185,ok,38.172,2247.320,77.2,52.3,0.0
8926,0.317,ok,38.172,2247.320,77.2,52.3,0.0
8927,0.273,ok,38.172,2247.320,77.2,52.3,0.0
8928,0.296,ok,38.172,2247.320,77.2,52.3,0.0
8929,0.212,ok,38.172,2247.320,77.2,52.3,0.0
8930,0.185,ok,38.172,2247.320,77.2,52.3,0.0
8931,0.217,ok,38.172,2247.320,77.2,52.3,0.0
8932,0.233,ok,38.172,2247.320,77.2,52.3,0.0
8933,0.186,ok,38.172,2247.320,77.2,52.3,0.0
8934,0.171,ok,38.172,2247.320,77.2,52.3,0.0
8935,0.163,ok,38.172,2247.320,77.2,52.3,0.0
8936,0.209,ok,38.172,2247.320,77.2,52.3,0.0
8937,0.199,ok,38.172,2247.320,77.2,52.3,0.0
8938,0.199,ok,38.172,2247.320,77.2,52.3,0.0
8939,0.219,ok,38.172,2247.320,77.2,52.3,0.0
8940,0.221,ok,38.172,2247.320,77.2,52.3,0.0
8941,0.240,ok,38.172,2247.320,77.2,52.3,0.0
8942,0.230,ok,38.172,2247.320,77.2,52.3,0.0
8943,0.275,ok,38.172,2247.320,77.2,52.3,0.0
8944,0.280,ok,38.172,2247.320,77.2,52.3,0.0
8945,0.268,ok,38.172,2247.320,77.2,52.3,0.0
8946,0.231,ok,38.172,2247.320,77.2,52.3,0.0
8947,0.202,ok,38.172,2247.320,77.2,52.3,0.0
8948,0.264,ok,38.172,2247.320,77.2,52.3,0.0
8949,0.248,ok,38.172,2247.320,77.2,52.3,0.0
8950,0.291,ok,38.172,2247.320,77.2,52.3,0.0
8951,0.279,ok,38.172,2247.320,77.2,52.3,0.0
8952,0.265,ok,38.172,2247.320,77.2,52.3,0.0
8953,0.203,ok,38.172,2247.320,77.2,52.3,0.0
8954,0.188,ok,38.172,2247.320,77.2,52.3,0.0
8955,0.223,ok,38.172,2247.320,77.2,52.3,0.0
8956,0.206,ok,38.172,2247.320,77.2,52.3,0.0
8957,0.202,ok,38.172,2247.320,77.2,52.3,0.0
8958,0.197,ok,38.172,2247.320,77.2,52.3,0.0
8959,0.191,ok,38.172,2247.320,77.2,52.3,0.0
8960,0.186,ok,38.172,2247.320,77.2,52.3,0.0
8961,0.186,ok,38.172,2247.320,77.2,52.3,0.0
8962,0.212,ok,38.172,2247.320,77.2,52.3,0.0
8963,0.193,ok,38.172,2247.320,77.2,52.3,0.0
8964,0.248,ok,38.172,2247.320,77.2,52.3,0.0
8965,0.198,ok,38.172,2247.320,77.2,52.3,0.0
8966,0.185,ok,38.172,2247.320,77.2,52.3,0.0
8967,0.200,ok,38.172,2247.320,77.2,52.3,0.0
8968,0.219,ok,38.172,2247.320,77.2,52.3,0.0
8969,0.202,ok,38.172,2247.320,77.2,52.3,0.0
8970,0.207,ok,38.172,2247.320,77.2,52.3,0.0
8971,0.248,ok,38.172,2247.320,77.2,52.3,0.0
8972,0.219,ok,38.172,2247.320,77.2,52.3,0.0
8973,0.239,ok,38.172,2247.320,77.2,52.3,0.0
8974,0.302,ok,38.172,2247.320,77.2,52.3,0.0
8975,0.197,ok,38.172,2247.320,77.2,52.3,0.0
8976,0.198,ok,38.172,2247.320,77.2,52.3,0.0
8977,0.236,ok,38.172,2247.320,77.2,52.3,0.0
8978,0.186,ok,38.172,2247.320,77.2,52.3,0.0
8979,0.186,ok,38.172,2247.320,77.2,52.3,0.0
8980,0.180,ok,38.172,2247.320,77.2,52.3,0.0
8981,0.262,ok,38.172,2247.320,77.2,52.3,0.0
8982,0.254,ok,38.172,2247.320,77.2,52.3,0.0
8983,0.230,ok,38.172,2247.320,77.2,52.3,0.0
8984,0.235,ok,38.172,2247.320,77.2,52.3,0.0
8985,0.360,ok,38.172,2247.320,77.2,52.3,0.0
8986,0.419,ok,38.172,2247.320,77.2,52.3,0.0
8987,0.435,ok,38.172,2247.320,77.2,52.3,0.0
8988,0.406,ok,38.172,2247.320,77.2,52.3,0.0
8989,0.389,ok,38.172,2247.320,77.2,52.3,0.0
8990,0.317,ok,38.172,2247.320,77.2,52.3,0.0
8991,0.391,ok,38.172,2247.320,77.2,52.3,0.0
8992,0.418,ok,38.172,2247.320,77.2,52.3,0.0
8993,0.309,ok,38.172,2247.320,77.2,52.3,0.0
8994,0.414,ok,38.172,2247.320,77.2,52.3,0.0
8995,0.268,ok,38.172,2247.320,77.2,52.3,0.0
8996,0.262,ok,38.172,2247.320,77.2,52.3,0.0
8997,0.259,ok,38.172,2247.320,77.2,52.3,0.0
8998,0.259,ok,38.172,2247.320,77.2,52.3,0.0
8999,0.283,ok,38.172,2247.320,77.2,52.3,0.0
9000,0.405,ok,38.172,2247.320,77.2,52.3,0.0
9001,0.395,ok,38.172,2247.320,77.2,52.3,0.0
9002,0.371,ok,38.172,2247.320,77.2,52.3,0.0
9003,0.340,ok,38.172,2247.320,77.2,52.3,0.0
9004,0.429,ok,38.172,2247.320,77.2,52.3,0.0
9005,0.386,ok,38.172,2247.320,77.2,52.3,0.0
9006,0.379,ok,38.172,2247.320,77.2,52.3,0.0
9007,0.355,ok,38.172,2247.320,77.2,52.3,0.0
9008,0.344,ok,38.172,2247.320,77.2,52.3,0.0
9009,0.334,ok,38.172,2247.320,77.2,52.3,0.0
9010,0.391,ok,38.172,2247.320,77.2,52.3,0.0
9011,0.298,ok,38.172,2247.320,77.2,52.3,0.0
9012,0.297,ok,38.172,2247.320,77.2,52.3,0.0
9013,0.318,ok,38.172,2247.320,77.2,52.3,0.0
9014,0.386,ok,38.172,2247.320,77.2,52.3,0.0
9015,0.391,ok,38.172,2247.320,77.2,52.3,0.0
9016,0.444,ok,38.172,2247.320,77.2,52.3,0.0
9017,0.376,ok,38.172,2247.320,77.2,52.3,0.0
9018,0.372,ok,38.172,2247.320,77.2,52.3,0.0
9019,0.270,ok,38.172,2247.320,77.2,52.3,0.0
9020,0.384,ok,38.172,2247.320,77.2,52.3,0.0
9021,0.374,ok,38.172,2247.320,77.2,52.3,0.0
9022,0.434,ok,38.172,2247.320,77.2,52.3,0.0
9023,0.415,ok,38.172,2247.320,77.2,52.3,0.0
9024,0.408,ok,38.172,2247.320,77.2,52.3,0.0
9025,0.382,ok,38.172,2247.320,77.2,52.3,0.0
9026,0.400,ok,38.172,2247.320,77.2,52.3,0.0
9027,0.385,ok,38.172,2247.320,77.2,52.3,0.0
9028,0.328,ok,38.172,2247.320,77.2,52.3,0.0
9029,0.326,ok,38.172,2247.320,77.2,52.3,0.0
9030,0.356,ok,38.172,2247.320,77.2,52.3,0.0
9031,0.362,ok,38.172,2247.320,77.2,52.3,0.0
9032,0.360,ok,38.172,2247.320,77.2,52.3,0.0
9033,0.336,ok,38.172,2247.320,77.2,52.3,0.0
9034,0.404,ok,38.172,2247.320,77.2,52.3,0.0
9035,0.404,ok,38.172,2247.320,77.2,52.3,0.0
9036,0.419,ok,38.172,2247.320,77.2,52.3,0.0
9037,0.368,ok,38.172,2247.320,77.2,52.3,0.0
9038,0.379,ok,38.172,2247.320,77.2,52.3,0.0
9039,0.348,ok,38.172,2247.320,77.2,52.3,0.0
9040,0.437,ok,38.172,2247.320,77.2,52.3,0.0
9041,0.366,ok,38.172,2247.320,77.2,52.3,0.0
9042,0.390,ok,38.172,2247.320,77.2,52.3,0.0
9043,0.285,ok,38.172,2247.320,77.2,52.3,0.0
9044,0.239,ok,38.172,2247.320,77.2,52.3,0.0
9045,0.219,ok,38.172,2247.320,77.2,52.3,0.0
9046,0.240,ok,38.172,2247.320,77.2,52.3,0.0
9047,0.256,ok,38.172,2247.320,77.2,52.3,0.0
9048,0.243,ok,38.172,2247.320,77.2,52.3,0.0
9049,0.230,ok,38.172,2247.320,77.2,52.3,0.0
9050,0.228,ok,38.172,2247.320,77.2,52.3,0.0
9051,0.217,ok,38.172,2247.320,77.2,52.3,0.0
9052,0.217,ok,38.172,2247.320,77.2,52.3,0.0
9053,0.215,ok,38.172,2247.320,77.2,52.3,0.0
9054,0.222,ok,38.172,2247.320,77.2,52.3,0.0
9055,0.213,ok,38.172,2247.320,77.2,52.3,0.0
9056,0.248,ok,38.172,2247.320,77.2,52.3,0.0
9057,0.212,ok,38.172,2247.320,77.2,52.3,0.0
9058,0.210,ok,38.172,2247.320,77.2,52.3,0.0
9059,0.224,ok,38.172,2247.320,77.2,52.3,0.0
9060,0.212,ok,38.172,2247.320,77.2,52.3,0.0
9061,0.205,ok,38.172,2247.320,77.2,52.3,0.0
9062,0.208,ok,38.172,2247.320,77.2,52.3,0.0
9063,0.210,ok,38.172,2247.320,77.2,52.3,0.0
9064,0.242,ok,38.172,2247.320,77.2,52.3,0.0
9065,0.210,ok,38.172,2247.320,77.2,52.3,0.0
9066,0.211,ok,38.172,2247.320,77.2,52.3,0.0
9067,0.209,ok,38.172,2247.320,77.2,52.3,0.0
9068,0.239,ok,38.172,2247.320,77.2,52.3,0.0
9069,0.264,ok,38.172,2247.320,77.2,52.3,0.0
9070,0.317,ok,38.172,2247.320,77.2,52.3,0.0
9071,0.443,ok,38.172,2247.320,77.2,52.3,0.0
9072,0.390,ok,38.172,2247.320,77.2,52.3,0.0
9073,0.337,ok,38.172,2247.320,77.2,52.3,0.0
9074,0.328,ok,38.172,2247.320,77.2,52.3,0.0
9075,0.273,ok,38.172,2247.320,77.2,52.3,0.0
9076,0.269,ok,38.172,2247.320,77.2,52.3,0.0
9077,0.266,ok,38.172,2247.320,77.2,52.3,0.0
9078,0.308,ok,38.172,2247.320,77.2,52.3,0.0
9079,0.262,ok,38.172,2247.320,77.2,52.3,0.0
9080,0.260,ok,38.172,2247.320,77.2,52.3,0.0
9081,0.268,ok,38.172,2247.320,77.2,52.3,0.0
9082,0.264,ok,38.172,2247.320,77.2,52.3,0.0
9083,0.253,ok,38.172,2247.320,77.2,52.3,0.0
9084,0.258,ok,38.172,2247.320,77.2,52.3,0.0
9085,0.263,ok,38.172,2247.320,77.2,52.3,0.0
9086,0.287,ok,38.172,2247.320,77.2,52.3,0.0
9087,0.281,ok,38.172,2247.320,77.2,52.3,0.0
9088,0.268,ok,38.172,2247.320,77.2,52.3,0.0
9089,0.267,ok,38.172,2247.320,77.2,52.3,0.0
9090,0.260,ok,38.172,2247.320,77.2,52.3,0.0
9091,0.257,ok,38.172,2247.320,77.2,52.3,0.0
9092,0.312,ok,38.172,2247.320,77.2,52.3,0.0
9093,0.288,ok,38.172,2247.320,77.2,52.3,0.0
9094,0.223,ok,38.172,2247.320,77.2,52.3,0.0
9095,0.213,ok,38.172,2247.320,77.2,52.3,0.0
9096,0.209,ok,38.172,2247.320,77.2,52.3,0.0
9097,0.201,ok,38.172,2247.320,77.2,52.3,0.0
9098,0.199,ok,38.172,2247.320,77.2,52.3,0.0
9099,0.231,ok,38.172,2247.320,77.2,52.3,0.0
9100,0.205,ok,38.172,2247.320,77.2,52.3,0.0
9101,0.201,ok,38.172,2247.320,77.2,52.3,0.0
9102,0.210,ok,38.172,2247.320,77.2,52.3,0.0
9103,0.192,ok,38.172,2247.320,77.2,52.3,0.0
9104,0.194,ok,38.172,2247.320,77.2,52.3,0.0
9105,0.188,ok,38.172,2247.320,77.2,52.3,0.0
9106,0.197,ok,38.172,2247.320,77.2,52.3,0.0
9107,0.215,ok,38.172,2247.320,77.2,52.3,0.0
9108,0.298,ok,38.172,2247.320,77.2,52.3,0.0
9109,0.237,ok,38.172,2247.320,77.2,52.3,0.0
9110,0.231,ok,38.172,2247.320,77.2,52.3,0.0
9111,0.221,ok,38.172,2247.320,77.2,52.3,0.0
9112,0.218,ok,38.172,2247.320,77.2,52.3,0.0
9113,0.216,ok,38.172,2247.320,77.2,52.3,0.0
9114,0.217,ok,38.172,2247.320,77.2,52.3,0.0
9115,0.222,ok,38.172,2247.320,77.2,52.3,0.0
9116,0.216,ok,38.172,2247.320,77.2,52.3,0.0
9117,0.215,ok,38.172,2247.320,77.2,52.3,0.0
9118,0.216,ok,38.172,2247.320,77.2,52.3,0.0
9119,0.241,ok,38.172,2247.320,77.2,52.3,0.0
9120,0.318,ok,38.172,2247.320,77.2,52.3,0.0
9121,0.278,ok,38.172,2247.320,77.2,52.3,0.0
9122,0.274,ok,38.172,2247.320,77.2,52.3,0.0
9123,0.299,ok,38.172,2247.320,77.2,52.3,0.0
9124,0.220,ok,38.172,2247.320,77.2,52.3,0.0
9125,0.184,ok,38.172,2247.320,77.2,52.3,0.0
9126,0.156,ok,38.172,2247.320,77.2,52.3,0.0
9127,0.164,ok,38.172,2247.320,77.2,52.3,0.0
9128,0.188,ok,38.172,2247.320,77.2,52.3,0.0
9129,0.186,ok,38.172,2247.320,77.2,52.3,0.0
9130,0.232,ok,38.172,2247.320,77.2,52.3,0.0
9131,0.205,ok,38.172,2247.320,77.2,52.3,0.0
9132,0.234,ok,38.172,2247.320,77.2,52.3,0.0
9133,0.202,ok,38.172,2247.320,77.2,52.3,0.0
9134,0.195,ok,38.172,2247.320,77.2,52.3,0.0
9135,0.165,ok,38.172,2247.320,77.2,52.3,0.0
9136,0.250,ok,38.172,2247.320,77.2,52.3,0.0
9137,0.197,ok,38.172,2247.320,77.2,52.3,0.0
9138,0.243,ok,38.172,2247.320,77.2,52.3,0.0
9139,0.175,ok,38.172,2247.320,77.2,52.3,0.0
9140,0.187,ok,38.172,2247.320,77.2,52.3,0.0
9141,0.208,ok,38.172,2247.320,77.2,52.3,0.0
9142,0.229,ok,38.172,2247.320,77.2,52.3,0.0
9143,0.234,ok,38.172,2247.320,77.2,52.3,0.0
9144,0.215,ok,38.172,2247.320,77.2,52.3,0.0
9145,0.174,ok,38.172,2247.320,77.2,52.3,0.0
9146,0.401,ok,38.172,2247.320,77.2,52.3,0.0
9147,0.171,ok,38.254,2247.320,71.3,52.3,0.0
9148,0.272,ok,38.254,2247.320,71.3,52.3,0.0
9149,0.179,ok,38.254,2247.320,71.3,52.3,0.0
9150,0.155,ok,38.254,2247.320,71.3,52.3,0.0
9151,0.167,ok,38.254,2247.320,71.3,52.3,0.0
9152,0.194,ok,38.254,2247.320,71.3,52.3,0.0
9153,0.171,ok,38.254,2247.320,71.3,52.3,0.0
9154,0.253,ok,38.254,2247.320,71.3,52.3,0.0
9155,0.229,ok,38.254,2247.320,71.3,52.3,0.0
9156,0.239,ok,38.254,2247.320,71.3,52.3,0.0
9157,0.235,ok,38.254,2247.320,71.3,52.3,0.0
9158,0.221,ok,38.254,2247.320,71.3,52.3,0.0
9159,0.192,ok,38.254,2247.320,71.3,52.3,0.0
9160,0.213,ok,38.254,2247.320,71.3,52.3,0.0
9161,0.287,ok,38.254,2247.320,71.3,52.3,0.0
9162,0.484,ok,38.254,2247.320,71.3,52.3,0.0
9163,0.328,ok,38.254,2247.320,71.3,52.3,0.0
9164,0.240,ok,38.254,2247.320,71.3,52.3,0.0
9165,0.203,ok,38.254,2247.320,71.3,52.3,0.0
9166,0.185,ok,38.254,2247.320,71.3,52.3,0.0
9167,0.172,ok,38.254,2247.320,71.3,52.3,0.0
9168,0.190,ok,38.254,2247.320,71.3,52.3,0.0
9169,0.222,ok,38.254,2247.320,71.3,52.3,0.0
9170,0.226,ok,38.254,2247.320,71.3,52.3,0.0
9171,0.191,ok,38.254,2247.320,71.3,52.3,0.0
9172,0.200,ok,38.254,2247.320,71.3,52.3,0.0
9173,0.204,ok,38.254,2247.320,71.3,52.3,0.0
9174,0.270,ok,38.254,2247.320,71.3,52.3,0.0
9175,0.299,ok,38.254,2247.320,71.3,52.3,0.0
9176,0.231,ok,38.254,2247.320,71.3,52.3,0.0
9177,0.257,ok,38.254,2247.320,71.3,52.3,0.0
9178,0.249,ok,38.254,2247.320,71.3,52.3,0.0
9179,0.199,ok,38.254,2247.320,71.3,52.3,0.0
9180,0.204,ok,38.254,2247.320,71.3,52.3,0.0
9181,0.329,ok,38.254,2247.320,71.3,52.3,0.0
9182,0.209,ok,38.254,2247.320,71.3,52.3,0.0
9183,0.205,ok,38.254,2247.320,71.3,52.3,0.0
9184,0.221,ok,38.254,2247.320,71.3,52.3,0.0
9185,0.239,ok,38.254,2247.320,71.3,52.3,0.0
9186,0.205,ok,38.254,2247.320,71.3,52.3,0.0
9187,0.202,ok,38.254,2247.320,71.3,52.3,0.0
9188,0.182,ok,38.254,2247.320,71.3,52.3,0.0
9189,0.199,ok,38.254,2247.320,71.3,52.3,0.0
9190,0.317,ok,38.254,2247.320,71.3,52.3,0.0
9191,0.275,ok,38.254,2247.320,71.3,52.3,0.0
9192,0.210,ok,38.254,2247.320,71.3,52.3,0.0
9193,0.202,ok,38.254,2247.320,71.3,52.3,0.0
9194,0.206,ok,38.254,2247.320,71.3,52.3,0.0
9195,0.215,ok,38.254,2247.320,71.3,52.3,0.0
9196,0.190,ok,38.254,2247.320,71.3,52.3,0.0
9197,0.192,ok,38.254,2247.320,71.3,52.3,0.0
9198,0.240,ok,38.254,2247.320,71.3,52.3,0.0
9199,0.211,ok,38.254,2247.320,71.3,52.3,0.0
9200,0.198,ok,38.254,2247.320,71.3,52.3,0.0
9201,0.207,ok,38.254,2247.320,71.3,52.3,0.0
9202,0.261,ok,38.254,2247.320,71.3,52.3,0.0
9203,0.346,ok,38.254,2247.320,71.3,52.3,0.0
9204,0.423,ok,38.254,2247.320,71.3,52.3,0.0
9205,0.312,ok,38.254,2247.320,71.3,52.3,0.0
9206,0.477,ok,38.254,2247.320,71.3,52.3,0.0
9207,0.452,ok,38.254,2247.320,71.3,52.3,0.0
9208,0.422,ok,38.254,2247.320,71.3,52.3,0.0
9209,0.347,ok,38.254,2247.320,71.3,52.3,0.0
9210,0.278,ok,38.254,2247.320,71.3,52.3,0.0
9211,0.292,ok,38.254,2247.320,71.3,52.3,0.0
9212,0.361,ok,38.254,2247.320,71.3,52.3,0.0
9213,0.267,ok,38.254,2247.320,71.3,52.3,0.0
9214,0.246,ok,38.254,2247.320,71.3,52.3,0.0
9215,0.238,ok,38.254,2247.320,71.3,52.3,0.0
9216,0.294,ok,38.254,2247.320,71.3,52.3,0.0
9217,0.267,ok,38.254,2247.320,71.3,52.3,0.0
9218,0.258,ok,38.254,2247.320,71.3,52.3,0.0
9219,0.295,ok,38.254,2247.320,71.3,52.3,0.0
9220,0.299,ok,38.254,2247.320,71.3,52.3,0.0
9221,0.276,ok,38.254,2247.320,71.3,52.3,0.0
9222,0.235,ok,38.254,2247.320,71.3,52.3,0.0
9223,0.216,ok,38.254,2247.320,71.3,52.3,0.0
9224,0.279,ok,38.254,2247.320,71.3,52.3,0.0
9225,0.292,ok,38.254,2247.320,71.3,52.3,0.0
9226,0.306,ok,38.254,2247.320,71.3,52.3,0.0
9227,0.397,ok,38.254,2247.320,71.3,52.3,0.0
9228,0.320,ok,38.254,2247.320,71.3,52.3,0.0
9229,0.248,ok,38.254,2247.320,71.3,52.3,0.0
9230,0.263,ok,38.254,2247.320,71.3,52.3,0.0
9231,0.305,ok,38.254,2247.320,71.3,52.3,0.0
9232,0.342,ok,38.254,2247.320,71.3,52.3,0.0
9233,0.464,ok,38.254,2247.320,71.3,52.3,0.0
9234,0.395,ok,38.254,2247.320,71.3,52.3,0.0
9235,0.322,ok,38.254,2247.320,71.3,52.3,0.0
9236,0.326,ok,38.254,2247.320,71.3,52.3,0.0
9237,0.358,ok,38.254,2247.320,71.3,52.3,0.0
9238,0.389,ok,38.254,2247.320,71.3,52.3,0.0
9239,0.255,ok,38.254,2247.320,71.3,52.3,0.0
9240,0.241,ok,38.254,2247.320,71.3,52.3,0.0
9241,0.234,ok,38.254,2247.320,71.3,52.3,0.0
9242,0.201,ok,38.254,2247.320,71.3,52.3,0.0
9243,0.209,ok,38.254,2247.320,71.3,52.3,0.0
9244,0.232,ok,38.254,2247.320,71.3,52.3,0.0
9245,0.203,ok,38.254,2247.320,71.3,52.3,0.0
9246,0.237,ok,38.254,2247.320,71.3,52.3,0.0
9247,0.215,ok,38.254,2247.320,71.3,52.3,0.0
9248,0.249,ok,38.254,2247.320,71.3,52.3,0.0
9249,0.207,ok,38.254,2247.320,71.3,52.3,0.0
9250,0.216,ok,38.254,2247.320,71.3,52.3,0.0
9251,0.212,ok,38.254,2247.320,71.3,52.3,0.0
9252,0.231,ok,38.254,2247.320,71.3,52.3,0.0
9253,0.201,ok,38.254,2247.320,71.3,52.3,0.0
9254,0.241,ok,38.254,2247.320,71.3,52.3,0.0
9255,0.266,ok,38.254,2247.320,71.3,52.3,0.0
9256,0.182,ok,38.254,2247.320,71.3,52.3,0.0
9257,0.165,ok,38.254,2247.320,71.3,52.3,0.0
9258,0.168,ok,38.254,2247.320,71.3,52.3,0.0
9259,0.161,ok,38.254,2247.320,71.3,52.3,0.0
9260,0.163,ok,38.254,2247.320,71.3,52.3,0.0
9261,0.304,ok,38.254,2247.320,71.3,52.3,0.0
9262,0.256,ok,38.254,2247.320,71.3,52.3,0.0
9263,0.239,ok,38.254,2247.320,71.3,52.3,0.0
9264,0.238,ok,38.254,2247.320,71.3,52.3,0.0
9265,0.232,ok,38.254,2247.320,71.3,52.3,0.0
9266,0.208,ok,38.254,2247.320,71.3,52.3,0.0
9267,0.214,ok,38.254,2247.320,71.3,52.3,0.0
9268,0.210,ok,38.254,2247.320,71.3,52.3,0.0
9269,0.204,ok,38.254,2247.320,71.3,52.3,0.0
9270,0.316,ok,38.254,2247.320,71.3,52.3,0.0
9271,0.244,ok,38.254,2247.320,71.3,52.3,0.0
9272,0.237,ok,38.254,2247.320,71.3,52.3,0.0
9273,0.202,ok,38.254,2247.320,71.3,52.3,0.0
9274,0.233,ok,38.254,2247.320,71.3,52.3,0.0
9275,0.201,ok,38.254,2247.320,71.3,52.3,0.0
9276,0.243,ok,38.254,2247.320,71.3,52.3,0.0
9277,0.221,ok,38.254,2247.320,71.3,52.3,0.0
9278,0.231,ok,38.254,2247.320,71.3,52.3,0.0
9279,0.177,ok,38.254,2247.320,71.3,52.3,0.0
9280,0.171,ok,38.254,2247.320,71.3,52.3,0.0
9281,0.186,ok,38.254,2247.320,71.3,52.3,0.0
9282,0.300,ok,38.254,2247.320,71.3,52.3,0.0
9283,0.195,ok,38.254,2247.320,71.3,52.3,0.0
9284,0.187,ok,38.254,2247.320,71.3,52.3,0.0
9285,0.193,ok,38.254,2247.320,71.3,52.3,0.0
9286,0.178,ok,38.254,2247.320,71.3,52.3,0.0
9287,0.199,ok,38.254,2247.320,71.3,52.3,0.0
9288,0.241,ok,38.254,2247.320,71.3,52.3,0.0
9289,0.250,ok,38.254,2247.320,71.3,52.3,0.0
9290,0.229,ok,38.254,2247.320,71.3,52.3,0.0
9291,0.254,ok,38.254,2247.320,71.3,52.3,0.0
9292,0.182,ok,38.254,2247.320,71.3,52.3,0.0
9293,0.209,ok,38.254,2247.320,71.3,52.3,0.0
9294,0.225,ok,38.254,2247.320,71.3,52.3,0.0
9295,0.228,ok,38.254,2247.320,71.3,52.3,0.0
9296,0.197,ok,38.254,2247.320,71.3,52.3,0.0
9297,0.195,ok,38.254,2247.320,71.3,52.3,0.0
9298,0.188,ok,38.254,2247.320,71.3,52.3,0.0
9299,0.189,ok,38.254,2247.320,71.3,52.3,0.0
9300,0.188,ok,38.254,2247.320,71.3,52.3,0.0
9301,0.189,ok,38.254,2247.320,71.3,52.3,0.0
9302,0.192,ok,38.254,2247.320,71.3,52.3,0.0
9303,0.186,ok,38.254,2247.320,71.3,52.3,0.0
9304,0.179,ok,38.254,2247.320,71.3,52.3,0.0
9305,0.180,ok,38.254,2247.320,71.3,52.3,0.0
9306,0.181,ok,38.254,2247.320,71.3,52.3,0.0
9307,0.188,ok,38.254,2247.320,71.3,52.3,0.0
9308,0.179,ok,38.254,2247.320,71.3,52.3,0.0
9309,0.179,ok,38.254,2247.320,71.3,52.3,0.0
9310,0.175,ok,38.254,2247.320,71.3,52.3,0.0
9311,0.191,ok,38.254,2247.320,71.3,52.3,0.0
9312,0.239,ok,38.254,2247.320,71.3,52.3,0.0
9313,0.222,ok,38.254,2247.320,71.3,52.3,0.0
9314,0.248,ok,38.254,2247.320,71.3,52.3,0.0
9315,0.224,ok,38.254,2247.320,71.3,52.3,0.0
9316,0.251,ok,38.254,2247.320,71.3,52.3,0.0
9317,0.242,ok,38.254,2247.320,71.3,52.3,0.0
9318,0.246,ok,38.254,2247.320,71.3,52.3,0.0
9319,0.223,ok,38.254,2247.320,71.3,52.3,0.0
9320,0.226,ok,38.254,2247.320,71.3,52.3,0.0
9321,0.212,ok,38.254,2247.320,71.3,52.3,0.0
9322,0.216,ok,38.254,2247.320,71.3,52.3,0.0
9323,0.208,ok,38.254,2247.320,71.3,52.3,0.0
9324,0.235,ok,38.254,2247.320,71.3,52.3,0.0
9325,0.210,ok,38.254,2247.320,71.3,52.3,0.0
9326,0.211,ok,38.254,2247.320,71.3,52.3,0.0
9327,0.204,ok,38.254,2247.320,71.3,52.3,0.0
9328,0.221,ok,38.254,2247.320,71.3,52.3,0.0
9329,0.235,ok,38.254,2247.320,71.3,52.3,0.0
9330,0.230,ok,38.254,2247.320,71.3,52.3,0.0
9331,0.222,ok,38.254,2247.320,71.3,52.3,0.0
9332,0.269,ok,38.254,2247.320,71.3,52.3,0.0
9333,0.253,ok,38.254,2247.320,71.3,52.3,0.0
9334,0.307,ok,38.254,2247.320,71.3,52.3,0.0
9335,0.260,ok,38.254,2247.320,71.3,52.3,0.0
9336,0.203,ok,38.254,2247.320,71.3,52.3,0.0
9337,0.189,ok,38.254,2247.320,71.3,52.3,0.0
9338,0.187,ok,38.254,2247.320,71.3,52.3,0.0
9339,0.189,ok,38.254,2247.320,71.3,52.3,0.0
9340,0.275,ok,38.254,2247.320,71.3,52.3,0.0
9341,0.256,ok,38.254,2247.320,71.3,52.3,0.0
9342,0.236,ok,38.254,2247.320,71.3,52.3,0.0
9343,0.231,ok,38.254,2247.320,71.3,52.3,0.0
9344,0.270,ok,38.254,2247.320,71.3,52.3,0.0
9345,0.287,ok,38.254,2247.320,71.3,52.3,0.0
9346,0.305,ok,38.254,2247.320,71.3,52.3,0.0
9347,0.286,ok,38.254,2247.320,71.3,52.3,0.0
9348,0.265,ok,38.254,2247.320,71.3,52.3,0.0
9349,0.304,ok,38.254,2247.320,71.3,52.3,0.0
9350,0.239,ok,38.254,2247.320,71.3,52.3,0.0
9351,0.226,ok,38.254,2247.320,71.3,52.3,0.0
9352,0.224,ok,38.254,2247.320,71.3,52.3,0.0
9353,0.215,ok,38.254,2247.320,71.3,52.3,0.0
9354,0.232,ok,38.254,2247.320,71.3,52.3,0.0
9355,0.281,ok,38.254,2247.320,71.3,52.3,0.0
9356,0.225,ok,38.254,2247.320,71.3,52.3,0.0
9357,0.210,ok,38.254,2247.320,71.3,52.3,0.0
9358,0.231,ok,38.254,2247.320,71.3,52.3,0.0
9359,0.252,ok,38.254,2247.320,71.3,52.3,0.0
9360,0.274,ok,38.254,2247.320,71.3,52.3,0.0
9361,0.337,ok,38.254,2247.320,71.3,52.3,0.0
9362,0.230,ok,38.254,2247.320,71.3,52.3,0.0
9363,0.233,ok,38.254,2247.320,71.3,52.3,0.0
9364,0.227,ok,38.254,2247.320,71.3,52.3,0.0
9365,0.321,ok,38.254,2247.320,71.3,52.3,0.0
9366,0.229,ok,38.254,2247.320,71.3,52.3,0.0
9367,0.221,ok,38.254,2247.320,71.3,52.3,0.0
9368,0.249,ok,38.254,2247.320,71.3,52.3,0.0
9369,0.290,ok,38.254,2247.320,71.3,52.3,0.0
9370,0.354,ok,38.254,2247.320,71.3,52.3,0.0
9371,0.285,ok,38.254,2247.320,71.3,52.3,0.0
9372,0.280,ok,38.254,2247.320,71.3,52.3,0.0
9373,0.252,ok,38.254,2247.320,71.3,52.3,0.0
9374,0.274,ok,38.254,2247.320,71.3,52.3,0.0
9375,0.354,ok,38.254,2247.320,71.3,52.3,0.0
9376,0.428,ok,38.254,2247.320,71.3,52.3,0.0
9377,0.287,ok,38.254,2247.320,71.3,52.3,0.0
9378,0.224,ok,38.254,2247.320,71.3,52.3,0.0
9379,0.202,ok,38.254,2247.320,71.3,52.3,0.0
9380,0.184,ok,38.254,2247.320,71.3,52.3,0.0
9381,0.172,ok,38.254,2247.320,71.3,52.3,0.0
9382,0.159,ok,38.254,2247.320,71.3,52.3,0.0
9383,0.154,ok,38.254,2247.320,71.3,52.3,0.0
9384,0.171,ok,38.254,2247.320,71.3,52.3,0.0
9385,0.157,ok,38.254,2247.320,71.3,52.3,0.0
9386,0.153,ok,38.254,2247.320,71.3,52.3,0.0
9387,0.152,ok,38.254,2247.320,71.3,52.3,0.0
9388,0.182,ok,38.254,2247.320,71.3,52.3,0.0
9389,0.147,ok,38.254,2247.320,71.3,52.3,0.0
9390,0.148,ok,38.254,2247.320,71.3,52.3,0.0
9391,0.150,ok,38.254,2247.320,71.3,52.3,0.0
9392,0.152,ok,38.254,2247.320,71.3,52.3,0.0
9393,0.162,ok,38.254,2247.320,71.3,52.3,0.0
9394,0.151,ok,38.254,2247.320,71.3,52.3,0.0
9395,0.149,ok,38.254,2247.320,71.3,52.3,0.0
9396,0.150,ok,38.254,2247.320,71.3,52.3,0.0
9397,0.161,ok,38.254,2247.320,71.3,52.3,0.0
9398,0.229,ok,38.254,2247.320,71.3,52.3,0.0
9399,0.223,ok,38.254,2247.320,71.3,52.3,0.0
9400,0.187,ok,38.254,2247.320,71.3,52.3,0.0
9401,0.169,ok,38.254,2247.320,71.3,52.3,0.0
9402,0.170,ok,38.254,2247.320,71.3,52.3,0.0
9403,0.206,ok,38.254,2247.320,71.3,52.3,0.0
9404,0.290,ok,38.254,2247.320,71.3,52.3,0.0
9405,0.257,ok,38.254,2247.320,71.3,52.3,0.0
9406,0.200,ok,38.254,2247.320,71.3,52.3,0.0
9407,0.249,ok,38.254,2247.320,71.3,52.3,0.0
9408,0.219,ok,38.254,2247.320,71.3,52.3,0.0
9409,0.184,ok,38.254,2247.320,71.3,52.3,0.0
9410,0.183,ok,38.254,2247.320,71.3,52.3,0.0
9411,0.183,ok,38.254,2247.320,71.3,52.3,0.0
9412,0.218,ok,38.254,2247.320,71.3,52.3,0.0
9413,0.238,ok,38.254,2247.320,71.3,52.3,0.0
9414,0.245,ok,38.254,2247.320,71.3,52.3,0.0
9415,0.219,ok,38.254,2247.320,71.3,52.3,0.0
9416,0.211,ok,38.254,2247.320,71.3,52.3,0.0
9417,0.199,ok,38.254,2247.320,71.3,52.3,0.0
9418,0.255,ok,38.254,2247.320,71.3,52.3,0.0
9419,0.293,ok,38.254,2247.320,71.3,52.3,0.0
9420,0.274,ok,38.254,2247.320,71.3,52.3,0.0
9421,0.281,ok,38.254,2247.320,71.3,52.3,0.0
9422,0.263,ok,38.254,2247.320,71.3,52.3,0.0
9423,0.293,ok,38.254,2247.320,71.3,52.3,0.0
9424,0.243,ok,38.254,2247.320,71.3,52.3,0.0
9425,0.218,ok,38.254,2247.320,71.3,52.3,0.0
9426,0.260,ok,38.254,2247.320,71.3,52.3,0.0
9427,0.367,ok,38.254,2247.320,71.3,52.3,0.0
9428,0.281,ok,38.254,2247.320,71.3,52.3,0.0
9429,0.270,ok,38.254,2247.320,71.3,52.3,0.0
9430,0.299,ok,38.254,2247.320,71.3,52.3,0.0
9431,0.296,ok,38.254,2247.320,71.3,52.3,0.0
9432,0.248,ok,38.254,2247.320,71.3,52.3,0.0
9433,0.296,ok,38.254,2247.320,71.3,52.3,0.0
9434,0.211,ok,38.254,2247.320,71.3,52.3,0.0
9435,0.248,ok,38.254,2247.320,71.3,52.3,0.0
9436,0.205,ok,38.254,2247.320,71.3,52.3,0.0
9437,0.199,ok,38.254,2247.320,71.3,52.3,0.0
9438,0.198,ok,38.254,2247.320,71.3,52.3,0.0
9439,0.268,ok,38.254,2247.320,71.3,52.3,0.0
9440,0.424,ok,38.254,2247.320,71.3,52.3,0.0
9441,0.386,ok,38.254,2247.320,71.3,52.3,0.0
9442,0.358,ok,38.254,2247.320,71.3,52.3,0.0
9443,0.294,ok,38.254,2247.320,71.3,52.3,0.0
9444,0.386,ok,38.254,2247.320,71.3,52.3,0.0
9445,0.352,ok,38.254,2247.320,71.3,52.3,0.0
9446,0.268,ok,38.254,2247.320,71.3,52.3,0.0
9447,0.251,ok,38.254,2247.320,71.3,52.3,0.0
9448,0.253,ok,38.254,2247.320,71.3,52.3,0.0
9449,0.252,ok,38.254,2247.320,71.3,52.3,0.0
9450,0.220,ok,38.254,2247.320,71.3,52.3,0.0
9451,0.201,ok,38.254,2247.320,71.3,52.3,0.0
9452,0.201,ok,38.254,2247.320,71.3,52.3,0.0
9453,0.209,ok,38.254,2247.320,71.3,52.3,0.0
9454,0.205,ok,38.254,2247.320,71.3,52.3,0.0
9455,0.241,ok,38.254,2247.320,71.3,52.3,0.0
9456,0.249,ok,38.254,2247.320,71.3,52.3,0.0
9457,0.213,ok,38.254,2247.320,71.3,52.3,0.0
9458,0.219,ok,38.254,2247.320,71.3,52.3,0.0
9459,0.205,ok,38.254,2247.320,71.3,52.3,0.0
9460,0.197,ok,38.254,2247.320,71.3,52.3,0.0
9461,0.181,ok,38.254,2247.320,71.3,52.3,0.0
9462,0.219,ok,38.254,2247.320,71.3,52.3,0.0
9463,0.186,ok,38.254,2247.320,71.3,52.3,0.0
9464,0.188,ok,38.254,2247.320,71.3,52.3,0.0
9465,0.187,ok,38.254,2247.320,71.3,52.3,0.0
9466,0.177,ok,38.254,2247.320,71.3,52.3,0.0
9467,0.178,ok,38.254,2247.320,71.3,52.3,0.0
9468,0.193,ok,38.254,2247.320,71.3,52.3,0.0
9469,0.173,ok,38.254,2247.320,71.3,52.3,0.0
9470,0.179,ok,38.254,2247.320,71.3,52.3,0.0
9471,0.247,ok,38.254,2247.320,71.3,52.3,0.0
9472,0.228,ok,38.254,2247.320,71.3,52.3,0.0
9473,0.241,ok,38.254,2247.320,71.3,52.3,0.0
9474,0.238,ok,38.254,2247.320,71.3,52.3,0.0
9475,0.220,ok,38.254,2247.320,71.3,52.3,0.0
9476,0.227,ok,38.254,2247.320,71.3,52.3,0.0
9477,0.244,ok,38.254,2247.320,71.3,52.3,0.0
9478,0.233,ok,38.254,2247.320,71.3,52.3,0.0
9479,0.220,ok,38.254,2247.320,71.3,52.3,0.0
9480,0.226,ok,38.254,2247.320,71.3,52.3,0.0
9481,0.271,ok,38.254,2247.320,71.3,52.3,0.0
9482,0.211,ok,38.254,2247.320,71.3,52.3,0.0
9483,0.229,ok,38.254,2247.320,71.3,52.3,0.0
9484,0.181,ok,38.254,2247.320,71.3,52.3,0.0
9485,0.182,ok,38.254,2247.320,71.3,52.3,0.0
9486,0.237,ok,38.254,2247.320,71.3,52.3,0.0
9487,0.208,ok,38.254,2247.320,71.3,52.3,0.0
9488,0.152,ok,38.254,2247.320,71.3,52.3,0.0
9489,0.142,ok,38.254,2247.320,71.3,52.3,0.0
9490,0.128,ok,38.254,2247.320,71.3,52.3,0.0
9491,0.133,ok,38.254,2247.320,71.3,52.3,0.0
9492,0.134,ok,38.254,2247.320,71.3,52.3,0.0
9493,0.134,ok,38.254,2247.320,71.3,52.3,0.0
9494,0.125,ok,38.254,2247.320,71.3,52.3,0.0
9495,0.131,ok,38.254,2247.320,71.3,52.3,0.0
9496,0.125,ok,38.254,2247.320,71.3,52.3,0.0
9497,0.131,ok,38.254,2247.320,71.3,52.3,0.0
9498,0.126,ok,38.254,2247.320,71.3,52.3,0.0
9499,0.145,ok,38.254,2247.320,71.3,52.3,0.0
9500,0.165,ok,38.254,2247.320,71.3,52.3,0.0
9501,0.136,ok,38.254,2247.320,71.3,52.3,0.0
9502,0.138,ok,38.254,2247.320,71.3,52.3,0.0
9503,0.135,ok,38.254,2247.320,71.3,52.3,0.0
9504,0.165,ok,38.254,2247.320,71.3,52.3,0.0
9505,0.125,ok,38.254,2247.320,71.3,52.3,0.0
9506,0.128,ok,38.254,2247.320,71.3,52.3,0.0
9507,0.127,ok,38.254,2247.320,71.3,52.3,0.0
9508,0.127,ok,38.254,2247.320,71.3,52.3,0.0
9509,0.122,ok,38.254,2247.320,71.3,52.3,0.0
9510,0.125,ok,38.254,2247.320,71.3,52.3,0.0
9511,0.124,ok,38.254,2247.320,71.3,52.3,0.0
9512,0.125,ok,38.254,2247.320,71.3,52.3,0.0
9513,0.120,ok,38.254,2247.320,71.3,52.3,0.0
9514,0.120,ok,38.254,2247.320,71.3,52.3,0.0
9515,0.127,ok,38.254,2247.320,71.3,52.3,0.0
9516,0.137,ok,38.254,2247.320,71.3,52.3,0.0
9517,0.125,ok,38.254,2247.320,71.3,52.3,0.0
9518,0.122,ok,38.254,2247.320,71.3,52.3,0.0
9519,0.131,ok,38.254,2247.320,71.3,52.3,0.0
9520,0.120,ok,38.254,2247.320,71.3,52.3,0.0
9521,0.120,ok,38.254,2247.320,71.3,52.3,0.0
9522,0.120,ok,38.254,2247.320,71.3,52.3,0.0
9523,0.128,ok,38.254,2247.320,71.3,52.3,0.0
9524,0.138,ok,38.254,2247.320,71.3,52.3,0.0
9525,0.170,ok,38.254,2247.320,71.3,52.3,0.0
9526,0.183,ok,38.254,2247.320,71.3,52.3,0.0
9527,0.143,ok,38.254,2247.320,71.3,52.3,0.0
9528,0.134,ok,38.254,2247.320,71.3,52.3,0.0
9529,0.143,ok,38.254,2247.320,71.3,52.3,0.0
9530,0.140,ok,38.254,2247.320,71.3,52.3,0.0
9531,0.140,ok,38.254,2247.320,71.3,52.3,0.0
9532,0.137,ok,38.254,2247.320,71.3,52.3,0.0
9533,0.136,ok,38.254,2247.320,71.3,52.3,0.0
9534,0.132,ok,38.254,2247.320,71.3,52.3,0.0
9535,0.140,ok,38.254,2247.320,71.3,52.3,0.0
9536,0.310,ok,38.254,2247.320,71.3,52.3,0.0
9537,0.212,ok,38.254,2247.320,71.3,52.3,0.0
9538,0.199,ok,38.254,2247.320,71.3,52.3,0.0
9539,0.285,ok,38.254,2247.320,71.3,52.3,0.0
9540,0.304,ok,38.254,2247.320,71.3,52.3,0.0
9541,0.220,ok,38.254,2247.320,71.3,52.3,0.0
9542,0.189,ok,38.254,2247.320,71.3,52.3,0.0
9543,0.184,ok,38.254,2247.320,71.3,52.3,0.0
9544,0.179,ok,38.254,2247.320,71.3,52.3,0.0
9545,0.210,ok,38.254,2247.320,71.3,52.3,0.0
9546,0.194,ok,38.254,2247.320,71.3,52.3,0.0
9547,0.221,ok,38.254,2247.320,71.3,52.3,0.0
9548,0.183,ok,38.254,2247.320,71.3,52.3,0.0
9549,0.183,ok,38.254,2247.320,71.3,52.3,0.0
9550,0.195,ok,38.254,2247.320,71.3,52.3,0.0
9551,0.189,ok,38.254,2247.320,71.3,52.3,0.0
9552,0.197,ok,38.254,2247.320,71.3,52.3,0.0
9553,0.191,ok,38.254,2247.320,71.3,52.3,0.0
9554,0.189,ok,38.254,2247.320,71.3,52.3,0.0
9555,0.193,ok,38.254,2247.320,71.3,52.3,0.0
9556,0.224,ok,38.254,2247.320,71.3,52.3,0.0
9557,0.190,ok,38.254,2247.320,71.3,52.3,0.0
9558,0.179,ok,38.254,2247.320,71.3,52.3,0.0
9559,0.177,ok,38.254,2247.320,71.3,52.3,0.0
9560,0.180,ok,38.254,2247.320,71.3,52.3,0.0
9561,0.179,ok,38.254,2247.320,71.3,52.3,0.0
9562,0.174,ok,38.254,2247.320,71.3,52.3,0.0
9563,0.175,ok,38.254,2247.320,71.3,52.3,0.0
9564,0.171,ok,38.254,2247.320,71.3,52.3,0.0
9565,0.175,ok,38.254,2247.320,71.3,52.3,0.0
9566,0.181,ok,38.254,2247.320,71.3,52.3,0.0
9567,0.191,ok,38.254,2247.320,71.3,52.3,0.0
9568,0.212,ok,38.254,2247.320,71.3,52.3,0.0
9569,0.180,ok,38.254,2247.320,71.3,52.3,0.0
9570,0.173,ok,38.254,2247.320,71.3,52.3,0.0
9571,0.182,ok,38.254,2247.320,71.3,52.3,0.0
9572,0.176,ok,38.254,2247.320,71.3,52.3,0.0
9573,0.184,ok,38.254,2247.320,71.3,52.3,0.0
9574,0.277,ok,38.254,2247.320,71.3,52.3,0.0
9575,0.196,ok,38.254,2247.320,71.3,52.3,0.0
9576,0.186,ok,38.254,2247.320,71.3,52.3,0.0
9577,0.179,ok,38.254,2247.320,71.3,52.3,0.0
9578,0.174,ok,38.254,2247.320,71.3,52.3,0.0
9579,0.178,ok,38.254,2247.320,71.3,52.3,0.0
9580,0.192,ok,38.254,2247.320,71.3,52.3,0.0
9581,0.179,ok,38.254,2247.320,71.3,52.3,0.0
9582,0.234,ok,38.254,2247.320,71.3,52.3,0.0
9583,0.223,ok,38.254,2247.320,71.3,52.3,0.0
9584,0.209,ok,38.254,2247.320,71.3,52.3,0.0
9585,0.207,ok,38.254,2247.320,71.3,52.3,0.0
9586,0.215,ok,38.254,2247.320,71.3,52.3,0.0
9587,0.214,ok,38.254,2247.320,71.3,52.3,0.0
9588,0.225,ok,38.254,2247.320,71.3,52.3,0.0
9589,0.207,ok,38.254,2247.320,71.3,52.3,0.0
9590,0.241,ok,38.254,2247.320,71.3,52.3,0.0
9591,0.224,ok,38.254,2247.320,71.3,52.3,0.0
9592,0.210,ok,38.254,2247.320,71.3,52.3,0.0
9593,0.204,ok,38.254,2247.320,71.3,52.3,0.0
9594,0.204,ok,38.254,2247.320,71.3,52.3,0.0
9595,0.207,ok,38.254,2247.320,71.3,52.3,0.0
9596,0.224,ok,38.254,2247.320,71.3,52.3,0.0
9597,0.233,ok,38.254,2247.320,71.3,52.3,0.0
9598,0.180,ok,38.254,2247.320,71.3,52.3,0.0
9599,0.182,ok,38.254,2247.320,71.3,52.3,0.0
9600,0.249,ok,38.254,2247.320,71.3,52.3,0.0
9601,0.202,ok,38.254,2247.320,71.3,52.3,0.0
9602,0.266,ok,38.254,2247.320,71.3,52.3,0.0
9603,0.223,ok,38.254,2247.320,71.3,52.3,0.0
9604,0.216,ok,38.254,2247.320,71.3,52.3,0.0
9605,0.207,ok,38.254,2247.320,71.3,52.3,0.0
9606,0.215,ok,38.254,2247.320,71.3,52.3,0.0
9607,0.198,ok,38.254,2247.320,71.3,52.3,0.0
9608,0.198,ok,38.254,2247.320,71.3,52.3,0.0
9609,0.215,ok,38.254,2247.320,71.3,52.3,0.0
9610,0.202,ok,38.254,2247.320,71.3,52.3,0.0
9611,0.235,ok,38.254,2247.320,71.3,52.3,0.0
9612,0.201,ok,38.254,2247.320,71.3,52.3,0.0
9613,0.201,ok,38.254,2247.320,71.3,52.3,0.0
9614,0.217,ok,38.254,2247.320,71.3,52.3,0.0
9615,0.207,ok,38.254,2247.320,71.3,52.3,0.0
9616,0.199,ok,38.254,2247.320,71.3,52.3,0.0
9617,0.198,ok,38.254,2247.320,71.3,52.3,0.0
9618,0.195,ok,38.254,2247.320,71.3,52.3,0.0
9619,0.249,ok,38.254,2247.320,71.3,52.3,0.0
9620,0.212,ok,38.254,2247.320,71.3,52.3,0.0
9621,0.183,ok,38.254,2247.320,71.3,52.3,0.0
9622,0.176,ok,38.254,2247.320,71.3,52.3,0.0
9623,0.199,ok,38.254,2247.320,71.3,52.3,0.0
9624,0.187,ok,38.254,2247.320,71.3,52.3,0.0
9625,0.213,ok,38.254,2247.320,71.3,52.3,0.0
9626,0.213,ok,38.254,2247.320,71.3,52.3,0.0
9627,0.181,ok,38.254,2247.320,71.3,52.3,0.0
9628,0.174,ok,38.254,2247.320,71.3,52.3,0.0
9629,0.206,ok,38.254,2247.320,71.3,52.3,0.0
9630,0.258,ok,38.254,2247.320,71.3,52.3,0.0
9631,0.251,ok,38.254,2247.320,71.3,52.3,0.0
9632,0.281,ok,38.254,2247.320,71.3,52.3,0.0
9633,0.256,ok,38.254,2247.320,71.3,52.3,0.0
9634,0.396,ok,38.254,2247.320,71.3,52.3,0.0
9635,0.330,ok,38.254,2247.320,71.3,52.3,0.0
9636,0.309,ok,38.254,2247.320,71.3,52.3,0.0
9637,0.268,ok,38.254,2247.320,71.3,52.3,0.0
9638,0.238,ok,38.254,2247.320,71.3,52.3,0.0
9639,0.297,ok,38.254,2247.320,71.3,52.3,0.0
9640,0.290,ok,38.254,2247.320,71.3,52.3,0.0
9641,0.239,ok,38.254,2247.320,71.3,52.3,0.0
9642,0.198,ok,38.254,2247.320,71.3,52.3,0.0
9643,0.178,ok,38.254,2247.320,71.3,52.3,0.0
9644,0.227,ok,38.254,2247.320,71.3,52.3,0.0
9645,0.222,ok,38.254,2247.320,71.3,52.3,0.0
9646,0.192,ok,38.254,2247.320,71.3,52.3,0.0
9647,0.182,ok,38.254,2247.320,71.3,52.3,0.0
9648,0.180,ok,38.254,2247.320,71.3,52.3,0.0
9649,0.211,ok,38.254,2247.320,71.3,52.3,0.0
9650,0.185,ok,38.254,2247.320,71.3,52.3,0.0
9651,0.168,ok,38.254,2247.320,71.3,52.3,0.0
9652,0.177,ok,38.254,2247.320,71.3,52.3,0.0
9653,0.163,ok,38.254,2247.320,71.3,52.3,0.0
9654,0.200,ok,38.254,2247.320,71.3,52.3,0.0
9655,0.173,ok,38.254,2247.320,71.3,52.3,0.0
9656,0.203,ok,38.254,2247.320,71.3,52.3,0.0
9657,0.228,ok,38.254,2247.320,71.3,52.3,0.0
9658,0.170,ok,38.254,2247.320,71.3,52.3,0.0
9659,0.163,ok,38.254,2247.320,71.3,52.3,0.0
9660,0.167,ok,38.254,2247.320,71.3,52.3,0.0
9661,0.162,ok,38.254,2247.320,71.3,52.3,0.0
9662,0.158,ok,38.254,2247.320,71.3,52.3,0.0
9663,0.173,ok,38.254,2247.320,71.3,52.3,0.0
9664,0.285,ok,38.254,2247.320,71.3,52.3,0.0
9665,0.330,ok,38.254,2247.320,71.3,52.3,0.0
9666,0.265,ok,38.254,2247.320,71.3,52.3,0.0
9667,0.287,ok,38.254,2247.320,71.3,52.3,0.0
9668,0.249,ok,38.254,2247.320,71.3,52.3,0.0
9669,0.221,ok,38.254,2247.320,71.3,52.3,0.0
9670,0.258,ok,38.254,2247.320,71.3,52.3,0.0
9671,0.234,ok,38.254,2247.320,71.3,52.3,0.0
9672,0.259,ok,38.254,2247.320,71.3,52.3,0.0
9673,0.226,ok,38.254,2247.320,71.3,52.3,0.0
9674,0.222,ok,38.254,2247.320,71.3,52.3,0.0
9675,0.247,ok,38.254,2247.320,71.3,52.3,0.0
9676,0.220,ok,38.254,2247.320,71.3,52.3,0.0
9677,0.227,ok,38.254,2247.320,71.3,52.3,0.0
9678,0.221,ok,38.254,2247.320,71.3,52.3,0.0
9679,0.205,ok,38.254,2247.320,71.3,52.3,0.0
9680,0.210,ok,38.254,2247.320,71.3,52.3,0.0
9681,0.217,ok,38.254,2247.320,71.3,52.3,0.0
9682,0.225,ok,38.254,2247.320,71.3,52.3,0.0
9683,0.220,ok,38.254,2247.320,71.3,52.3,0.0
9684,0.220,ok,38.254,2247.320,71.3,52.3,0.0
9685,0.214,ok,38.254,2247.320,71.3,52.3,0.0
9686,0.250,ok,38.254,2247.320,71.3,52.3,0.0
9687,0.243,ok,38.254,2247.320,71.3,52.3,0.0
9688,0.227,ok,38.254,2247.320,71.3,52.3,0.0
9689,0.215,ok,38.254,2247.320,71.3,52.3,0.0
9690,0.219,ok,38.254,2247.320,71.3,52.3,0.0
9691,0.199,ok,38.254,2247.320,71.3,52.3,0.0
9692,0.210,ok,38.254,2247.320,71.3,52.3,0.0
9693,0.181,ok,38.254,2247.320,71.3,52.3,0.0
9694,0.148,ok,38.254,2247.320,71.3,52.3,0.0
9695,0.168,ok,38.254,2247.320,71.3,52.3,0.0
9696,0.390,ok,38.254,2247.320,71.3,52.3,0.0
9697,0.283,ok,38.254,2247.320,71.3,52.3,0.0
9698,0.237,ok,38.254,2247.320,71.3,52.3,0.0
9699,0.232,ok,38.254,2247.320,71.3,52.3,0.0
9700,0.222,ok,38.254,2247.320,71.3,52.3,0.0
9701,0.221,ok,38.254,2247.320,71.3,52.3,0.0
9702,0.218,ok,38.254,2247.320,71.3,52.3,0.0
9703,0.222,ok,38.254,2247.320,71.3,52.3,0.0
9704,0.218,ok,38.254,2247.320,71.3,52.3,0.0
9705,0.215,ok,38.254,2247.320,71.3,52.3,0.0
9706,0.214,ok,38.254,2247.320,71.3,52.3,0.0
9707,0.213,ok,38.254,2247.320,71.3,52.3,0.0
9708,0.223,ok,38.254,2247.320,71.3,52.3,0.0
9709,0.241,ok,38.254,2247.320,71.3,52.3,0.0
9710,0.240,ok,38.254,2247.320,71.3,52.3,0.0
9711,0.221,ok,38.254,2247.320,71.3,52.3,0.0
9712,0.229,ok,38.254,2247.320,71.3,52.3,0.0
9713,0.228,ok,38.254,2247.320,71.3,52.3,0.0
9714,0.252,ok,38.254,2247.320,71.3,52.3,0.0
9715,0.260,ok,38.254,2247.320,71.3,52.3,0.0
9716,0.218,ok,38.254,2247.320,71.3,52.3,0.0
9717,0.240,ok,38.254,2247.320,71.3,52.3,0.0
9718,0.288,ok,38.254,2247.320,71.3,52.3,0.0
9719,0.245,ok,38.254,2247.320,71.3,52.3,0.0
9720,0.241,ok,38.254,2247.320,71.3,52.3,0.0
9721,0.254,ok,38.254,2247.320,71.3,52.3,0.0
9722,0.225,ok,38.254,2247.320,71.3,52.3,0.0
9723,0.214,ok,38.254,2247.320,71.3,52.3,0.0
9724,0.212,ok,38.254,2247.320,71.3,52.3,0.0
9725,0.216,ok,38.254,2247.320,71.3,52.3,0.0
9726,0.211,ok,38.254,2247.320,71.3,52.3,0.0
9727,0.210,ok,38.254,2247.320,71.3,52.3,0.0
9728,0.219,ok,38.254,2247.320,71.3,52.3,0.0
9729,0.190,ok,38.254,2247.320,71.3,52.3,0.0
9730,0.199,ok,38.254,2247.320,71.3,52.3,0.0
9731,0.261,ok,38.254,2247.320,71.3,52.3,0.0
9732,0.222,ok,38.254,2247.320,71.3,52.3,0.0
9733,0.209,ok,38.254,2247.320,71.3,52.3,0.0
9734,0.264,ok,38.254,2247.320,71.3,52.3,0.0
9735,0.241,ok,38.254,2247.320,71.3,52.3,0.0
9736,0.227,ok,38.254,2247.320,71.3,52.3,0.0
9737,0.203,ok,38.254,2247.320,71.3,52.3,0.0
9738,0.202,ok,38.254,2247.320,71.3,52.3,0.0
9739,0.231,ok,38.254,2247.320,71.3,52.3,0.0
9740,0.181,ok,38.254,2247.320,71.3,52.3,0.0
9741,0.177,ok,38.254,2247.320,71.3,52.3,0.0
9742,0.188,ok,38.254,2247.320,71.3,52.3,0.0
9743,0.186,ok,38.254,2247.320,71.3,52.3,0.0
9744,0.195,ok,38.254,2247.320,71.3,52.3,0.0
9745,0.197,ok,38.254,2247.320,71.3,52.3,0.0
9746,0.189,ok,38.254,2247.320,71.3,52.3,0.0
9747,0.180,ok,38.254,2247.320,71.3,52.3,0.0
9748,0.190,ok,38.254,2247.320,71.3,52.3,0.0
9749,0.252,ok,38.254,2247.320,71.3,52.3,0.0
9750,0.224,ok,38.254,2247.320,71.3,52.3,0.0
9751,0.214,ok,38.254,2247.320,71.3,52.3,0.0
9752,0.188,ok,38.254,2247.320,71.3,52.3,0.0
9753,0.186,ok,38.254,2247.320,71.3,52.3,0.0
9754,0.195,ok,38.254,2247.320,71.3,52.3,0.0
9755,0.171,ok,38.254,2247.320,71.3,52.3,0.0
9756,0.170,ok,38.254,2247.320,71.3,52.3,0.0
9757,0.167,ok,38.254,2247.320,71.3,52.3,0.0
9758,0.182,ok,38.254,2247.320,71.3,52.3,0.0
9759,0.176,ok,38.254,2247.320,71.3,52.3,0.0
9760,0.228,ok,38.254,2247.320,71.3,52.3,0.0
9761,0.201,ok,38.254,2247.320,71.3,52.3,0.0
9762,0.202,ok,38.254,2247.320,71.3,52.3,0.0
9763,0.190,ok,38.254,2247.320,71.3,52.3,0.0
9764,0.202,ok,38.254,2247.320,71.3,52.3,0.0
9765,0.147,ok,38.254,2247.320,71.3,52.3,0.0
9766,0.205,ok,38.254,2247.320,71.3,52.3,0.0
9767,0.241,ok,38.254,2247.320,71.3,52.3,0.0
9768,0.231,ok,38.254,2247.320,71.3,52.3,0.0
9769,0.225,ok,38.254,2247.320,71.3,52.3,0.0
9770,0.228,ok,38.254,2247.320,71.3,52.3,0.0
9771,0.215,ok,38.254,2247.320,71.3,52.3,0.0
9772,0.213,ok,38.254,2247.320,71.3,52.3,0.0
9773,0.201,ok,38.254,2247.320,71.3,52.3,0.0
9774,0.212,ok,38.254,2247.320,71.3,52.3,0.0
9775,0.193,ok,38.254,2247.320,71.3,52.3,0.0
9776,0.188,ok,38.254,2247.320,71.3,52.3,0.0
9777,0.204,ok,38.254,2247.320,71.3,52.3,0.0
9778,0.262,ok,38.254,2247.320,71.3,52.3,0.0
9779,0.245,ok,38.254,2247.320,71.3,52.3,0.0
9780,0.226,ok,38.254,2247.320,71.3,52.3,0.0
9781,0.215,ok,38.254,2247.320,71.3,52.3,0.0
9782,0.243,ok,38.254,2247.320,71.3,52.3,0.0
9783,0.214,ok,38.254,2247.320,71.3,52.3,0.0
9784,0.269,ok,38.254,2247.320,71.3,52.3,0.0
9785,0.276,ok,38.254,2247.320,71.3,52.3,0.0
9786,0.222,ok,38.254,2247.320,71.3,52.3,0.0
9787,0.208,ok,38.254,2247.320,71.3,52.3,0.0
9788,0.196,ok,38.254,2247.320,71.3,52.3,0.0
9789,0.204,ok,38.254,2247.320,71.3,52.3,0.0
9790,0.202,ok,38.254,2247.320,71.3,52.3,0.0
9791,0.206,ok,38.254,2247.320,71.3,52.3,0.0
9792,0.199,ok,38.254,2247.320,71.3,52.3,0.0
9793,0.197,ok,38.254,2247.320,71.3,52.3,0.0
9794,0.206,ok,38.254,2247.320,71.3,52.3,0.0
9795,0.194,ok,38.254,2247.320,71.3,52.3,0.0
9796,0.197,ok,38.254,2247.320,71.3,52.3,0.0
9797,0.201,ok,38.254,2247.320,71.3,52.3,0.0
9798,0.195,ok,38.254,2247.320,71.3,52.3,0.0
9799,0.195,ok,38.254,2247.320,71.3,52.3,0.0
9800,0.191,ok,38.254,2247.320,71.3,52.3,0.0
9801,0.197,ok,38.254,2247.320,71.3,52.3,0.0
9802,0.201,ok,38.254,2247.320,71.3,52.3,0.0
9803,0.262,ok,38.254,2247.320,71.3,52.3,0.0
9804,0.210,ok,38.254,2247.320,71.3,52.3,0.0
9805,0.205,ok,38.254,2247.320,71.3,52.3,0.0
9806,0.206,ok,38.254,2247.320,71.3,52.3,0.0
9807,0.207,ok,38.254,2247.320,71.3,52.3,0.0
9808,0.258,ok,38.254,2247.320,71.3,52.3,0.0
9809,0.232,ok,38.254,2247.320,71.3,52.3,0.0
9810,0.227,ok,38.254,2247.320,71.3,52.3,0.0
9811,0.207,ok,38.254,2247.320,71.3,52.3,0.0
9812,0.197,ok,38.254,2247.320,71.3,52.3,0.0
9813,0.195,ok,38.254,2247.320,71.3,52.3,0.0
9814,0.193,ok,38.254,2247.320,71.3,52.3,0.0
9815,0.211,ok,38.254,2247.320,71.3,52.3,0.0
9816,0.215,ok,38.254,2247.320,71.3,52.3,0.0
9817,0.208,ok,38.254,2247.320,71.3,52.3,0.0
9818,0.199,ok,38.254,2247.320,71.3,52.3,0.0
9819,0.195,ok,38.254,2247.320,71.3,52.3,0.0
9820,0.198,ok,38.254,2247.320,71.3,52.3,0.0
9821,0.196,ok,38.254,2247.320,71.3,52.3,0.0
9822,0.192,ok,38.254,2247.320,71.3,52.3,0.0
9823,0.193,ok,38.254,2247.320,71.3,52.3,0.0
9824,0.227,ok,38.254,2247.320,71.3,52.3,0.0
9825,0.200,ok,38.254,2247.320,71.3,52.3,0.0
9826,0.253,ok,38.254,2247.320,71.3,52.3,0.0
9827,0.195,ok,38.254,2247.320,71.3,52.3,0.0
9828,0.187,ok,38.254,2247.320,71.3,52.3,0.0
9829,0.184,ok,38.254,2247.320,71.3,52.3,0.0
9830,0.195,ok,38.254,2247.320,71.3,52.3,0.0
9831,0.279,ok,38.254,2247.320,71.3,52.3,0.0
9832,0.296,ok,38.254,2247.320,71.3,52.3,0.0
9833,0.240,ok,38.254,2247.320,71.3,52.3,0.0
9834,0.259,ok,38.254,2247.320,71.3,52.3,0.0
9835,0.233,ok,38.254,2247.320,71.3,52.3,0.0
9836,0.220,ok,38.254,2247.320,71.3,52.3,0.0
9837,0.238,ok,38.254,2247.320,71.3,52.3,0.0
9838,0.277,ok,38.254,2247.320,71.3,52.3,0.0
9839,0.265,ok,38.254,2247.320,71.3,52.3,0.0
9840,0.272,ok,38.254,2247.320,71.3,52.3,0.0
9841,0.389,ok,38.254,2247.320,71.3,52.3,0.0
9842,0.286,ok,38.254,2247.320,71.3,52.3,0.0
9843,0.340,ok,38.254,2247.320,71.3,52.3,0.0
9844,0.311,ok,38.254,2247.320,71.3,52.3,0.0
9845,0.313,ok,38.254,2247.320,71.3,52.3,0.0
9846,0.344,ok,38.254,2247.320,71.3,52.3,0.0
9847,0.290,ok,38.254,2247.320,71.3,52.3,0.0
9848,0.345,ok,38.254,2247.320,71.3,52.3,0.0
9849,0.310,ok,38.254,2247.320,71.3,52.3,0.0
9850,0.270,ok,38.254,2247.320,71.3,52.3,0.0
9851,0.212,ok,38.254,2247.320,71.3,52.3,0.0
9852,0.173,ok,38.254,2247.320,71.3,52.3,0.0
9853,0.171,ok,38.254,2247.320,71.3,52.3,0.0
9854,0.178,ok,38.254,2247.320,71.3,52.3,0.0
9855,0.244,ok,38.254,2247.320,71.3,52.3,0.0
9856,0.230,ok,38.254,2247.320,71.3,52.3,0.0
9857,0.205,ok,38.254,2247.320,71.3,52.3,0.0
9858,0.180,ok,38.254,2247.320,71.3,52.3,0.0
9859,0.169,ok,38.254,2247.320,71.3,52.3,0.0
9860,0.194,ok,38.254,2247.320,71.3,52.3,0.0
9861,0.175,ok,38.254,2247.320,71.3,52.3,0.0
9862,0.170,ok,38.254,2247.320,71.3,52.3,0.0
9863,0.166,ok,38.254,2247.320,71.3,52.3,0.0
9864,0.296,ok,38.254,2247.320,71.3,52.3,0.0
9865,0.238,ok,38.254,2247.320,71.3,52.3,0.0
9866,0.208,ok,38.254,2247.320,71.3,52.3,0.0
9867,0.234,ok,38.254,2247.320,71.3,52.3,0.0
9868,0.198,ok,38.254,2247.320,71.3,52.3,0.0
9869,0.176,ok,38.254,2247.320,71.3,52.3,0.0
9870,0.160,ok,38.254,2247.320,71.3,52.3,0.0
9871,0.173,ok,38.254,2247.320,71.3,52.3,0.0
9872,0.245,ok,38.254,2247.320,71.3,52.3,0.0
9873,0.232,ok,38.254,2247.320,71.3,52.3,0.0
9874,0.199,ok,38.254,2247.320,71.3,52.3,0.0
9875,0.227,ok,38.254,2247.320,71.3,52.3,0.0
9876,0.198,ok,38.254,2247.320,71.3,52.3,0.0
9877,0.193,ok,38.254,2247.320,71.3,52.3,0.0
9878,0.191,ok,38.254,2247.320,71.3,52.3,0.0
9879,0.195,ok,38.254,2247.320,71.3,52.3,0.0
9880,0.182,ok,38.254,2247.320,71.3,52.3,0.0
9881,0.234,ok,38.254,2247.320,71.3,52.3,0.0
9882,0.188,ok,38.254,2247.320,71.3,52.3,0.0
9883,0.233,ok,38.254,2247.320,71.3,52.3,0.0
9884,0.180,ok,38.254,2247.320,71.3,52.3,0.0
9885,0.207,ok,38.254,2247.320,71.3,52.3,0.0
9886,0.191,ok,38.254,2247.320,71.3,52.3,0.0
9887,0.219,ok,38.254,2247.320,71.3,52.3,0.0
9888,0.260,ok,38.254,2247.320,71.3,52.3,0.0
9889,0.210,ok,38.254,2247.320,71.3,52.3,0.0
9890,0.206,ok,38.254,2247.320,71.3,52.3,0.0
9891,0.220,ok,38.254,2247.320,71.3,52.3,0.0
9892,0.238,ok,38.254,2247.320,71.3,52.3,0.0
9893,0.215,ok,38.254,2247.320,71.3,52.3,0.0
9894,0.196,ok,38.254,2247.320,71.3,52.3,0.0
9895,0.220,ok,38.254,2247.320,71.3,52.3,0.0
9896,0.217,ok,38.254,2247.320,71.3,52.3,0.0
9897,0.268,ok,38.254,2247.320,71.3,52.3,0.0
9898,0.224,ok,38.254,2247.320,71.3,52.3,0.0
9899,0.218,ok,38.254,2247.320,71.3,52.3,0.0
9900,0.201,ok,38.254,2247.320,71.3,52.3,0.0
9901,0.217,ok,38.254,2247.320,71.3,52.3,0.0
9902,0.236,ok,38.254,2247.320,71.3,52.3,0.0
9903,0.239,ok,38.254,2247.320,71.3,52.3,0.0
9904,0.241,ok,38.254,2247.320,71.3,52.3,0.0
9905,0.227,ok,38.254,2247.320,71.3,52.3,0.0
9906,0.201,ok,38.254,2247.320,71.3,52.3,0.0
9907,0.201,ok,38.254,2247.320,71.3,52.3,0.0
9908,0.199,ok,38.254,2247.320,71.3,52.3,0.0
9909,0.188,ok,38.254,2247.320,71.3,52.3,0.0
9910,0.230,ok,38.254,2247.320,71.3,52.3,0.0
9911,0.264,ok,38.254,2247.320,71.3,52.3,0.0
9912,0.230,ok,38.254,2247.320,71.3,52.3,0.0
9913,0.210,ok,38.254,2247.320,71.3,52.3,0.0
9914,0.205,ok,38.254,2247.320,71.3,52.3,0.0
9915,0.207,ok,38.254,2247.320,71.3,52.3,0.0
9916,0.186,ok,38.254,2247.320,71.3,52.3,0.0
9917,0.186,ok,38.254,2247.320,71.3,52.3,0.0
9918,0.193,ok,38.254,2247.320,71.3,52.3,0.0
9919,0.194,ok,38.254,2247.320,71.3,52.3,0.0
9920,0.226,ok,38.254,2247.320,71.3,52.3,0.0
9921,0.245,ok,38.254,2247.320,71.3,52.3,0.0
9922,0.219,ok,38.254,2247.320,71.3,52.3,0.0
9923,0.193,ok,38.254,2247.320,71.3,52.3,0.0
9924,0.184,ok,38.254,2247.320,71.3,52.3,0.0
9925,0.204,ok,38.254,2247.320,71.3,52.3,0.0
9926,0.211,ok,38.254,2247.320,71.3,52.3,0.0
9927,0.224,ok,38.254,2247.320,71.3,52.3,0.0
9928,0.194,ok,38.254,2247.320,71.3,52.3,0.0
9929,0.172,ok,38.254,2247.320,71.3,52.3,0.0
9930,0.163,ok,38.254,2247.320,71.3,52.3,0.0
9931,0.216,ok,38.254,2247.320,71.3,52.3,0.0
9932,0.168,ok,38.254,2247.320,71.3,52.3,0.0
9933,0.174,ok,38.254,2247.320,71.3,52.3,0.0
9934,0.164,ok,38.254,2247.320,71.3,52.3,0.0
9935,0.167,ok,38.254,2247.320,71.3,52.3,0.0
9936,0.184,ok,38.254,2247.320,71.3,52.3,0.0
9937,0.178,ok,38.254,2247.320,71.3,52.3,0.0
9938,0.176,ok,38.254,2247.320,71.3,52.3,0.0
9939,0.180,ok,38.254,2247.320,71.3,52.3,0.0
9940,0.177,ok,38.254,2247.320,71.3,52.3,0.0
9941,0.174,ok,38.254,2247.320,71.3,52.3,0.0
9942,0.190,ok,38.254,2247.320,71.3,52.3,0.0
9943,0.179,ok,38.254,2247.320,71.3,52.3,0.0
9944,0.179,ok,38.254,2247.320,71.3,52.3,0.0
9945,0.173,ok,38.254,2247.320,71.3,52.3,0.0
9946,0.187,ok,38.254,2247.320,71.3,52.3,0.0
9947,0.198,ok,38.254,2247.320,71.3,52.3,0.0
9948,0.161,ok,38.254,2247.320,71.3,52.3,0.0
9949,0.155,ok,38.254,2247.320,71.3,52.3,0.0
9950,0.159,ok,38.254,2247.320,71.3,52.3,0.0
9951,0.154,ok,38.254,2247.320,71.3,52.3,0.0
9952,0.192,ok,38.254,2247.320,71.3,52.3,0.0
9953,0.171,ok,38.254,2247.320,71.3,52.3,0.0
9954,0.152,ok,38.254,2247.320,71.3,52.3,0.0
9955,0.150,ok,38.254,2247.320,71.3,52.3,0.0
9956,0.162,ok,38.254,2247.320,71.3,52.3,0.0
9957,0.153,ok,38.254,2247.320,71.3,52.3,0.0
9958,0.151,ok,38.254,2247.320,71.3,52.3,0.0
9959,0.149,ok,38.254,2247.320,71.3,52.3,0.0
9960,0.149,ok,38.254,2247.320,71.3,52.3,0.0
9961,0.148,ok,38.254,2247.320,71.3,52.3,0.0
9962,0.156,ok,38.254,2247.320,71.3,52.3,0.0
9963,0.152,ok,38.254,2247.320,71.3,52.3,0.0
9964,0.149,ok,38.254,2247.320,71.3,52.3,0.0
9965,0.149,ok,38.254,2247.320,71.3,52.3,0.0
9966,0.149,ok,38.254,2247.320,71.3,52.3,0.0
9967,0.148,ok,38.254,2247.320,71.3,52.3,0.0
9968,0.148,ok,38.254,2247.320,71.3,52.3,0.0
9969,0.154,ok,38.254,2247.320,71.3,52.3,0.0
9970,0.161,ok,38.254,2247.320,71.3,52.3,0.0
9971,0.152,ok,38.254,2247.320,71.3,52.3,0.0
9972,0.150,ok,38.254,2247.320,71.3,52.3,0.0
9973,0.161,ok,38.254,2247.320,71.3,52.3,0.0
9974,0.240,ok,38.254,2247.320,71.3,52.3,0.0
9975,0.184,ok,38.254,2247.320,71.3,52.3,0.0
9976,0.187,ok,38.254,2247.320,71.3,52.3,0.0
9977,0.190,ok,38.254,2247.320,71.3,52.3,0.0
9978,0.172,ok,38.254,2247.320,71.3,52.3,0.0
9979,0.176,ok,38.254,2247.320,71.3,52.3,0.0
9980,0.173,ok,38.254,2247.320,71.3,52.3,0.0
9981,0.169,ok,38.254,2247.320,71.3,52.3,0.0
9982,0.164,ok,38.254,2247.320,71.3,52.3,0.0
9983,0.162,ok,38.254,2247.320,71.3,52.3,0.0
9984,0.162,ok,38.254,2247.320,71.3,52.3,0.0
9985,0.162,ok,38.254,2247.320,71.3,52.3,0.0
9986,0.166,ok,38.254,2247.320,71.3,52.3,0.0
9987,0.167,ok,38.254,2247.320,71.3,52.3,0.0
9988,0.163,ok,38.254,2247.320,71.3,52.3,0.0
9989,0.167,ok,38.254,2247.320,71.3,52.3,0.0
9990,0.169,ok,38.254,2247.320,71.3,52.3,0.0
9991,0.160,ok,38.254,2247.320,71.3,52.3,0.0
9992,0.169,ok,38.254,2247.320,71.3,52.3,0.0
9993,0.166,ok,38.254,2247.320,71.3,52.3,0.0
9994,0.164,ok,38.254,2247.320,71.3,52.3,0.0
9995,0.261,ok,38.254,2247.320,71.3,52.3,0.0
9996,0.189,ok,38.254,2247.320,71.3,52.3,0.0
9997,0.158,ok,38.254,2247.320,71.3,52.3,0.0
9998,0.169,ok,38.254,2247.320,71.3,52.3,0.0
9999,0.158,ok,38.254,2247.320,71.3,52.3,0.0
