iteration,rtt_ms,status
0,0.296,ok
1,0.118,ok
2,0.104,ok
3,0.103,ok
4,0.091,ok
5,0.083,ok
6,0.094,ok
7,0.074,ok
8,0.073,ok
9,0.073,ok
10,0.073,ok
11,0.072,ok
12,0.073,ok
13,0.072,ok
14,0.074,ok
15,0.071,ok
16,0.072,ok
17,0.071,ok
18,0.072,ok
19,0.071,ok
20,0.075,ok
21,0.072,ok
22,0.072,ok
23,0.071,ok
24,0.073,ok
25,0.071,ok
26,0.074,ok
27,0.071,ok
28,0.073,ok
29,0.075,ok
30,0.079,ok
31,0.073,ok
32,0.074,ok
33,0.082,ok
34,0.078,ok
35,0.073,ok
36,0.075,ok
37,0.073,ok
38,0.076,ok
39,0.079,ok
40,0.074,ok
41,0.076,ok
42,0.074,ok
43,0.077,ok
44,0.073,ok
45,0.078,ok
46,0.090,ok
47,0.079,ok
48,0.094,ok
49,0.098,ok
50,0.087,ok
51,0.088,ok
52,0.084,ok
53,0.089,ok
54,0.078,ok
55,0.076,ok
56,0.075,ok
57,0.075,ok
58,0.080,ok
59,0.077,ok
60,0.075,ok
61,0.076,ok
62,0.075,ok
63,0.079,ok
64,0.101,ok
65,0.178,ok
66,0.164,ok
67,0.150,ok
68,0.129,ok
69,0.106,ok
70,0.098,ok
71,0.107,ok
72,0.112,ok
73,0.132,ok
74,0.125,ok
75,0.112,ok
76,0.104,ok
77,0.088,ok
78,0.085,ok
79,0.086,ok
80,0.085,ok
81,0.087,ok
82,0.086,ok
83,0.086,ok
84,0.085,ok
85,0.088,ok
86,0.088,ok
87,0.092,ok
88,0.118,ok
89,0.124,ok
90,0.101,ok
91,0.112,ok
92,0.088,ok
93,0.146,ok
94,0.093,ok
95,0.087,ok
96,0.089,ok
97,0.077,ok
98,0.168,ok
99,0.168,ok
100,0.171,ok
101,0.098,ok
102,0.093,ok
103,0.092,ok
104,0.093,ok
105,0.098,ok
106,0.111,ok
107,0.105,ok
108,0.103,ok
109,0.099,ok
110,0.100,ok
111,0.100,ok
112,0.100,ok
113,0.099,ok
114,0.099,ok
115,0.109,ok
116,0.108,ok
117,0.101,ok
118,0.103,ok
119,0.107,ok
120,0.105,ok
121,0.106,ok
122,0.106,ok
123,0.104,ok
124,0.109,ok
125,0.107,ok
126,0.109,ok
127,0.122,ok
128,0.105,ok
129,0.110,ok
130,0.104,ok
131,0.104,ok
132,0.105,ok
133,0.108,ok
134,0.104,ok
135,0.102,ok
136,0.141,ok
137,0.108,ok
138,0.105,ok
139,0.103,ok
140,0.101,ok
141,0.098,ok
142,0.104,ok
143,0.100,ok
144,0.099,ok
145,0.100,ok
146,0.101,ok
147,0.100,ok
148,0.102,ok
149,0.102,ok
150,0.101,ok
151,0.101,ok
152,0.150,ok
153,0.114,ok
154,0.106,ok
155,0.102,ok
156,0.104,ok
157,0.103,ok
158,0.106,ok
159,0.102,ok
160,0.103,ok
161,0.109,ok
162,0.103,ok
163,0.102,ok
164,0.103,ok
165,0.101,ok
166,0.102,ok
167,0.101,ok
168,0.099,ok
169,0.100,ok
170,0.100,ok
171,0.106,ok
172,0.101,ok
173,0.100,ok
174,0.102,ok
175,0.103,ok
176,0.103,ok
177,0.102,ok
178,0.101,ok
179,0.101,ok
180,0.101,ok
181,0.106,ok
182,0.102,ok
183,0.100,ok
184,0.101,ok
185,0.100,ok
186,0.099,ok
187,0.100,ok
188,0.100,ok
189,0.099,ok
190,0.105,ok
191,0.103,ok
192,0.099,ok
193,0.098,ok
194,0.100,ok
195,0.099,ok
196,0.098,ok
197,0.099,ok
198,0.101,ok
199,0.101,ok
200,0.191,ok
201,0.141,ok
202,0.144,ok
203,0.119,ok
204,0.125,ok
205,0.112,ok
206,0.117,ok
207,0.112,ok
208,0.127,ok
209,0.115,ok
210,0.110,ok
211,0.108,ok
212,0.111,ok
213,0.112,ok
214,0.114,ok
215,0.115,ok
216,0.122,ok
217,0.118,ok
218,0.120,ok
219,0.119,ok
220,0.115,ok
221,0.118,ok
222,0.119,ok
223,0.117,ok
224,0.117,ok
225,0.120,ok
226,0.119,ok
227,0.116,ok
228,0.113,ok
229,0.114,ok
230,0.120,ok
231,0.116,ok
232,0.121,ok
233,0.121,ok
234,0.117,ok
235,0.117,ok
236,0.116,ok
237,0.113,ok
238,0.114,ok
239,0.113,ok
240,0.116,ok
241,0.114,ok
242,0.124,ok
243,0.115,ok
244,0.115,ok
245,0.113,ok
246,0.113,ok
247,0.113,ok
248,0.112,ok
249,0.112,ok
250,0.132,ok
251,0.117,ok
252,0.115,ok
253,0.114,ok
254,0.113,ok
255,0.112,ok
256,0.112,ok
257,0.112,ok
258,0.115,ok
259,0.117,ok
260,0.115,ok
261,0.112,ok
262,0.112,ok
263,0.113,ok
264,0.119,ok
265,0.117,ok
266,0.124,ok
267,0.127,ok
268,0.119,ok
269,0.117,ok
270,0.119,ok
271,0.116,ok
272,0.120,ok
273,0.117,ok
274,0.115,ok
275,0.116,ok
276,0.121,ok
277,0.120,ok
278,0.118,ok
279,0.116,ok
280,0.123,ok
281,0.123,ok
282,0.120,ok
283,0.119,ok
284,0.123,ok
285,0.121,ok
286,0.123,ok
287,0.120,ok
288,0.119,ok
289,0.120,ok
290,0.122,ok
291,0.122,ok
292,0.152,ok
293,0.124,ok
294,0.123,ok
295,0.119,ok
296,0.124,ok
297,0.121,ok
298,0.125,ok
299,0.119,ok
300,0.125,ok
301,0.122,ok
302,0.119,ok
303,0.123,ok
304,0.125,ok
305,0.125,ok
306,0.124,ok
307,0.124,ok
308,0.127,ok
309,0.123,ok
310,0.123,ok
311,0.125,ok
312,0.126,ok
313,0.127,ok
314,0.132,ok
315,0.127,ok
316,0.128,ok
317,0.134,ok
318,0.128,ok
319,0.129,ok
320,0.131,ok
321,0.133,ok
322,0.125,ok
323,0.123,ok
324,0.173,ok
325,0.176,ok
326,0.234,ok
327,0.243,ok
328,0.173,ok
329,0.179,ok
330,0.117,ok
331,0.112,ok
332,0.112,ok
333,0.107,ok
334,0.110,ok
335,0.107,ok
336,0.110,ok
337,0.112,ok
338,0.110,ok
339,0.108,ok
340,0.109,ok
341,0.110,ok
342,0.128,ok
343,0.118,ok
344,0.118,ok
345,0.119,ok
346,0.130,ok
347,0.119,ok
348,0.117,ok
349,0.118,ok
350,0.119,ok
351,0.117,ok
352,0.117,ok
353,0.116,ok
354,0.125,ok
355,0.130,ok
356,0.125,ok
357,0.125,ok
358,0.123,ok
359,0.126,ok
360,0.125,ok
361,0.127,ok
362,0.138,ok
363,0.124,ok
364,0.121,ok
365,0.124,ok
366,0.122,ok
367,0.127,ok
368,0.125,ok
369,0.125,ok
370,0.135,ok
371,0.123,ok
372,0.121,ok
373,0.123,ok
374,0.130,ok
375,0.129,ok
376,0.125,ok
377,0.125,ok
378,0.139,ok
379,0.125,ok
380,0.125,ok
381,0.127,ok
382,0.126,ok
383,0.125,ok
384,0.125,ok
385,0.132,ok
386,0.129,ok
387,0.127,ok
388,0.123,ok
389,0.125,ok
390,0.125,ok
391,0.127,ok
392,0.129,ok
393,0.138,ok
394,0.129,ok
395,0.126,ok
396,0.130,ok
397,0.127,ok
398,0.128,ok
399,0.127,ok
400,0.127,ok
401,0.130,ok
402,0.132,ok
403,0.131,ok
404,0.127,ok
405,0.128,ok
406,0.129,ok
407,0.125,ok
408,0.131,ok
409,0.133,ok
410,0.124,ok
411,0.124,ok
412,0.125,ok
413,0.128,ok
414,0.126,ok
415,0.122,ok
416,0.126,ok
417,0.135,ok
418,0.154,ok
419,0.157,ok
420,0.156,ok
421,0.171,ok
422,0.140,ok
423,0.137,ok
424,0.133,ok
425,0.126,ok
426,0.123,ok
427,0.120,ok
428,0.121,ok
429,0.121,ok
430,0.122,ok
431,0.125,ok
432,0.123,ok
433,0.121,ok
434,0.121,ok
435,0.122,ok
436,0.128,ok
437,0.130,ok
438,0.133,ok
439,0.124,ok
440,0.181,ok
441,0.191,ok
442,0.132,ok
443,0.177,ok
444,0.175,ok
445,0.189,ok
446,0.185,ok
447,0.176,ok
448,0.263,ok
449,0.229,ok
450,0.180,ok
451,0.150,ok
452,0.172,ok
453,0.163,ok
454,0.169,ok
455,0.235,ok
456,0.225,ok
457,0.228,ok
458,0.237,ok
459,0.154,ok
460,0.158,ok
461,0.112,ok
462,0.150,ok
463,0.152,ok
464,0.166,ok
465,0.152,ok
466,0.176,ok
467,0.155,ok
468,0.150,ok
469,0.105,ok
470,0.148,ok
471,0.148,ok
472,0.182,ok
473,0.163,ok
474,0.160,ok
475,0.153,ok
476,0.154,ok
477,0.150,ok
478,0.150,ok
479,0.201,ok
480,0.154,ok
481,0.150,ok
482,0.149,ok
483,0.147,ok
484,0.166,ok
485,0.177,ok
486,0.204,ok
487,0.149,ok
488,0.150,ok
489,0.148,ok
490,0.153,ok
491,0.147,ok
492,0.218,ok
493,0.148,ok
494,0.148,ok
495,0.146,ok
496,0.148,ok
497,0.149,ok
498,0.151,ok
499,0.151,ok
500,0.149,ok
501,0.159,ok
502,0.166,ok
503,0.143,ok
504,0.143,ok
505,0.148,ok
506,0.145,ok
507,0.145,ok
508,0.142,ok
509,0.142,ok
510,0.143,ok
511,0.147,ok
512,0.148,ok
513,0.152,ok
514,0.144,ok
515,0.143,ok
516,0.144,ok
517,0.143,ok
518,0.144,ok
519,0.146,ok
520,0.130,ok
521,0.094,ok
522,0.098,ok
523,0.093,ok
524,0.093,ok
525,0.093,ok
526,0.091,ok
527,0.091,ok
528,0.096,ok
529,0.092,ok
530,0.092,ok
531,0.091,ok
532,0.092,ok
533,0.091,ok
534,0.091,ok
535,0.091,ok
536,0.090,ok
537,0.094,ok
538,0.090,ok
539,0.095,ok
540,0.091,ok
541,0.092,ok
542,0.094,ok
543,0.091,ok
544,0.091,ok
545,0.104,ok
546,0.090,ok
547,0.091,ok
548,0.090,ok
549,0.091,ok
550,0.093,ok
551,0.091,ok
552,0.091,ok
553,0.091,ok
554,0.093,ok
555,0.091,ok
556,0.091,ok
557,0.091,ok
558,0.091,ok
559,0.090,ok
560,0.105,ok
561,0.092,ok
562,0.092,ok
563,0.091,ok
564,0.112,ok
565,0.091,ok
566,0.091,ok
567,0.091,ok
568,0.090,ok
569,0.091,ok
570,0.108,ok
571,0.188,ok
572,0.167,ok
573,0.144,ok
574,0.105,ok
575,0.106,ok
576,0.108,ok
577,0.103,ok
578,0.170,ok
579,0.165,ok
580,0.173,ok
581,0.143,ok
582,0.139,ok
583,0.143,ok
584,0.140,ok
585,0.117,ok
586,0.098,ok
587,0.093,ok
588,0.118,ok
589,0.206,ok
590,0.182,ok
591,0.158,ok
592,0.123,ok
593,0.116,ok
594,0.110,ok
595,0.108,ok
596,0.110,ok
597,0.108,ok
598,0.109,ok
599,0.106,ok
600,0.109,ok
601,0.111,ok
602,0.110,ok
603,0.106,ok
604,0.110,ok
605,0.107,ok
606,0.110,ok
607,0.107,ok
608,0.109,ok
609,0.107,ok
610,0.115,ok
611,0.109,ok
612,0.110,ok
613,0.108,ok
614,0.116,ok
615,0.139,ok
616,0.128,ok
617,0.094,ok
618,0.089,ok
619,0.097,ok
620,0.089,ok
621,0.092,ok
622,0.088,ok
623,0.091,ok
624,0.088,ok
625,0.095,ok
626,0.087,ok
627,0.093,ok
628,0.102,ok
629,0.090,ok
630,0.093,ok
631,0.098,ok
632,0.089,ok
633,0.096,ok
634,0.088,ok
635,0.094,ok
636,0.088,ok
637,0.096,ok
638,0.089,ok
639,0.093,ok
640,0.088,ok
641,0.097,ok
642,0.090,ok
643,0.093,ok
644,0.088,ok
645,0.093,ok
646,0.088,ok
647,0.092,ok
648,0.088,ok
649,0.092,ok
650,0.089,ok
651,0.094,ok
652,0.090,ok
653,0.093,ok
654,0.089,ok
655,0.091,ok
656,0.089,ok
657,0.092,ok
658,0.088,ok
659,0.092,ok
660,0.088,ok
661,0.093,ok
662,0.093,ok
663,0.092,ok
664,0.089,ok
665,0.092,ok
666,0.088,ok
667,0.092,ok
668,0.089,ok
669,0.092,ok
670,0.091,ok
671,0.091,ok
672,0.088,ok
673,0.097,ok
674,0.091,ok
675,0.093,ok
676,0.088,ok
677,0.091,ok
678,0.093,ok
679,0.092,ok
680,0.088,ok
681,0.091,ok
682,0.108,ok
683,0.091,ok
684,0.091,ok
685,0.092,ok
686,0.088,ok
687,0.091,ok
688,0.087,ok
689,0.091,ok
690,0.089,ok
691,0.091,ok
692,0.089,ok
693,0.092,ok
694,0.089,ok
695,0.096,ok
696,0.088,ok
697,0.091,ok
698,0.089,ok
699,0.091,ok
700,0.087,ok
701,0.092,ok
702,0.089,ok
703,0.091,ok
704,0.088,ok
705,0.091,ok
706,0.091,ok
707,0.091,ok
708,0.089,ok
709,0.091,ok
710,0.089,ok
711,0.091,ok
712,0.088,ok
713,0.092,ok
714,0.088,ok
715,0.091,ok
716,0.094,ok
717,0.102,ok
718,0.089,ok
719,0.092,ok
720,0.104,ok
721,0.091,ok
722,0.088,ok
723,0.091,ok
724,0.088,ok
725,0.091,ok
726,0.088,ok
727,0.091,ok
728,0.093,ok
729,0.091,ok
730,0.093,ok
731,0.090,ok
732,0.088,ok
733,0.092,ok
734,0.090,ok
735,0.091,ok
736,0.089,ok
737,0.096,ok
738,0.088,ok
739,0.097,ok
740,0.088,ok
741,0.091,ok
742,0.093,ok
743,0.091,ok
744,0.092,ok
745,0.091,ok
746,0.089,ok
747,0.091,ok
748,0.088,ok
749,0.091,ok
750,0.091,ok
751,0.092,ok
752,0.087,ok
753,0.091,ok
754,0.088,ok
755,0.091,ok
756,0.088,ok
757,0.091,ok
758,0.087,ok
759,0.092,ok
760,0.087,ok
761,0.094,ok
762,0.088,ok
763,0.091,ok
764,0.087,ok
765,0.092,ok
766,0.088,ok
767,0.091,ok
768,0.089,ok
769,0.096,ok
770,0.088,ok
771,0.090,ok
772,0.092,ok
773,0.093,ok
774,0.089,ok
775,0.091,ok
776,0.088,ok
777,0.092,ok
778,0.088,ok
779,0.091,ok
780,0.088,ok
781,0.090,ok
782,0.089,ok
783,0.095,ok
784,0.089,ok
785,0.091,ok
786,0.088,ok
787,0.090,ok
788,0.087,ok
789,0.092,ok
790,0.130,ok
791,0.091,ok
792,0.088,ok
793,0.098,ok
794,0.089,ok
795,0.092,ok
796,0.087,ok
797,0.092,ok
798,0.089,ok
799,0.093,ok
800,0.088,ok
801,0.092,ok
802,0.088,ok
803,0.091,ok
804,0.093,ok
805,0.092,ok
806,0.088,ok
807,0.091,ok
808,0.088,ok
809,0.092,ok
810,0.091,ok
811,0.089,ok
812,0.091,ok
813,0.090,ok
814,0.091,ok
815,0.093,ok
816,0.092,ok
817,0.089,ok
818,0.090,ok
819,0.089,ok
820,0.090,ok
821,0.089,ok
822,0.090,ok
823,0.089,ok
824,0.091,ok
825,0.089,ok
826,0.095,ok
827,0.089,ok
828,0.091,ok
829,0.089,ok
830,0.092,ok
831,0.093,ok
832,0.092,ok
833,0.089,ok
834,0.097,ok
835,0.089,ok
836,0.090,ok
837,0.093,ok
838,0.090,ok
839,0.089,ok
840,0.091,ok
841,0.094,ok
842,0.092,ok
843,0.089,ok
844,0.091,ok
845,0.089,ok
846,0.090,ok
847,0.089,ok
848,0.096,ok
849,0.090,ok
850,0.091,ok
851,0.089,ok
852,0.090,ok
853,0.090,ok
854,0.090,ok
855,0.089,ok
856,0.091,ok
857,0.089,ok
858,0.091,ok
859,0.093,ok
860,0.091,ok
861,0.090,ok
862,0.093,ok
863,0.088,ok
864,0.088,ok
865,0.087,ok
866,0.088,ok
867,0.116,ok
868,0.087,ok
869,0.101,ok
870,0.090,ok
871,0.088,ok
872,0.088,ok
873,0.087,ok
874,0.089,ok
875,0.087,ok
876,0.089,ok
877,0.087,ok
878,0.088,ok
879,0.087,ok
880,0.088,ok
881,0.090,ok
882,0.088,ok
883,0.091,ok
884,0.087,ok
885,0.087,ok
886,0.088,ok
887,0.087,ok
888,0.089,ok
889,0.087,ok
890,0.088,ok
891,0.087,ok
892,0.091,ok
893,0.087,ok
894,0.089,ok
895,0.087,ok
896,0.089,ok
897,0.087,ok
898,0.088,ok
899,0.086,ok
900,0.088,ok
901,0.090,ok
902,0.088,ok
903,0.089,ok
904,0.089,ok
905,0.087,ok
906,0.088,ok
907,0.086,ok
908,0.087,ok
909,0.087,ok
910,0.088,ok
911,0.086,ok
912,0.088,ok
913,0.087,ok
914,0.088,ok
915,0.089,ok
916,0.089,ok
917,0.091,ok
918,0.093,ok
919,0.086,ok
920,0.088,ok
921,0.115,ok
922,0.089,ok
923,0.086,ok
924,0.088,ok
925,0.089,ok
926,0.092,ok
927,0.091,ok
928,0.088,ok
929,0.087,ok
930,0.088,ok
931,0.086,ok
932,0.088,ok
933,0.087,ok
934,0.089,ok
935,0.087,ok
936,0.088,ok
937,0.092,ok
938,0.089,ok
939,0.087,ok
940,0.087,ok
941,0.087,ok
942,0.087,ok
943,0.089,ok
944,0.093,ok
945,0.087,ok
946,0.088,ok
947,0.087,ok
948,0.092,ok
949,0.088,ok
950,0.118,ok
951,0.087,ok
952,0.088,ok
953,0.086,ok
954,0.089,ok
955,0.087,ok
956,0.088,ok
957,0.086,ok
958,0.090,ok
959,0.091,ok
960,0.090,ok
961,0.087,ok
962,0.089,ok
963,0.086,ok
964,0.088,ok
965,0.086,ok
966,0.088,ok
967,0.086,ok
968,0.092,ok
969,0.087,ok
970,0.093,ok
971,0.088,ok
972,0.089,ok
973,0.087,ok
974,0.088,ok
975,0.086,ok
976,0.088,ok
977,0.086,ok
978,0.088,ok
979,0.086,ok
980,0.088,ok
981,0.089,ok
982,0.091,ok
983,0.087,ok
984,0.093,ok
985,0.087,ok
986,0.088,ok
987,0.086,ok
988,0.087,ok
989,0.086,ok
990,0.090,ok
991,0.087,ok
992,0.088,ok
993,0.090,ok
994,0.089,ok
995,0.087,ok
996,0.089,ok
997,0.091,ok
998,0.088,ok
999,0.087,ok
1000,0.088,ok
1001,0.087,ok
1002,0.089,ok
1003,0.086,ok
1004,0.092,ok
1005,0.087,ok
1006,0.088,ok
1007,0.087,ok
1008,0.088,ok
1009,0.087,ok
1010,0.088,ok
1011,0.087,ok
1012,0.087,ok
1013,0.086,ok
1014,0.088,ok
1015,0.091,ok
1016,0.089,ok
1017,0.087,ok
1018,0.088,ok
1019,0.086,ok
1020,0.087,ok
1021,0.087,ok
1022,0.088,ok
1023,0.087,ok
1024,0.088,ok
1025,0.086,ok
1026,0.092,ok
1027,0.089,ok
1028,0.090,ok
1029,0.087,ok
1030,0.089,ok
1031,0.087,ok
1032,0.088,ok
1033,0.086,ok
1034,0.088,ok
1035,0.086,ok
1036,0.088,ok
1037,0.086,ok
1038,0.092,ok
1039,0.087,ok
1040,0.117,ok
1041,0.087,ok
1042,0.089,ok
1043,0.087,ok
1044,0.089,ok
1045,0.087,ok
1046,0.089,ok
1047,0.086,ok
1048,0.088,ok
1049,0.088,ok
1050,0.089,ok
1051,0.086,ok
1052,0.089,ok
1053,0.088,ok
1054,0.091,ok
1055,0.087,ok
1056,0.089,ok
1057,0.087,ok
1058,0.090,ok
1059,0.086,ok
1060,0.092,ok
1061,0.087,ok
1062,0.089,ok
1063,0.087,ok
1064,0.089,ok
1065,0.087,ok
1066,0.089,ok
1067,0.087,ok
1068,0.088,ok
1069,0.087,ok
1070,0.088,ok
1071,0.089,ok
1072,0.088,ok
1073,0.086,ok
1074,0.088,ok
1075,0.087,ok
1076,0.089,ok
1077,0.085,ok
1078,0.114,ok
1079,0.084,ok
1080,0.085,ok
1081,0.085,ok
1082,0.089,ok
1083,0.085,ok
1084,0.086,ok
1085,0.084,ok
1086,0.087,ok
1087,0.084,ok
1088,0.086,ok
1089,0.084,ok
1090,0.086,ok
1091,0.084,ok
1092,0.085,ok
1093,0.084,ok
1094,0.091,ok
1095,0.084,ok
1096,0.086,ok
1097,0.084,ok
1098,0.086,ok
1099,0.084,ok
1100,0.086,ok
1101,0.085,ok
1102,0.085,ok
1103,0.084,ok
1104,0.086,ok
1105,0.084,ok
1106,0.090,ok
1107,0.084,ok
1108,0.086,ok
1109,0.087,ok
1110,0.088,ok
1111,0.086,ok
1112,0.085,ok
1113,0.084,ok
1114,0.085,ok
1115,0.084,ok
1116,0.085,ok
1117,0.089,ok
1118,0.087,ok
1119,0.084,ok
1120,0.086,ok
1121,0.085,ok
1122,0.085,ok
1123,0.084,ok
1124,0.086,ok
1125,0.085,ok
1126,0.087,ok
1127,0.086,ok
1128,0.085,ok
1129,0.094,ok
1130,0.087,ok
1131,0.085,ok
1132,0.085,ok
1133,0.083,ok
1134,0.085,ok
1135,0.084,ok
1136,0.086,ok
1137,0.083,ok
1138,0.116,ok
1139,0.085,ok
1140,0.088,ok
1141,0.085,ok
1142,0.086,ok
1143,0.084,ok
1144,0.085,ok
1145,0.084,ok
1146,0.087,ok
1147,0.128,ok
1148,0.085,ok
1149,0.084,ok
1150,0.093,ok
1151,0.088,ok
1152,0.116,ok
1153,0.091,ok
1154,0.086,ok
1155,0.084,ok
1156,0.086,ok
1157,0.085,ok
1158,0.085,ok
1159,0.083,ok
1160,0.085,ok
1161,0.084,ok
1162,0.088,ok
1163,0.084,ok
1164,0.085,ok
1165,0.084,ok
1166,0.085,ok
1167,0.084,ok
1168,0.085,ok
1169,0.084,ok
1170,0.085,ok
1171,0.084,ok
1172,0.085,ok
1173,0.084,ok
1174,0.090,ok
1175,0.106,ok
1176,0.086,ok
1177,0.083,ok
1178,0.091,ok
1179,0.103,ok
1180,0.086,ok
1181,0.084,ok
1182,0.086,ok
1183,0.084,ok
1184,0.086,ok
1185,0.089,ok
1186,0.087,ok
1187,0.084,ok
1188,0.085,ok
1189,0.090,ok
1190,0.085,ok
1191,0.084,ok
1192,0.085,ok
1193,0.088,ok
1194,0.086,ok
1195,0.084,ok
1196,0.088,ok
1197,0.085,ok
1198,0.087,ok
1199,0.084,ok
1200,0.085,ok
1201,0.116,ok
1202,0.084,ok
1203,0.088,ok
1204,0.085,ok
1205,0.084,ok
1206,0.085,ok
1207,0.084,ok
1208,0.089,ok
1209,0.085,ok
1210,0.085,ok
1211,0.083,ok
1212,0.086,ok
1213,0.085,ok
1214,0.087,ok
1215,0.084,ok
1216,0.087,ok
1217,0.084,ok
1218,0.085,ok
1219,0.087,ok
1220,0.086,ok
1221,0.085,ok
1222,0.087,ok
1223,0.084,ok
1224,0.083,ok
1225,0.088,ok
1226,0.083,ok
1227,0.086,ok
1228,0.083,ok
1229,0.087,ok
1230,0.119,ok
1231,0.128,ok
1232,0.120,ok
1233,0.123,ok
1234,0.120,ok
1235,0.129,ok
1236,0.084,ok
1237,0.088,ok
1238,0.083,ok
1239,0.085,ok
1240,0.087,ok
1241,0.087,ok
1242,0.083,ok
1243,0.090,ok
1244,0.083,ok
1245,0.087,ok
1246,0.085,ok
1247,0.085,ok
1248,0.083,ok
1249,0.086,ok
1250,0.083,ok
1251,0.086,ok
1252,0.087,ok
1253,0.091,ok
1254,0.083,ok
1255,0.086,ok
1256,0.083,ok
1257,0.085,ok
1258,0.084,ok
1259,0.086,ok
1260,0.083,ok
1261,0.086,ok
1262,0.082,ok
1263,0.089,ok
1264,0.105,ok
1265,0.088,ok
1266,0.083,ok
1267,0.086,ok
1268,0.083,ok
1269,0.086,ok
1270,0.084,ok
1271,0.086,ok
1272,0.082,ok
1273,0.087,ok
1274,0.082,ok
1275,0.091,ok
1276,0.083,ok
1277,0.086,ok
1278,0.084,ok
1279,0.087,ok
1280,0.085,ok
1281,0.086,ok
1282,0.083,ok
1283,0.091,ok
1284,0.083,ok
1285,0.086,ok
1286,0.088,ok
1287,0.086,ok
1288,0.083,ok
1289,0.086,ok
1290,0.083,ok
1291,0.087,ok
1292,0.101,ok
1293,0.111,ok
1294,0.083,ok
1295,0.086,ok
1296,0.083,ok
1297,0.089,ok
1298,0.084,ok
1299,0.086,ok
1300,0.083,ok
1301,0.087,ok
1302,0.084,ok
1303,0.085,ok
1304,0.082,ok
1305,0.086,ok
1306,0.082,ok
1307,0.086,ok
1308,0.082,ok
1309,0.090,ok
1310,0.084,ok
1311,0.086,ok
1312,0.083,ok
1313,0.086,ok
1314,0.084,ok
1315,0.086,ok
1316,0.083,ok
1317,0.086,ok
1318,0.086,ok
1319,0.087,ok
1320,0.082,ok
1321,0.088,ok
1322,0.084,ok
1323,0.086,ok
1324,0.083,ok
1325,0.086,ok
1326,0.083,ok
1327,0.086,ok
1328,0.083,ok
1329,0.086,ok
1330,0.112,ok
1331,0.086,ok
1332,0.087,ok
1333,0.086,ok
1334,0.084,ok
1335,0.085,ok
1336,0.083,ok
1337,0.088,ok
1338,0.108,ok
1339,0.094,ok
1340,0.089,ok
1341,0.144,ok
1342,0.178,ok
1343,0.112,ok
1344,0.107,ok
1345,0.108,ok
1346,0.109,ok
1347,0.112,ok
1348,0.106,ok
1349,0.101,ok
1350,0.101,ok
1351,0.108,ok
1352,0.102,ok
1353,0.102,ok
1354,0.100,ok
1355,0.100,ok
1356,0.099,ok
1357,0.101,ok
1358,0.100,ok
1359,0.100,ok
1360,0.099,ok
1361,0.104,ok
1362,0.101,ok
1363,0.100,ok
1364,0.099,ok
1365,0.100,ok
1366,0.099,ok
1367,0.100,ok
1368,0.099,ok
1369,0.100,ok
1370,0.100,ok
1371,0.104,ok
1372,0.100,ok
1373,0.101,ok
1374,0.100,ok
1375,0.100,ok
1376,0.099,ok
1377,0.100,ok
1378,0.100,ok
1379,0.100,ok
1380,0.099,ok
1381,0.105,ok
1382,0.100,ok
1383,0.099,ok
1384,0.099,ok
1385,0.102,ok
1386,0.098,ok
1387,0.098,ok
1388,0.097,ok
1389,0.098,ok
1390,0.097,ok
1391,0.104,ok
1392,0.098,ok
1393,0.097,ok
1394,0.098,ok
1395,0.098,ok
1396,0.098,ok
1397,0.098,ok
1398,0.098,ok
1399,0.098,ok
1400,0.098,ok
1401,0.102,ok
1402,0.098,ok
1403,0.097,ok
1404,0.096,ok
1405,0.098,ok
1406,0.098,ok
1407,0.098,ok
1408,0.097,ok
1409,0.098,ok
1410,0.098,ok
1411,0.102,ok
1412,0.098,ok
1413,0.098,ok
1414,0.098,ok
1415,0.097,ok
1416,0.097,ok
1417,0.099,ok
1418,0.098,ok
1419,0.098,ok
1420,0.096,ok
1421,0.101,ok
1422,0.098,ok
1423,0.098,ok
1424,0.097,ok
1425,0.099,ok
1426,0.097,ok
1427,0.097,ok
1428,0.097,ok
1429,0.099,ok
1430,0.098,ok
1431,0.102,ok
1432,0.099,ok
1433,0.098,ok
1434,0.098,ok
1435,0.097,ok
1436,0.097,ok
1437,0.099,ok
1438,0.099,ok
1439,0.098,ok
1440,0.097,ok
1441,0.103,ok
1442,0.100,ok
1443,0.101,ok
1444,0.098,ok
1445,0.098,ok
1446,0.097,ok
1447,0.098,ok
1448,0.097,ok
1449,0.099,ok
1450,0.097,ok
1451,0.100,ok
1452,0.098,ok
1453,0.099,ok
1454,0.097,ok
1455,0.099,ok
1456,0.097,ok
1457,0.099,ok
1458,0.097,ok
1459,0.097,ok
1460,0.097,ok
1461,0.101,ok
1462,0.101,ok
1463,0.099,ok
1464,0.098,ok
1465,0.098,ok
1466,0.099,ok
1467,0.098,ok
1468,0.096,ok
1469,0.098,ok
1470,0.098,ok
1471,0.098,ok
1472,0.136,ok
1473,0.102,ok
1474,0.103,ok
1475,0.099,ok
1476,0.099,ok
1477,0.098,ok
1478,0.098,ok
1479,0.098,ok
1480,0.096,ok
1481,0.101,ok
1482,0.099,ok
1483,0.099,ok
1484,0.098,ok
1485,0.098,ok
1486,0.100,ok
1487,0.098,ok
1488,0.097,ok
1489,0.098,ok
1490,0.097,ok
1491,0.101,ok
1492,0.098,ok
1493,0.100,ok
1494,0.099,ok
1495,0.098,ok
1496,0.098,ok
1497,0.099,ok
1498,0.097,ok
1499,0.098,ok
1500,0.097,ok
1501,0.099,ok
1502,0.099,ok
1503,0.099,ok
1504,0.098,ok
1505,0.099,ok
1506,0.115,ok
1507,0.098,ok
1508,0.096,ok
1509,0.098,ok
1510,0.097,ok
1511,0.100,ok
1512,0.099,ok
1513,0.100,ok
1514,0.099,ok
1515,0.099,ok
1516,0.097,ok
1517,0.104,ok
1518,0.097,ok
1519,0.098,ok
1520,0.097,ok
1521,0.100,ok
1522,0.098,ok
1523,0.099,ok
1524,0.096,ok
1525,0.098,ok
1526,0.099,ok
1527,0.099,ok
1528,0.097,ok
1529,0.098,ok
1530,0.096,ok
1531,0.098,ok
1532,0.099,ok
1533,0.100,ok
1534,0.098,ok
1535,0.098,ok
1536,0.098,ok
1537,0.099,ok
1538,0.098,ok
1539,0.098,ok
1540,0.097,ok
1541,0.098,ok
1542,0.103,ok
1543,0.102,ok
1544,0.099,ok
1545,0.099,ok
1546,0.099,ok
1547,0.099,ok
1548,0.097,ok
1549,0.098,ok
1550,0.098,ok
1551,0.099,ok
1552,0.302,ok
1553,0.203,ok
1554,0.092,ok
1555,0.087,ok
1556,0.089,ok
1557,0.095,ok
1558,0.113,ok
1559,0.117,ok
1560,0.102,ok
1561,0.101,ok
1562,0.099,ok
1563,0.098,ok
1564,0.098,ok
1565,0.099,ok
1566,0.097,ok
1567,0.096,ok
1568,0.095,ok
1569,0.099,ok
1570,0.097,ok
1571,0.095,ok
1572,0.095,ok
1573,0.096,ok
1574,0.096,ok
1575,0.096,ok
1576,0.095,ok
1577,0.095,ok
1578,0.096,ok
1579,0.100,ok
1580,0.096,ok
1581,0.097,ok
1582,0.096,ok
1583,0.095,ok
1584,0.094,ok
1585,0.096,ok
1586,0.095,ok
1587,0.095,ok
1588,0.095,ok
1589,0.098,ok
1590,0.096,ok
1591,0.096,ok
1592,0.095,ok
1593,0.096,ok
1594,0.095,ok
1595,0.095,ok
1596,0.094,ok
1597,0.095,ok
1598,0.096,ok
1599,0.095,ok
1600,0.099,ok
1601,0.095,ok
1602,0.096,ok
1603,0.095,ok
1604,0.094,ok
1605,0.096,ok
1606,0.095,ok
1607,0.095,ok
1608,0.094,ok
1609,0.094,ok
1610,0.098,ok
1611,0.097,ok
1612,0.095,ok
1613,0.094,ok
1614,0.094,ok
1615,0.095,ok
1616,0.095,ok
1617,0.095,ok
1618,0.094,ok
1619,0.096,ok
1620,0.096,ok
1621,0.149,ok
1622,0.099,ok
1623,0.100,ok
1624,0.095,ok
1625,0.095,ok
1626,0.096,ok
1627,0.095,ok
1628,0.095,ok
1629,0.096,ok
1630,0.099,ok
1631,0.096,ok
1632,0.096,ok
1633,0.096,ok
1634,0.096,ok
1635,0.095,ok
1636,0.095,ok
1637,0.095,ok
1638,0.095,ok
1639,0.095,ok
1640,0.095,ok
1641,0.099,ok
1642,0.097,ok
1643,0.096,ok
1644,0.095,ok
1645,0.095,ok
1646,0.094,ok
1647,0.096,ok
1648,0.094,ok
1649,0.095,ok
1650,0.095,ok
1651,0.101,ok
1652,0.103,ok
1653,0.100,ok
1654,0.098,ok
1655,0.097,ok
1656,0.096,ok
1657,0.097,ok
1658,0.094,ok
1659,0.095,ok
1660,0.094,ok
1661,0.109,ok
1662,0.099,ok
1663,0.103,ok
1664,0.096,ok
1665,0.100,ok
1666,0.095,ok
1667,0.096,ok
1668,0.095,ok
1669,0.097,ok
1670,0.094,ok
1671,0.099,ok
1672,0.095,ok
1673,0.097,ok
1674,0.094,ok
1675,0.097,ok
1676,0.094,ok
1677,0.096,ok
1678,0.094,ok
1679,0.096,ok
1680,0.093,ok
1681,0.096,ok
1682,0.096,ok
1683,0.097,ok
1684,0.094,ok
1685,0.097,ok
1686,0.096,ok
1687,0.097,ok
1688,0.095,ok
1689,0.097,ok
1690,0.094,ok
1691,0.096,ok
1692,0.097,ok
1693,0.097,ok
1694,0.095,ok
1695,0.096,ok
1696,0.094,ok
1697,0.096,ok
1698,0.094,ok
1699,0.095,ok
1700,0.094,ok
1701,0.096,ok
1702,0.095,ok
1703,0.100,ok
1704,0.102,ok
1705,0.099,ok
1706,0.096,ok
1707,0.096,ok
1708,0.094,ok
1709,0.096,ok
1710,0.097,ok
1711,0.095,ok
1712,0.095,ok
1713,0.100,ok
1714,0.096,ok
1715,0.096,ok
1716,0.095,ok
1717,0.095,ok
1718,0.095,ok
1719,0.096,ok
1720,0.094,ok
1721,0.095,ok
1722,0.094,ok
1723,0.099,ok
1724,0.096,ok
1725,0.096,ok
1726,0.095,ok
1727,0.096,ok
1728,0.094,ok
1729,0.096,ok
1730,0.094,ok
1731,0.095,ok
1732,0.094,ok
1733,0.095,ok
1734,0.099,ok
1735,0.095,ok
1736,0.095,ok
1737,0.096,ok
1738,0.095,ok
1739,0.095,ok
1740,0.095,ok
1741,0.094,ok
1742,0.094,ok
1743,0.095,ok
1744,0.096,ok
1745,0.095,ok
1746,0.094,ok
1747,0.095,ok
1748,0.095,ok
1749,0.096,ok
1750,0.096,ok
1751,0.095,ok
1752,0.094,ok
1753,0.095,ok
1754,0.096,ok
1755,0.097,ok
1756,0.094,ok
1757,0.095,ok
1758,0.095,ok
1759,0.095,ok
1760,0.094,ok
1761,0.095,ok
1762,0.095,ok
1763,0.094,ok
1764,0.094,ok
1765,0.100,ok
1766,0.095,ok
1767,0.095,ok
1768,0.095,ok
1769,0.096,ok
1770,0.095,ok
1771,0.095,ok
1772,0.094,ok
1773,0.095,ok
1774,0.094,ok
1775,0.097,ok
1776,0.095,ok
1777,0.096,ok
1778,0.095,ok
1779,0.095,ok
1780,0.095,ok
1781,0.095,ok
1782,0.094,ok
1783,0.095,ok
1784,0.094,ok
1785,0.095,ok
1786,0.205,ok
1787,0.199,ok
1788,0.159,ok
1789,0.129,ok
1790,0.173,ok
1791,0.147,ok
1792,0.203,ok
1793,0.098,ok
1794,0.088,ok
1795,0.080,ok
1796,0.079,ok
1797,0.079,ok
1798,0.080,ok
1799,0.078,ok
1800,0.080,ok
1801,0.080,ok
1802,0.083,ok
1803,0.079,ok
1804,0.081,ok
1805,0.077,ok
1806,0.077,ok
1807,0.077,ok
1808,0.077,ok
1809,0.109,ok
1810,0.078,ok
1811,0.076,ok
1812,0.077,ok
1813,0.078,ok
1814,0.078,ok
1815,0.081,ok
1816,0.078,ok
1817,0.077,ok
1818,0.077,ok
1819,0.077,ok
1820,0.077,ok
1821,0.077,ok
1822,0.081,ok
1823,0.077,ok
1824,0.078,ok
1825,0.077,ok
1826,0.079,ok
1827,0.080,ok
1828,0.078,ok
1829,0.077,ok
1830,0.078,ok
1831,0.077,ok
1832,0.078,ok
1833,0.077,ok
1834,0.079,ok
1835,0.077,ok
1836,0.078,ok
1837,0.076,ok
1838,0.078,ok
1839,0.077,ok
1840,0.111,ok
1841,0.078,ok
1842,0.078,ok
1843,0.077,ok
1844,0.078,ok
1845,0.077,ok
1846,0.078,ok
1847,0.077,ok
1848,0.077,ok
1849,0.077,ok
1850,0.078,ok
1851,0.077,ok
1852,0.086,ok
1853,0.078,ok
1854,0.079,ok
1855,0.078,ok
1856,0.078,ok
1857,0.077,ok
1858,0.078,ok
1859,0.077,ok
1860,0.078,ok
1861,0.077,ok
1862,0.078,ok
1863,0.077,ok
1864,0.077,ok
1865,0.080,ok
1866,0.079,ok
1867,0.078,ok
1868,0.078,ok
1869,0.078,ok
1870,0.078,ok
1871,0.077,ok
1872,0.078,ok
1873,0.077,ok
1874,0.078,ok
1875,0.077,ok
1876,0.078,ok
1877,0.077,ok
1878,0.095,ok
1879,0.087,ok
1880,0.086,ok
1881,0.088,ok
1882,0.081,ok
1883,0.079,ok
1884,0.082,ok
1885,0.080,ok
1886,0.079,ok
1887,0.078,ok
1888,0.080,ok
1889,0.077,ok
1890,0.082,ok
1891,0.077,ok
1892,0.077,ok
1893,0.078,ok
1894,0.077,ok
1895,0.077,ok
1896,0.106,ok
1897,0.077,ok
1898,0.080,ok
1899,0.077,ok
1900,0.077,ok
1901,0.077,ok
1902,0.081,ok
1903,0.077,ok
1904,0.078,ok
1905,0.083,ok
1906,0.077,ok
1907,0.080,ok
1908,0.079,ok
1909,0.079,ok
1910,0.079,ok
1911,0.079,ok
1912,0.079,ok
1913,0.108,ok
1914,0.082,ok
1915,0.080,ok
1916,0.079,ok
1917,0.080,ok
1918,0.080,ok
1919,0.079,ok
1920,0.079,ok
1921,0.079,ok
1922,0.080,ok
1923,0.078,ok
1924,0.079,ok
1925,0.078,ok
1926,0.080,ok
1927,0.081,ok
1928,0.080,ok
1929,0.078,ok
1930,0.080,ok
1931,0.079,ok
1932,0.079,ok
1933,0.079,ok
1934,0.079,ok
1935,0.079,ok
1936,0.079,ok
1937,0.084,ok
1938,0.079,ok
1939,0.082,ok
1940,0.080,ok
1941,0.096,ok
1942,0.079,ok
1943,0.079,ok
1944,0.079,ok
1945,0.104,ok
1946,0.080,ok
1947,0.079,ok
1948,0.081,ok
1949,0.078,ok
1950,0.080,ok
1951,0.082,ok
1952,0.080,ok
1953,0.079,ok
1954,0.080,ok
1955,0.079,ok
1956,0.096,ok
1957,0.079,ok
1958,0.085,ok
1959,0.078,ok
1960,0.080,ok
1961,0.079,ok
1962,0.080,ok
1963,0.081,ok
1964,0.080,ok
1965,0.079,ok
1966,0.081,ok
1967,0.078,ok
1968,0.080,ok
1969,0.079,ok
1970,0.079,ok
1971,0.079,ok
1972,0.080,ok
1973,0.079,ok
1974,0.080,ok
1975,0.078,ok
1976,0.083,ok
1977,0.090,ok
1978,0.080,ok
1979,0.084,ok
1980,0.079,ok
1981,0.080,ok
1982,0.080,ok
1983,0.092,ok
1984,0.078,ok
1985,0.079,ok
1986,0.079,ok
1987,0.080,ok
1988,0.082,ok
1989,0.084,ok
1990,0.081,ok
1991,0.078,ok
1992,0.079,ok
1993,0.079,ok
1994,0.079,ok
1995,0.095,ok
1996,0.079,ok
1997,0.079,ok
1998,0.080,ok
1999,0.079,ok
2000,0.082,ok
2001,0.079,ok
2002,0.078,ok
2003,0.079,ok
2004,0.079,ok
2005,0.080,ok
2006,0.078,ok
2007,0.079,ok
2008,0.079,ok
2009,0.079,ok
2010,0.079,ok
2011,0.079,ok
2012,0.079,ok
2013,0.082,ok
2014,0.080,ok
2015,0.079,ok
2016,0.083,ok
2017,0.079,ok
2018,0.079,ok
2019,0.079,ok
2020,0.079,ok
2021,0.078,ok
2022,0.081,ok
2023,0.079,ok
2024,0.079,ok
2025,0.083,ok
2026,0.080,ok
2027,0.078,ok
2028,0.079,ok
2029,0.078,ok
2030,0.080,ok
2031,0.078,ok
2032,0.079,ok
2033,0.078,ok
2034,0.079,ok
2035,0.079,ok
2036,0.084,ok
2037,0.079,ok
2038,0.081,ok
2039,0.078,ok
2040,0.079,ok
2041,0.079,ok
2042,0.079,ok
2043,0.083,ok
2044,0.078,ok
2045,0.082,ok
2046,0.079,ok
2047,0.079,ok
2048,0.080,ok
2049,0.079,ok
2050,0.083,ok
2051,0.079,ok
2052,0.079,ok
2053,0.079,ok
2054,0.079,ok
2055,0.079,ok
2056,0.078,ok
2057,0.079,ok
2058,0.079,ok
2059,0.079,ok
2060,0.109,ok
2061,0.103,ok
2062,0.084,ok
2063,0.079,ok
2064,0.083,ok
2065,0.079,ok
2066,0.078,ok
2067,0.079,ok
2068,0.078,ok
2069,0.079,ok
2070,0.078,ok
2071,0.079,ok
2072,0.078,ok
2073,0.079,ok
2074,0.090,ok
2075,0.089,ok
2076,0.081,ok
2077,0.082,ok
2078,0.081,ok
2079,0.082,ok
2080,0.080,ok
2081,0.080,ok
2082,0.080,ok
2083,0.080,ok
2084,0.080,ok
2085,0.081,ok
2086,0.084,ok
2087,0.092,ok
2088,0.082,ok
2089,0.081,ok
2090,0.080,ok
2091,0.081,ok
2092,0.080,ok
2093,0.081,ok
2094,0.080,ok
2095,0.081,ok
2096,0.079,ok
2097,0.081,ok
2098,0.080,ok
2099,0.084,ok
2100,0.082,ok
2101,0.082,ok
2102,0.085,ok
2103,0.081,ok
2104,0.081,ok
2105,0.081,ok
2106,0.081,ok
2107,0.081,ok
2108,0.080,ok
2109,0.081,ok
2110,0.081,ok
2111,0.083,ok
2112,0.082,ok
2113,0.081,ok
2114,0.081,ok
2115,0.080,ok
2116,0.081,ok
2117,0.080,ok
2118,0.080,ok
2119,0.080,ok
2120,0.080,ok
2121,0.080,ok
2122,0.080,ok
2123,0.082,ok
2124,0.081,ok
2125,0.081,ok
2126,0.080,ok
2127,0.081,ok
2128,0.080,ok
2129,0.080,ok
2130,0.080,ok
2131,0.082,ok
2132,0.092,ok
2133,0.081,ok
2134,0.081,ok
2135,0.082,ok
2136,0.080,ok
2137,0.081,ok
2138,0.080,ok
2139,0.081,ok
2140,0.081,ok
2141,0.085,ok
2142,0.081,ok
2143,0.081,ok
2144,0.080,ok
2145,0.080,ok
2146,0.109,ok
2147,0.083,ok
2148,0.081,ok
2149,0.081,ok
2150,0.081,ok
2151,0.081,ok
2152,0.083,ok
2153,0.085,ok
2154,0.084,ok
2155,0.082,ok
2156,0.081,ok
2157,0.080,ok
2158,0.089,ok
2159,0.083,ok
2160,0.082,ok
2161,0.085,ok
2162,0.082,ok
2163,0.082,ok
2164,0.081,ok
2165,0.082,ok
2166,0.081,ok
2167,0.082,ok
2168,0.094,ok
2169,0.080,ok
2170,0.080,ok
2171,0.084,ok
2172,0.080,ok
2173,0.081,ok
2174,0.080,ok
2175,0.080,ok
2176,0.080,ok
2177,0.081,ok
2178,0.080,ok
2179,0.080,ok
2180,0.080,ok
2181,0.080,ok
2182,0.080,ok
2183,0.084,ok
2184,0.080,ok
2185,0.081,ok
2186,0.081,ok
2187,0.080,ok
2188,0.081,ok
2189,0.080,ok
2190,0.080,ok
2191,0.081,ok
2192,0.105,ok
2193,0.081,ok
2194,0.079,ok
2195,0.083,ok
2196,0.080,ok
2197,0.081,ok
2198,0.109,ok
2199,0.088,ok
2200,0.081,ok
2201,0.081,ok
2202,0.102,ok
2203,0.083,ok
2204,0.080,ok
2205,0.080,ok
2206,0.081,ok
2207,0.084,ok
2208,0.080,ok
2209,0.096,ok
2210,0.108,ok
2211,0.081,ok
2212,0.081,ok
2213,0.079,ok
2214,0.081,ok
2215,0.080,ok
2216,0.085,ok
2217,0.079,ok
2218,0.081,ok
2219,0.082,ok
2220,0.081,ok
2221,0.080,ok
2222,0.081,ok
2223,0.080,ok
2224,0.085,ok
2225,0.082,ok
2226,0.080,ok
2227,0.080,ok
2228,0.080,ok
2229,0.080,ok
2230,0.081,ok
2231,0.082,ok
2232,0.080,ok
2233,0.079,ok
2234,0.081,ok
2235,0.080,ok
2236,0.080,ok
2237,0.080,ok
2238,0.082,ok
2239,0.093,ok
2240,0.081,ok
2241,0.079,ok
2242,0.080,ok
2243,0.082,ok
2244,0.080,ok
2245,0.080,ok
2246,0.081,ok
2247,0.079,ok
2248,0.084,ok
2249,0.079,ok
2250,0.080,ok
2251,0.079,ok
2252,0.080,ok
2253,0.079,ok
2254,0.095,ok
2255,0.082,ok
2256,0.082,ok
2257,0.081,ok
2258,0.080,ok
2259,0.080,ok
2260,0.079,ok
2261,0.080,ok
2262,0.082,ok
2263,0.102,ok
2264,0.078,ok
2265,0.078,ok
2266,0.078,ok
2267,0.082,ok
2268,0.088,ok
2269,0.085,ok
2270,0.079,ok
2271,0.080,ok
2272,0.078,ok
2273,0.079,ok
2274,0.077,ok
2275,0.078,ok
2276,0.077,ok
2277,0.082,ok
2278,0.077,ok
2279,0.077,ok
2280,0.088,ok
2281,0.079,ok
2282,0.083,ok
2283,0.078,ok
2284,0.079,ok
2285,0.083,ok
2286,0.078,ok
2287,0.078,ok
2288,0.078,ok
2289,0.078,ok
2290,0.079,ok
2291,0.078,ok
2292,0.082,ok
2293,0.078,ok
2294,0.078,ok
2295,0.078,ok
2296,0.077,ok
2297,0.078,ok
2298,0.078,ok
2299,0.077,ok
2300,0.078,ok
2301,0.083,ok
2302,0.079,ok
2303,0.078,ok
2304,0.079,ok
2305,0.080,ok
2306,0.078,ok
2307,0.077,ok
2308,0.077,ok
2309,0.077,ok
2310,0.078,ok
2311,0.077,ok
2312,0.077,ok
2313,0.077,ok
2314,0.078,ok
2315,0.076,ok
2316,0.077,ok
2317,0.077,ok
2318,0.081,ok
2319,0.077,ok
2320,0.077,ok
2321,0.077,ok
2322,0.078,ok
2323,0.077,ok
2324,0.078,ok
2325,0.077,ok
2326,0.077,ok
2327,0.078,ok
2328,0.078,ok
2329,0.077,ok
2330,0.081,ok
2331,0.091,ok
2332,0.077,ok
2333,0.078,ok
2334,0.078,ok
2335,0.077,ok
2336,0.077,ok
2337,0.078,ok
2338,0.077,ok
2339,0.078,ok
2340,0.077,ok
2341,0.077,ok
2342,0.078,ok
2343,0.082,ok
2344,0.077,ok
2345,0.078,ok
2346,0.078,ok
2347,0.081,ok
2348,0.077,ok
2349,0.105,ok
2350,0.077,ok
2351,0.077,ok
2352,0.078,ok
2353,0.077,ok
2354,0.077,ok
2355,0.079,ok
2356,0.078,ok
2357,0.078,ok
2358,0.079,ok
2359,0.076,ok
2360,0.078,ok
2361,0.077,ok
2362,0.078,ok
2363,0.079,ok
2364,0.077,ok
2365,0.077,ok
2366,0.079,ok
2367,0.077,ok
2368,0.083,ok
2369,0.083,ok
2370,0.078,ok
2371,0.077,ok
2372,0.078,ok
2373,0.077,ok
2374,0.078,ok
2375,0.077,ok
2376,0.078,ok
2377,0.079,ok
2378,0.077,ok
2379,0.077,ok
2380,0.078,ok
2381,0.083,ok
2382,0.079,ok
2383,0.082,ok
2384,0.078,ok
2385,0.082,ok
2386,0.078,ok
2387,0.077,ok
2388,0.077,ok
2389,0.077,ok
2390,0.078,ok
2391,0.077,ok
2392,0.077,ok
2393,0.081,ok
2394,0.079,ok
2395,0.077,ok
2396,0.078,ok
2397,0.077,ok
2398,0.078,ok
2399,0.078,ok
2400,0.078,ok
2401,0.082,ok
2402,0.080,ok
2403,0.077,ok
2404,0.077,ok
2405,0.078,ok
2406,0.081,ok
2407,0.082,ok
2408,0.077,ok
2409,0.078,ok
2410,0.078,ok
2411,0.078,ok
2412,0.078,ok
2413,0.077,ok
2414,0.078,ok
2415,0.077,ok
2416,0.078,ok
2417,0.078,ok
2418,0.078,ok
2419,0.080,ok
2420,0.077,ok
2421,0.077,ok
2422,0.078,ok
2423,0.078,ok
2424,0.077,ok
2425,0.078,ok
2426,0.078,ok
2427,0.078,ok
2428,0.077,ok
2429,0.077,ok
2430,0.078,ok
2431,0.080,ok
2432,0.078,ok
2433,0.078,ok
2434,0.079,ok
2435,0.079,ok
2436,0.079,ok
2437,0.078,ok
2438,0.080,ok
2439,0.077,ok
2440,0.079,ok
2441,0.078,ok
2442,0.080,ok
2443,0.077,ok
2444,0.086,ok
2445,0.078,ok
2446,0.080,ok
2447,0.092,ok
2448,0.083,ok
2449,0.077,ok
2450,0.079,ok
2451,0.077,ok
2452,0.079,ok
2453,0.078,ok
2454,0.079,ok
2455,0.078,ok
2456,0.082,ok
2457,0.078,ok
2458,0.078,ok
2459,0.078,ok
2460,0.078,ok
2461,0.077,ok
2462,0.081,ok
2463,0.078,ok
2464,0.079,ok
2465,0.078,ok
2466,0.079,ok
2467,0.077,ok
2468,0.079,ok
2469,0.101,ok
2470,0.088,ok
2471,0.092,ok
2472,0.082,ok
2473,0.079,ok
2474,0.080,ok
2475,0.078,ok
2476,0.079,ok
2477,0.077,ok
2478,0.080,ok
2479,0.082,ok
2480,0.084,ok
2481,0.081,ok
2482,0.080,ok
2483,0.078,ok
2484,0.079,ok
2485,0.078,ok
2486,0.080,ok
2487,0.078,ok
2488,0.079,ok
2489,0.083,ok
2490,0.079,ok
2491,0.077,ok
2492,0.079,ok
2493,0.082,ok
2494,0.102,ok
2495,0.225,ok
2496,0.124,ok
2497,0.218,ok
2498,0.150,ok
2499,0.105,ok
2500,0.108,ok
2501,0.104,ok
2502,0.095,ok
2503,0.096,ok
2504,0.094,ok
2505,0.094,ok
2506,0.092,ok
2507,0.094,ok
2508,0.092,ok
2509,0.093,ok
2510,0.098,ok
2511,0.096,ok
2512,0.096,ok
2513,0.102,ok
2514,0.095,ok
2515,0.094,ok
2516,0.094,ok
2517,0.094,ok
2518,0.093,ok
2519,0.092,ok
2520,0.093,ok
2521,0.098,ok
2522,0.093,ok
2523,0.092,ok
2524,0.092,ok
2525,0.094,ok
2526,0.094,ok
2527,0.093,ok
2528,0.093,ok
2529,0.092,ok
2530,0.093,ok
2531,0.093,ok
2532,0.094,ok
2533,0.094,ok
2534,0.092,ok
2535,0.091,ok
2536,0.093,ok
2537,0.093,ok
2538,0.093,ok
2539,0.092,ok
2540,0.092,ok
2541,0.092,ok
2542,0.098,ok
2543,0.094,ok
2544,0.093,ok
2545,0.093,ok
2546,0.092,ok
2547,0.092,ok
2548,0.092,ok
2549,0.093,ok
2550,0.092,ok
2551,0.091,ok
2552,0.092,ok
2553,0.098,ok
2554,0.093,ok
2555,0.092,ok
2556,0.093,ok
2557,0.093,ok
2558,0.094,ok
2559,0.093,ok
2560,0.092,ok
2561,0.093,ok
2562,0.092,ok
2563,0.102,ok
2564,0.095,ok
2565,0.093,ok
2566,0.093,ok
2567,0.092,ok
2568,0.092,ok
2569,0.093,ok
2570,0.093,ok
2571,0.093,ok
2572,0.093,ok
2573,0.093,ok
2574,0.098,ok
2575,0.092,ok
2576,0.092,ok
2577,0.093,ok
2578,0.097,ok
2579,0.092,ok
2580,0.092,ok
2581,0.093,ok
2582,0.092,ok
2583,0.092,ok
2584,0.093,ok
2585,0.097,ok
2586,0.093,ok
2587,0.092,ok
2588,0.092,ok
2589,0.093,ok
2590,0.093,ok
2591,0.092,ok
2592,0.092,ok
2593,0.093,ok
2594,0.092,ok
2595,0.095,ok
2596,0.094,ok
2597,0.091,ok
2598,0.092,ok
2599,0.091,ok
2600,0.092,ok
2601,0.092,ok
2602,0.092,ok
2603,0.092,ok
2604,0.094,ok
2605,0.093,ok
2606,0.096,ok
2607,0.092,ok
2608,0.092,ok
2609,0.092,ok
2610,0.092,ok
2611,0.092,ok
2612,0.092,ok
2613,0.092,ok
2614,0.093,ok
2615,0.092,ok
2616,0.092,ok
2617,0.097,ok
2618,0.094,ok
2619,0.092,ok
2620,0.093,ok
2621,0.092,ok
2622,0.093,ok
2623,0.092,ok
2624,0.092,ok
2625,0.093,ok
2626,0.092,ok
2627,0.093,ok
2628,0.097,ok
2629,0.093,ok
2630,0.092,ok
2631,0.092,ok
2632,0.092,ok
2633,0.093,ok
2634,0.092,ok
2635,0.092,ok
2636,0.091,ok
2637,0.093,ok
2638,0.098,ok
2639,0.096,ok
2640,0.132,ok
2641,0.093,ok
2642,0.093,ok
2643,0.092,ok
2644,0.092,ok
2645,0.092,ok
2646,0.092,ok
2647,0.092,ok
2648,0.092,ok
2649,0.096,ok
2650,0.093,ok
2651,0.093,ok
2652,0.093,ok
2653,0.093,ok
2654,0.094,ok
2655,0.092,ok
2656,0.092,ok
2657,0.092,ok
2658,0.092,ok
2659,0.096,ok
2660,0.094,ok
2661,0.093,ok
2662,0.094,ok
2663,0.092,ok
2664,0.092,ok
2665,0.093,ok
2666,0.094,ok
2667,0.092,ok
2668,0.092,ok
2669,0.092,ok
2670,0.097,ok
2671,0.092,ok
2672,0.092,ok
2673,0.092,ok
2674,0.092,ok
2675,0.092,ok
2676,0.092,ok
2677,0.092,ok
2678,0.092,ok
2679,0.091,ok
2680,0.092,ok
2681,0.145,ok
2682,0.097,ok
2683,0.093,ok
2684,0.094,ok
2685,0.093,ok
2686,0.093,ok
2687,0.092,ok
2688,0.094,ok
2689,0.101,ok
2690,0.094,ok
2691,0.106,ok
2692,0.136,ok
2693,0.094,ok
2694,0.094,ok
2695,0.094,ok
2696,0.093,ok
2697,0.092,ok
2698,0.092,ok
2699,0.092,ok
2700,0.092,ok
2701,0.098,ok
2702,0.093,ok
2703,0.093,ok
2704,0.094,ok
2705,0.094,ok
2706,0.093,ok
2707,0.093,ok
2708,0.092,ok
2709,0.093,ok
2710,0.094,ok
2711,0.096,ok
2712,0.095,ok
2713,0.096,ok
2714,0.099,ok
2715,0.094,ok
2716,0.093,ok
2717,0.093,ok
2718,0.095,ok
2719,0.094,ok
2720,0.092,ok
2721,0.092,ok
2722,0.099,ok
2723,0.093,ok
2724,0.093,ok
2725,0.092,ok
2726,0.093,ok
2727,0.094,ok
2728,0.093,ok
2729,0.092,ok
2730,0.094,ok
2731,0.093,ok
2732,0.096,ok
2733,0.095,ok
2734,0.095,ok
2735,0.093,ok
2736,0.092,ok
2737,0.094,ok
2738,0.094,ok
2739,0.092,ok
2740,0.092,ok
2741,0.093,ok
2742,0.093,ok
2743,0.101,ok
2744,0.094,ok
2745,0.094,ok
2746,0.094,ok
2747,0.092,ok
2748,0.099,ok
2749,0.093,ok
2750,0.096,ok
2751,0.100,ok
2752,0.099,ok
2753,0.103,ok
2754,0.099,ok
2755,0.116,ok
2756,0.139,ok
2757,0.136,ok
2758,0.237,ok
2759,0.142,ok
2760,0.148,ok
2761,0.131,ok
2762,0.114,ok
2763,0.101,ok
2764,0.099,ok
2765,0.095,ok
2766,0.096,ok
2767,0.101,ok
2768,0.095,ok
2769,0.094,ok
2770,0.102,ok
2771,0.096,ok
2772,0.096,ok
2773,0.094,ok
2774,0.101,ok
2775,0.112,ok
2776,0.097,ok
2777,0.113,ok
2778,0.108,ok
2779,0.112,ok
2780,0.095,ok
2781,0.106,ok
2782,0.095,ok
2783,0.095,ok
2784,0.094,ok
2785,0.093,ok
2786,0.095,ok
2787,0.094,ok
2788,0.094,ok
2789,0.093,ok
2790,0.100,ok
2791,0.096,ok
2792,0.096,ok
2793,0.094,ok
2794,0.093,ok
2795,0.093,ok
2796,0.093,ok
2797,0.094,ok
2798,0.095,ok
2799,0.094,ok
2800,0.102,ok
2801,0.102,ok
2802,0.094,ok
2803,0.096,ok
2804,0.116,ok
2805,0.094,ok
2806,0.093,ok
2807,0.093,ok
2808,0.092,ok
2809,0.094,ok
2810,0.100,ok
2811,0.093,ok
2812,0.094,ok
2813,0.094,ok
2814,0.094,ok
2815,0.093,ok
2816,0.093,ok
2817,0.093,ok
2818,0.093,ok
2819,0.094,ok
2820,0.095,ok
2821,0.102,ok
2822,0.095,ok
2823,0.096,ok
2824,0.095,ok
2825,0.094,ok
2826,0.095,ok
2827,0.094,ok
2828,0.094,ok
2829,0.095,ok
2830,0.095,ok
2831,0.099,ok
2832,0.098,ok
2833,0.096,ok
2834,0.096,ok
2835,0.096,ok
2836,0.095,ok
2837,0.095,ok
2838,0.095,ok
2839,0.095,ok
2840,0.095,ok
2841,0.095,ok
2842,0.127,ok
2843,0.104,ok
2844,0.104,ok
2845,0.110,ok
2846,0.142,ok
2847,0.129,ok
2848,0.115,ok
2849,0.111,ok
2850,0.113,ok
2851,0.108,ok
2852,0.102,ok
2853,0.103,ok
2854,0.101,ok
2855,0.114,ok
2856,0.115,ok
2857,0.104,ok
2858,0.111,ok
2859,0.119,ok
2860,0.102,ok
2861,0.103,ok
2862,0.100,ok
2863,0.100,ok
2864,0.134,ok
2865,0.099,ok
2866,0.099,ok
2867,0.099,ok
2868,0.098,ok
2869,0.107,ok
2870,0.101,ok
2871,0.100,ok
2872,0.099,ok
2873,0.105,ok
2874,0.111,ok
2875,0.099,ok
2876,0.099,ok
2877,0.100,ok
2878,0.104,ok
2879,0.101,ok
2880,0.099,ok
2881,0.100,ok
2882,0.099,ok
2883,0.100,ok
2884,0.099,ok
2885,0.099,ok
2886,0.099,ok
2887,0.099,ok
2888,0.102,ok
2889,0.137,ok
2890,0.101,ok
2891,0.099,ok
2892,0.099,ok
2893,0.100,ok
2894,0.099,ok
2895,0.099,ok
2896,0.098,ok
2897,0.099,ok
2898,0.108,ok
2899,0.100,ok
2900,0.099,ok
2901,0.101,ok
2902,0.099,ok
2903,0.099,ok
2904,0.099,ok
2905,0.100,ok
2906,0.100,ok
2907,0.099,ok
2908,0.104,ok
2909,0.136,ok
2910,0.100,ok
2911,0.100,ok
2912,0.100,ok
2913,0.100,ok
2914,0.100,ok
2915,0.099,ok
2916,0.109,ok
2917,0.117,ok
2918,0.100,ok
2919,0.100,ok
2920,0.100,ok
2921,0.101,ok
2922,0.099,ok
2923,0.100,ok
2924,0.100,ok
2925,0.099,ok
2926,0.099,ok
2927,0.106,ok
2928,0.101,ok
2929,0.099,ok
2930,0.100,ok
2931,0.102,ok
2932,0.101,ok
2933,0.103,ok
2934,0.117,ok
2935,0.110,ok
2936,0.099,ok
2937,0.105,ok
2938,0.101,ok
2939,0.101,ok
2940,0.101,ok
2941,0.102,ok
2942,0.101,ok
2943,0.102,ok
2944,0.112,ok
2945,0.112,ok
2946,0.104,ok
2947,0.101,ok
2948,0.098,ok
2949,0.100,ok
2950,0.098,ok
2951,0.099,ok
2952,0.099,ok
2953,0.100,ok
2954,0.101,ok
2955,0.101,ok
2956,0.137,ok
2957,0.115,ok
2958,0.120,ok
2959,0.111,ok
2960,0.122,ok
2961,0.118,ok
2962,0.110,ok
2963,0.121,ok
2964,0.128,ok
2965,0.131,ok
2966,0.117,ok
2967,0.104,ok
2968,0.101,ok
2969,0.104,ok
2970,0.101,ok
2971,0.100,ok
2972,0.122,ok
2973,0.107,ok
2974,0.103,ok
2975,0.101,ok
2976,0.098,ok
2977,0.125,ok
2978,0.101,ok
2979,0.099,ok
2980,0.099,ok
2981,0.101,ok
2982,0.128,ok
2983,0.102,ok
2984,0.099,ok
2985,0.101,ok
2986,0.099,ok
2987,0.099,ok
2988,0.100,ok
2989,0.105,ok
2990,0.099,ok
2991,0.099,ok
2992,0.106,ok
2993,0.105,ok
2994,0.100,ok
2995,0.099,ok
2996,0.099,ok
2997,0.102,ok
2998,0.124,ok
2999,0.135,ok
3000,0.105,ok
3001,0.107,ok
3002,0.140,ok
3003,0.102,ok
3004,0.098,ok
3005,0.104,ok
3006,0.104,ok
3007,0.100,ok
3008,0.098,ok
3009,0.100,ok
3010,0.102,ok
3011,0.105,ok
3012,0.100,ok
3013,0.101,ok
3014,0.103,ok
3015,0.099,ok
3016,0.098,ok
3017,0.137,ok
3018,0.101,ok
3019,0.104,ok
3020,0.130,ok
3021,0.100,ok
3022,0.101,ok
3023,0.101,ok
3024,0.100,ok
3025,0.099,ok
3026,0.100,ok
3027,0.101,ok
3028,0.110,ok
3029,0.100,ok
3030,0.112,ok
3031,0.100,ok
3032,0.097,ok
3033,0.100,ok
3034,0.099,ok
3035,0.099,ok
3036,0.098,ok
3037,0.100,ok
3038,0.099,ok
3039,0.102,ok
3040,0.101,ok
3041,0.100,ok
3042,0.098,ok
3043,0.099,ok
3044,0.101,ok
3045,0.100,ok
3046,0.099,ok
3047,0.101,ok
3048,0.100,ok
3049,0.102,ok
3050,0.107,ok
3051,0.103,ok
3052,0.100,ok
3053,0.102,ok
3054,0.102,ok
3055,0.114,ok
3056,0.107,ok
3057,0.104,ok
3058,0.103,ok
3059,0.109,ok
3060,0.103,ok
3061,0.103,ok
3062,0.103,ok
3063,0.101,ok
3064,0.101,ok
3065,0.101,ok
3066,0.102,ok
3067,0.100,ok
3068,0.101,ok
3069,0.106,ok
3070,0.103,ok
3071,0.102,ok
3072,0.101,ok
3073,0.102,ok
3074,0.100,ok
3075,0.102,ok
3076,0.100,ok
3077,0.101,ok
3078,0.100,ok
3079,0.108,ok
3080,0.106,ok
3081,0.110,ok
3082,0.105,ok
3083,0.120,ok
3084,0.118,ok
3085,0.119,ok
3086,0.145,ok
3087,0.115,ok
3088,0.114,ok
3089,0.109,ok
3090,0.105,ok
3091,0.108,ok
3092,0.111,ok
3093,0.107,ok
3094,0.114,ok
3095,0.103,ok
3096,0.113,ok
3097,0.134,ok
3098,0.097,ok
3099,0.164,ok
3100,0.145,ok
3101,0.100,ok
3102,0.157,ok
3103,0.135,ok
3104,0.138,ok
3105,0.102,ok
3106,0.130,ok
3107,0.116,ok
3108,0.111,ok
3109,0.112,ok
3110,0.107,ok
3111,0.106,ok
3112,0.109,ok
3113,0.105,ok
3114,0.106,ok
3115,0.105,ok
3116,0.105,ok
3117,0.105,ok
3118,0.105,ok
3119,0.103,ok
3120,0.104,ok
3121,0.105,ok
3122,0.112,ok
3123,0.173,ok
3124,0.125,ok
3125,0.120,ok
3126,0.117,ok
3127,0.116,ok
3128,0.115,ok
3129,0.120,ok
3130,0.156,ok
3131,0.116,ok
3132,0.113,ok
3133,0.115,ok
3134,0.114,ok
3135,0.113,ok
3136,0.114,ok
3137,0.111,ok
3138,0.121,ok
3139,0.118,ok
3140,0.117,ok
3141,0.116,ok
3142,0.117,ok
3143,0.111,ok
3144,0.160,ok
3145,0.117,ok
3146,0.132,ok
3147,0.105,ok
3148,0.099,ok
3149,0.115,ok
3150,0.105,ok
3151,0.103,ok
3152,0.100,ok
3153,0.103,ok
3154,0.103,ok
3155,0.096,ok
3156,0.114,ok
3157,0.120,ok
3158,0.119,ok
3159,0.115,ok
3160,0.114,ok
3161,0.110,ok
3162,0.111,ok
3163,0.109,ok
3164,0.112,ok
3165,0.112,ok
3166,0.113,ok
3167,0.114,ok
3168,0.112,ok
3169,0.117,ok
3170,0.113,ok
3171,0.109,ok
3172,0.110,ok
3173,0.124,ok
3174,0.114,ok
3175,0.112,ok
3176,0.112,ok
3177,0.111,ok
3178,0.112,ok
3179,0.110,ok
3180,0.125,ok
3181,0.123,ok
3182,0.130,ok
3183,0.128,ok
3184,0.131,ok
3185,0.123,ok
3186,0.095,ok
3187,0.102,ok
3188,0.093,ok
3189,0.100,ok
3190,0.094,ok
3191,0.103,ok
3192,0.092,ok
3193,0.091,ok
3194,0.092,ok
3195,0.092,ok
3196,0.091,ok
3197,0.098,ok
3198,0.168,ok
3199,0.121,ok
3200,0.121,ok
3201,0.115,ok
3202,0.115,ok
3203,0.110,ok
3204,0.111,ok
3205,0.110,ok
3206,0.113,ok
3207,0.112,ok
3208,0.110,ok
3209,0.117,ok
3210,0.114,ok
3211,0.111,ok
3212,0.112,ok
3213,0.110,ok
3214,0.114,ok
3215,0.110,ok
3216,0.111,ok
3217,0.111,ok
3218,0.117,ok
3219,0.121,ok
3220,0.134,ok
3221,0.113,ok
3222,0.118,ok
3223,0.112,ok
3224,0.112,ok
3225,0.114,ok
3226,0.117,ok
3227,0.114,ok
3228,0.109,ok
3229,0.112,ok
3230,0.111,ok
3231,0.112,ok
3232,0.127,ok
3233,0.114,ok
3234,0.112,ok
3235,0.117,ok
3236,0.110,ok
3237,0.110,ok
3238,0.111,ok
3239,0.110,ok
3240,0.109,ok
3241,0.110,ok
3242,0.110,ok
3243,0.127,ok
3244,0.121,ok
3245,0.112,ok
3246,0.116,ok
3247,0.112,ok
3248,0.185,ok
3249,0.113,ok
3250,0.111,ok
3251,0.120,ok
3252,0.123,ok
3253,0.106,ok
3254,0.107,ok
3255,0.123,ok
3256,0.136,ok
3257,0.101,ok
3258,0.102,ok
3259,0.125,ok
3260,0.098,ok
3261,0.103,ok
3262,0.106,ok
3263,0.114,ok
3264,0.090,ok
3265,0.088,ok
3266,0.085,ok
3267,0.086,ok
3268,0.084,ok
3269,0.086,ok
3270,0.085,ok
3271,0.091,ok
3272,0.123,ok
3273,0.085,ok
3274,0.085,ok
3275,0.086,ok
3276,0.085,ok
3277,0.088,ok
3278,0.085,ok
3279,0.086,ok
3280,0.083,ok
3281,0.086,ok
3282,0.088,ok
3283,0.090,ok
3284,0.084,ok
3285,0.087,ok
3286,0.085,ok
3287,0.086,ok
3288,0.097,ok
3289,0.109,ok
3290,0.109,ok
3291,0.103,ok
3292,0.105,ok
3293,0.175,ok
3294,0.104,ok
3295,0.109,ok
3296,0.107,ok
3297,0.093,ok
3298,0.113,ok
3299,0.114,ok
3300,0.113,ok
3301,0.111,ok
3302,0.120,ok
3303,0.116,ok
3304,0.131,ok
3305,0.112,ok
3306,0.107,ok
3307,0.104,ok
3308,0.104,ok
3309,0.108,ok
3310,0.111,ok
3311,0.103,ok
3312,0.100,ok
3313,0.103,ok
3314,0.105,ok
3315,0.105,ok
3316,0.112,ok
3317,0.100,ok
3318,0.121,ok
3319,0.126,ok
3320,0.124,ok
3321,0.109,ok
3322,0.116,ok
3323,0.107,ok
3324,0.120,ok
3325,0.112,ok
3326,0.113,ok
3327,0.106,ok
3328,0.115,ok
3329,0.105,ok
3330,0.110,ok
3331,0.106,ok
3332,0.136,ok
3333,0.124,ok
3334,0.117,ok
3335,0.111,ok
3336,0.112,ok
3337,0.130,ok
3338,0.111,ok
3339,0.106,ok
3340,0.110,ok
3341,0.109,ok
3342,0.124,ok
3343,0.120,ok
3344,0.118,ok
3345,0.127,ok
3346,0.120,ok
3347,0.120,ok
3348,0.117,ok
3349,0.113,ok
3350,0.120,ok
3351,0.121,ok
3352,0.117,ok
3353,0.125,ok
3354,0.120,ok
3355,0.115,ok
3356,0.119,ok
3357,0.115,ok
3358,0.120,ok
3359,0.117,ok
3360,0.120,ok
3361,0.116,ok
3362,0.125,ok
3363,0.115,ok
3364,0.118,ok
3365,0.116,ok
3366,0.120,ok
3367,0.116,ok
3368,0.117,ok
3369,0.152,ok
3370,0.118,ok
3371,0.124,ok
3372,0.097,ok
3373,0.097,ok
3374,0.095,ok
3375,0.093,ok
3376,0.102,ok
3377,0.123,ok
3378,0.120,ok
3379,0.106,ok
3380,0.089,ok
3381,0.099,ok
3382,0.087,ok
3383,0.099,ok
3384,0.107,ok
3385,0.101,ok
3386,0.097,ok
3387,0.098,ok
3388,0.096,ok
3389,0.106,ok
3390,0.099,ok
3391,0.099,ok
3392,0.098,ok
3393,0.098,ok
3394,0.097,ok
3395,0.098,ok
3396,0.096,ok
3397,0.098,ok
3398,0.097,ok
3399,0.104,ok
3400,0.099,ok
3401,0.097,ok
3402,0.096,ok
3403,0.098,ok
3404,0.096,ok
3405,0.097,ok
3406,0.096,ok
3407,0.098,ok
3408,0.097,ok
3409,0.101,ok
3410,0.097,ok
3411,0.097,ok
3412,0.095,ok
3413,0.097,ok
3414,0.095,ok
3415,0.096,ok
3416,0.096,ok
3417,0.097,ok
3418,0.097,ok
3419,0.097,ok
3420,0.102,ok
3421,0.099,ok
3422,0.100,ok
3423,0.111,ok
3424,0.148,ok
3425,0.099,ok
3426,0.107,ok
3427,0.103,ok
3428,0.151,ok
3429,0.133,ok
3430,0.129,ok
3431,0.151,ok
3432,0.169,ok
3433,0.154,ok
3434,0.150,ok
3435,0.159,ok
3436,0.163,ok
3437,0.157,ok
3438,0.140,ok
3439,0.140,ok
3440,0.152,ok
3441,0.151,ok
3442,0.145,ok
3443,0.140,ok
3444,0.137,ok
3445,0.140,ok
3446,0.170,ok
3447,0.149,ok
3448,0.152,ok
3449,0.146,ok
3450,0.144,ok
3451,0.143,ok
3452,0.142,ok
3453,0.156,ok
3454,0.149,ok
3455,0.113,ok
3456,0.107,ok
3457,0.102,ok
3458,0.100,ok
3459,0.098,ok
3460,0.098,ok
3461,0.098,ok
3462,0.099,ok
3463,0.097,ok
3464,0.097,ok
3465,0.104,ok
3466,0.100,ok
3467,0.098,ok
3468,0.138,ok
3469,0.103,ok
3470,0.100,ok
3471,0.103,ok
3472,0.098,ok
3473,0.097,ok
3474,0.099,ok
3475,0.102,ok
3476,0.100,ok
3477,0.098,ok
3478,0.098,ok
3479,0.098,ok
3480,0.098,ok
3481,0.097,ok
3482,0.098,ok
3483,0.098,ok
3484,0.097,ok
3485,0.101,ok
3486,0.100,ok
3487,0.098,ok
3488,0.098,ok
3489,0.098,ok
3490,0.097,ok
3491,0.116,ok
3492,0.116,ok
3493,0.098,ok
3494,0.101,ok
3495,0.097,ok
3496,0.101,ok
3497,0.098,ok
3498,0.100,ok
3499,0.097,ok
3500,0.097,ok
3501,0.096,ok
3502,0.099,ok
3503,0.105,ok
3504,0.121,ok
3505,0.099,ok
3506,0.096,ok
3507,0.099,ok
3508,0.097,ok
3509,0.097,ok
3510,0.097,ok
3511,0.098,ok
3512,0.096,ok
3513,0.098,ok
3514,0.100,ok
3515,0.101,ok
3516,0.096,ok
3517,0.097,ok
3518,0.097,ok
3519,0.099,ok
3520,0.096,ok
3521,0.097,ok
3522,0.095,ok
3523,0.097,ok
3524,0.098,ok
3525,0.100,ok
3526,0.100,ok
3527,0.097,ok
3528,0.097,ok
3529,0.096,ok
3530,0.097,ok
3531,0.098,ok
3532,0.096,ok
3533,0.096,ok
3534,0.095,ok
3535,0.105,ok
3536,0.107,ok
3537,0.104,ok
3538,0.110,ok
3539,0.102,ok
3540,0.098,ok
3541,0.100,ok
3542,0.097,ok
3543,0.100,ok
3544,0.138,ok
3545,0.120,ok
3546,0.107,ok
3547,0.106,ok
3548,0.105,ok
3549,0.108,ok
3550,0.107,ok
3551,0.107,ok
3552,0.105,ok
3553,0.111,ok
3554,0.112,ok
3555,0.108,ok
3556,0.112,ok
3557,0.107,ok
3558,0.106,ok
3559,0.106,ok
3560,0.105,ok
3561,0.106,ok
3562,0.111,ok
3563,0.106,ok
3564,0.105,ok
3565,0.110,ok
3566,0.106,ok
3567,0.106,ok
3568,0.110,ok
3569,0.106,ok
3570,0.106,ok
3571,0.105,ok
3572,0.112,ok
3573,0.107,ok
3574,0.109,ok
3575,0.105,ok
3576,0.106,ok
3577,0.105,ok
3578,0.105,ok
3579,0.105,ok
3580,0.105,ok
3581,0.110,ok
3582,0.118,ok
3583,0.176,ok
3584,0.113,ok
3585,0.112,ok
3586,0.117,ok
3587,0.110,ok
3588,0.111,ok
3589,0.112,ok
3590,0.111,ok
3591,0.110,ok
3592,0.111,ok
3593,0.110,ok
3594,0.112,ok
3595,0.110,ok
3596,0.110,ok
3597,0.109,ok
3598,0.116,ok
3599,0.110,ok
3600,0.110,ok
3601,0.111,ok
3602,0.110,ok
3603,0.110,ok
3604,0.111,ok
3605,0.110,ok
3606,0.111,ok
3607,0.114,ok
3608,0.111,ok
3609,0.110,ok
3610,0.110,ok
3611,0.111,ok
3612,0.110,ok
3613,0.109,ok
3614,0.115,ok
3615,0.108,ok
3616,0.125,ok
3617,0.117,ok
3618,0.114,ok
3619,0.118,ok
3620,0.109,ok
3621,0.110,ok
3622,0.121,ok
3623,0.109,ok
3624,0.113,ok
3625,0.114,ok
3626,0.114,ok
3627,0.109,ok
3628,0.111,ok
3629,0.108,ok
3630,0.113,ok
3631,0.110,ok
3632,0.112,ok
3633,0.109,ok
3634,0.121,ok
3635,0.110,ok
3636,0.111,ok
3637,0.108,ok
3638,0.111,ok
3639,0.108,ok
3640,0.110,ok
3641,0.109,ok
3642,0.110,ok
3643,0.113,ok
3644,0.112,ok
3645,0.109,ok
3646,0.112,ok
3647,0.109,ok
3648,0.110,ok
3649,0.109,ok
3650,0.110,ok
3651,0.108,ok
3652,0.113,ok
3653,0.109,ok
3654,0.113,ok
3655,0.109,ok
3656,0.111,ok
3657,0.108,ok
3658,0.112,ok
3659,0.154,ok
3660,0.120,ok
3661,0.111,ok
3662,0.115,ok
3663,0.114,ok
3664,0.161,ok
3665,0.121,ok
3666,0.130,ok
3667,0.126,ok
3668,0.132,ok
3669,0.132,ok
3670,0.126,ok
3671,0.119,ok
3672,0.119,ok
3673,0.116,ok
3674,0.118,ok
3675,0.116,ok
3676,0.137,ok
3677,0.183,ok
3678,0.106,ok
3679,0.094,ok
3680,0.095,ok
3681,0.123,ok
3682,0.092,ok
3683,0.089,ok
3684,0.087,ok
3685,0.089,ok
3686,0.131,ok
3687,0.090,ok
3688,0.085,ok
3689,0.086,ok
3690,0.092,ok
3691,0.113,ok
3692,0.109,ok
3693,0.142,ok
3694,0.111,ok
3695,0.115,ok
3696,0.103,ok
3697,0.091,ok
3698,0.101,ok
3699,0.110,ok
3700,0.114,ok
3701,0.109,ok
3702,0.102,ok
3703,0.104,ok
3704,0.105,ok
3705,0.104,ok
3706,0.102,ok
3707,0.100,ok
3708,0.104,ok
3709,0.103,ok
3710,0.101,ok
3711,0.100,ok
3712,0.100,ok
3713,0.102,ok
3714,0.111,ok
3715,0.104,ok
3716,0.102,ok
3717,0.101,ok
3718,0.102,ok
3719,0.101,ok
3720,0.102,ok
3721,0.100,ok
3722,0.103,ok
3723,0.100,ok
3724,0.107,ok
3725,0.101,ok
3726,0.099,ok
3727,0.100,ok
3728,0.102,ok
3729,0.101,ok
3730,0.100,ok
3731,0.101,ok
3732,0.102,ok
3733,0.107,ok
3734,0.104,ok
3735,0.101,ok
3736,0.100,ok
3737,0.101,ok
3738,0.103,ok
3739,0.101,ok
3740,0.100,ok
3741,0.102,ok
3742,0.101,ok
3743,0.105,ok
3744,0.102,ok
3745,0.100,ok
3746,0.100,ok
3747,0.100,ok
3748,0.101,ok
3749,0.103,ok
3750,0.100,ok
3751,0.099,ok
3752,0.099,ok
3753,0.106,ok
3754,0.102,ok
3755,0.100,ok
3756,0.104,ok
3757,0.105,ok
3758,0.102,ok
3759,0.100,ok
3760,0.101,ok
3761,0.101,ok
3762,0.104,ok
3763,0.122,ok
3764,0.111,ok
3765,0.107,ok
3766,0.109,ok
3767,0.108,ok
3768,0.110,ok
3769,0.112,ok
3770,0.111,ok
3771,0.109,ok
3772,0.114,ok
3773,0.145,ok
3774,0.108,ok
3775,0.120,ok
3776,0.107,ok
3777,0.109,ok
3778,0.107,ok
3779,0.107,ok
3780,0.112,ok
3781,0.113,ok
3782,0.108,ok
3783,0.111,ok
3784,0.112,ok
3785,0.126,ok
3786,0.119,ok
3787,0.119,ok
3788,0.117,ok
3789,0.121,ok
3790,0.120,ok
3791,0.125,ok
3792,0.118,ok
3793,0.123,ok
3794,0.118,ok
3795,0.115,ok
3796,0.118,ok
3797,0.124,ok
3798,0.120,ok
3799,0.120,ok
3800,0.119,ok
3801,0.116,ok
3802,0.116,ok
3803,0.114,ok
3804,0.117,ok
3805,0.116,ok
3806,0.123,ok
3807,0.117,ok
3808,0.117,ok
3809,0.123,ok
3810,0.124,ok
3811,0.126,ok
3812,0.123,ok
3813,0.126,ok
3814,0.130,ok
3815,0.121,ok
3816,0.118,ok
3817,0.119,ok
3818,0.120,ok
3819,0.120,ok
3820,0.120,ok
3821,0.132,ok
3822,0.132,ok
3823,0.121,ok
3824,0.119,ok
3825,0.122,ok
3826,0.119,ok
3827,0.123,ok
3828,0.121,ok
3829,0.120,ok
3830,0.129,ok
3831,0.123,ok
3832,0.125,ok
3833,0.129,ok
3834,0.129,ok
3835,0.120,ok
3836,0.116,ok
3837,0.118,ok
3838,0.127,ok
3839,0.121,ok
3840,0.119,ok
3841,0.117,ok
3842,0.115,ok
3843,0.116,ok
3844,0.116,ok
3845,0.116,ok
3846,0.115,ok
3847,0.124,ok
3848,0.117,ok
3849,0.117,ok
3850,0.115,ok
3851,0.118,ok
3852,0.115,ok
3853,0.117,ok
3854,0.116,ok
3855,0.123,ok
3856,0.118,ok
3857,0.116,ok
3858,0.116,ok
3859,0.120,ok
3860,0.115,ok
3861,0.118,ok
3862,0.117,ok
3863,0.126,ok
3864,0.117,ok
3865,0.122,ok
3866,0.119,ok
3867,0.118,ok
3868,0.116,ok
3869,0.119,ok
3870,0.117,ok
3871,0.116,ok
3872,0.123,ok
3873,0.117,ok
3874,0.117,ok
3875,0.117,ok
3876,0.115,ok
3877,0.117,ok
3878,0.115,ok
3879,0.116,ok
3880,0.121,ok
3881,0.118,ok
3882,0.116,ok
3883,0.117,ok
3884,0.116,ok
3885,0.116,ok
3886,0.116,ok
3887,0.119,ok
3888,0.115,ok
3889,0.121,ok
3890,0.117,ok
3891,0.117,ok
3892,0.115,ok
3893,0.118,ok
3894,0.116,ok
3895,0.121,ok
3896,0.121,ok
3897,0.132,ok
3898,0.120,ok
3899,0.121,ok
3900,0.131,ok
3901,0.122,ok
3902,0.121,ok
3903,0.121,ok
3904,0.134,ok
3905,0.136,ok
3906,0.151,ok
3907,0.133,ok
3908,0.130,ok
3909,0.129,ok
3910,0.127,ok
3911,0.116,ok
3912,0.164,ok
3913,0.119,ok
3914,0.119,ok
3915,0.116,ok
3916,0.117,ok
3917,0.115,ok
3918,0.116,ok
3919,0.114,ok
3920,0.151,ok
3921,0.124,ok
3922,0.125,ok
3923,0.125,ok
3924,0.119,ok
3925,0.120,ok
3926,0.117,ok
3927,0.114,ok
3928,0.116,ok
3929,0.120,ok
3930,0.121,ok
3931,0.163,ok
3932,0.172,ok
3933,0.134,ok
3934,0.124,ok
3935,0.120,ok
3936,0.123,ok
3937,0.107,ok
3938,0.100,ok
3939,0.094,ok
3940,0.095,ok
3941,0.095,ok
3942,0.095,ok
3943,0.120,ok
3944,0.092,ok
3945,0.095,ok
3946,0.100,ok
3947,0.095,ok
3948,0.095,ok
3949,0.093,ok
3950,0.093,ok
3951,0.106,ok
3952,0.105,ok
3953,0.093,ok
3954,0.094,ok
3955,0.106,ok
3956,0.113,ok
3957,0.094,ok
3958,0.093,ok
3959,0.093,ok
3960,0.105,ok
3961,0.104,ok
3962,0.093,ok
3963,0.094,ok
3964,0.102,ok
3965,0.093,ok
3966,0.103,ok
3967,0.095,ok
3968,0.094,ok
3969,0.093,ok
3970,0.093,ok
3971,0.092,ok
3972,0.093,ok
3973,0.092,ok
3974,0.093,ok
3975,0.093,ok
3976,0.093,ok
3977,0.101,ok
3978,0.095,ok
3979,0.093,ok
3980,0.093,ok
3981,0.094,ok
3982,0.094,ok
3983,0.093,ok
3984,0.093,ok
3985,0.094,ok
3986,0.094,ok
3987,0.101,ok
3988,0.097,ok
3989,0.094,ok
3990,0.094,ok
3991,0.094,ok
3992,0.093,ok
3993,0.094,ok
3994,0.094,ok
3995,0.094,ok
3996,0.094,ok
3997,0.148,ok
3998,0.113,ok
3999,0.100,ok
4000,0.095,ok
4001,0.086,ok
4002,0.085,ok
4003,0.084,ok
4004,0.083,ok
4005,0.083,ok
4006,0.083,ok
4007,0.084,ok
4008,0.094,ok
4009,0.083,ok
4010,0.083,ok
4011,0.083,ok
4012,0.082,ok
4013,0.084,ok
4014,0.082,ok
4015,0.083,ok
4016,0.083,ok
4017,0.083,ok
4018,0.083,ok
4019,0.083,ok
4020,0.087,ok
4021,0.085,ok
4022,0.097,ok
4023,0.119,ok
4024,0.134,ok
4025,0.133,ok
4026,0.125,ok
4027,0.123,ok
4028,0.162,ok
4029,0.145,ok
4030,0.137,ok
4031,0.118,ok
4032,0.111,ok
4033,0.110,ok
4034,0.109,ok
4035,0.109,ok
4036,0.113,ok
4037,0.111,ok
4038,0.107,ok
4039,0.108,ok
4040,0.104,ok
4041,0.107,ok
4042,0.103,ok
4043,0.108,ok
4044,0.104,ok
4045,0.112,ok
4046,0.110,ok
4047,0.109,ok
4048,0.106,ok
4049,0.111,ok
4050,0.114,ok
4051,0.118,ok
4052,0.113,ok
4053,0.109,ok
4054,0.119,ok
4055,0.117,ok
4056,0.120,ok
4057,0.122,ok
4058,0.160,ok
4059,0.115,ok
4060,0.107,ok
4061,0.109,ok
4062,0.119,ok
4063,0.116,ok
4064,0.114,ok
4065,0.113,ok
4066,0.093,ok
4067,0.107,ok
4068,0.134,ok
4069,0.128,ok
4070,0.127,ok
4071,0.131,ok
4072,0.123,ok
4073,0.127,ok
4074,0.087,ok
4075,0.131,ok
4076,0.136,ok
4077,0.127,ok
4078,0.128,ok
4079,0.134,ok
4080,0.143,ok
4081,0.085,ok
4082,0.134,ok
4083,0.128,ok
4084,0.128,ok
4085,0.084,ok
4086,0.129,ok
4087,0.127,ok
4088,0.089,ok
4089,0.097,ok
4090,0.116,ok
4091,0.106,ok
4092,0.136,ok
4093,0.102,ok
4094,0.103,ok
4095,0.102,ok
4096,0.104,ok
4097,0.110,ok
4098,0.105,ok
4099,0.104,ok
4100,0.098,ok
4101,0.104,ok
4102,0.105,ok
4103,0.133,ok
4104,0.099,ok
4105,0.123,ok
4106,0.114,ok
4107,0.102,ok
4108,0.099,ok
4109,0.104,ok
4110,0.100,ok
4111,0.102,ok
4112,0.099,ok
4113,0.101,ok
4114,0.102,ok
4115,0.105,ok
4116,0.122,ok
4117,0.102,ok
4118,0.098,ok
4119,0.101,ok
4120,0.098,ok
4121,0.102,ok
4122,0.097,ok
4123,0.100,ok
4124,0.102,ok
4125,0.103,ok
4126,0.100,ok
4127,0.102,ok
4128,0.097,ok
4129,0.101,ok
4130,0.122,ok
4131,0.101,ok
4132,0.098,ok
4133,0.100,ok
4134,0.104,ok
4135,0.105,ok
4136,0.097,ok
4137,0.101,ok
4138,0.099,ok
4139,0.101,ok
4140,0.121,ok
4141,0.129,ok
4142,0.121,ok
4143,0.118,ok
4144,0.123,ok
4145,0.117,ok
4146,0.116,ok
4147,0.117,ok
4148,0.115,ok
4149,0.120,ok
4150,0.199,ok
4151,0.116,ok
4152,0.105,ok
4153,0.111,ok
4154,0.099,ok
4155,0.099,ok
4156,0.097,ok
4157,0.098,ok
4158,0.098,ok
4159,0.098,ok
4160,0.100,ok
4161,0.099,ok
4162,0.096,ok
4163,0.098,ok
4164,0.096,ok
4165,0.097,ok
4166,0.096,ok
4167,0.097,ok
4168,0.097,ok
4169,0.101,ok
4170,0.106,ok
4171,0.101,ok
4172,0.098,ok
4173,0.099,ok
4174,0.097,ok
4175,0.100,ok
4176,0.097,ok
4177,0.098,ok
4178,0.097,ok
4179,0.114,ok
4180,0.206,ok
4181,0.171,ok
4182,0.163,ok
4183,0.175,ok
4184,0.164,ok
4185,0.162,ok
4186,0.183,ok
4187,0.110,ok
4188,0.104,ok
4189,0.099,ok
4190,0.129,ok
4191,0.103,ok
4192,0.100,ok
4193,0.101,ok
4194,0.114,ok
4195,0.100,ok
4196,0.092,ok
4197,0.093,ok
4198,0.091,ok
4199,0.092,ok
4200,0.111,ok
4201,0.091,ok
4202,0.093,ok
4203,0.091,ok
4204,0.090,ok
4205,0.097,ok
4206,0.090,ok
4207,0.090,ok
4208,0.090,ok
4209,0.091,ok
4210,0.091,ok
4211,0.094,ok
4212,0.090,ok
4213,0.091,ok
4214,0.091,ok
4215,0.091,ok
4216,0.095,ok
4217,0.090,ok
4218,0.090,ok
4219,0.092,ok
4220,0.090,ok
4221,0.091,ok
4222,0.092,ok
4223,0.094,ok
4224,0.092,ok
4225,0.090,ok
4226,0.132,ok
4227,0.091,ok
4228,0.090,ok
4229,0.091,ok
4230,0.091,ok
4231,0.091,ok
4232,0.111,ok
4233,0.091,ok
4234,0.090,ok
4235,0.091,ok
4236,0.114,ok
4237,0.092,ok
4238,0.092,ok
4239,0.090,ok
4240,0.090,ok
4241,0.092,ok
4242,0.091,ok
4243,0.090,ok
4244,0.090,ok
4245,0.091,ok
4246,0.091,ok
4247,0.094,ok
4248,0.091,ok
4249,0.091,ok
4250,0.089,ok
4251,0.091,ok
4252,0.089,ok
4253,0.092,ok
4254,0.116,ok
4255,0.092,ok
4256,0.091,ok
4257,0.092,ok
4258,0.094,ok
4259,0.098,ok
4260,0.122,ok
4261,0.127,ok
4262,0.127,ok
4263,0.127,ok
4264,0.122,ok
4265,0.137,ok
4266,0.139,ok
4267,0.125,ok
4268,0.127,ok
4269,0.120,ok
4270,0.123,ok
4271,0.119,ok
4272,0.120,ok
4273,0.118,ok
4274,0.127,ok
4275,0.132,ok
4276,0.105,ok
4277,0.099,ok
4278,0.113,ok
4279,0.120,ok
4280,0.114,ok
4281,0.114,ok
4282,0.116,ok
4283,0.120,ok
4284,0.110,ok
4285,0.099,ok
4286,0.096,ok
4287,0.104,ok
4288,0.097,ok
4289,0.099,ok
4290,0.093,ok
4291,0.115,ok
4292,0.113,ok
4293,0.116,ok
4294,0.121,ok
4295,0.117,ok
4296,0.111,ok
4297,0.109,ok
4298,0.110,ok
4299,0.110,ok
4300,0.109,ok
4301,0.114,ok
4302,0.111,ok
4303,0.116,ok
4304,0.127,ok
4305,0.104,ok
4306,0.099,ok
4307,0.093,ok
4308,0.094,ok
4309,0.092,ok
4310,0.109,ok
4311,0.113,ok
4312,0.102,ok
4313,0.104,ok
4314,0.100,ok
4315,0.104,ok
4316,0.100,ok
4317,0.103,ok
4318,0.100,ok
4319,0.103,ok
4320,0.105,ok
4321,0.110,ok
4322,0.102,ok
4323,0.104,ok
4324,0.101,ok
4325,0.104,ok
4326,0.101,ok
4327,0.106,ok
4328,0.103,ok
4329,0.104,ok
4330,0.106,ok
4331,0.104,ok
4332,0.101,ok
4333,0.103,ok
4334,0.101,ok
4335,0.103,ok
4336,0.101,ok
4337,0.104,ok
4338,0.101,ok
4339,0.109,ok
4340,0.103,ok
4341,0.104,ok
4342,0.101,ok
4343,0.104,ok
4344,0.100,ok
4345,0.104,ok
4346,0.101,ok
4347,0.103,ok
4348,0.100,ok
4349,0.139,ok
4350,0.113,ok
4351,0.094,ok
4352,0.086,ok
4353,0.081,ok
4354,0.079,ok
4355,0.079,ok
4356,0.077,ok
4357,0.079,ok
4358,0.077,ok
4359,0.079,ok
4360,0.077,ok
4361,0.085,ok
4362,0.101,ok
4363,0.121,ok
4364,0.101,ok
4365,0.095,ok
4366,0.095,ok
4367,0.094,ok
4368,0.095,ok
4369,0.093,ok
4370,0.094,ok
4371,0.099,ok
4372,0.095,ok
4373,0.093,ok
4374,0.096,ok
4375,0.093,ok
4376,0.094,ok
4377,0.094,ok
4378,0.094,ok
4379,0.106,ok
4380,0.107,ok
4381,0.099,ok
4382,0.097,ok
4383,0.094,ok
4384,0.094,ok
4385,0.093,ok
4386,0.095,ok
4387,0.093,ok
4388,0.099,ok
4389,0.122,ok
4390,0.102,ok
4391,0.130,ok
4392,0.113,ok
4393,0.117,ok
4394,0.105,ok
4395,0.115,ok
4396,0.107,ok
4397,0.116,ok
4398,0.110,ok
4399,0.111,ok
4400,0.129,ok
4401,0.098,ok
4402,0.097,ok
4403,0.084,ok
4404,0.082,ok
4405,0.083,ok
4406,0.082,ok
4407,0.086,ok
4408,0.083,ok
4409,0.083,ok
4410,0.084,ok
4411,0.089,ok
4412,0.084,ok
4413,0.084,ok
4414,0.101,ok
4415,0.083,ok
4416,0.082,ok
4417,0.083,ok
4418,0.081,ok
4419,0.083,ok
4420,0.082,ok
4421,0.084,ok
4422,0.087,ok
4423,0.083,ok
4424,0.082,ok
4425,0.083,ok
4426,0.082,ok
4427,0.083,ok
4428,0.085,ok
4429,0.084,ok
4430,0.085,ok
4431,0.083,ok
4432,0.082,ok
4433,0.083,ok
4434,0.085,ok
4435,0.084,ok
4436,0.082,ok
4437,0.083,ok
4438,0.082,ok
4439,0.083,ok
4440,0.107,ok
4441,0.106,ok
4442,0.130,ok
4443,0.120,ok
4444,0.113,ok
4445,0.111,ok
4446,0.107,ok
4447,0.165,ok
4448,0.120,ok
4449,0.142,ok
4450,0.106,ok
4451,0.127,ok
4452,0.129,ok
4453,0.107,ok
4454,0.102,ok
4455,0.103,ok
4456,0.100,ok
4457,0.102,ok
4458,0.100,ok
4459,0.102,ok
4460,0.107,ok
4461,0.127,ok
4462,0.138,ok
4463,0.117,ok
4464,0.128,ok
4465,0.112,ok
4466,0.110,ok
4467,0.114,ok
4468,0.106,ok
4469,0.112,ok
4470,0.113,ok
4471,0.111,ok
4472,0.109,ok
4473,0.110,ok
4474,0.107,ok
4475,0.109,ok
4476,0.105,ok
4477,0.109,ok
4478,0.108,ok
4479,0.117,ok
4480,0.110,ok
4481,0.108,ok
4482,0.106,ok
4483,0.108,ok
4484,0.106,ok
4485,0.108,ok
4486,0.107,ok
4487,0.109,ok
4488,0.108,ok
4489,0.109,ok
4490,0.114,ok
4491,0.109,ok
4492,0.115,ok
4493,0.107,ok
4494,0.112,ok
4495,0.106,ok
4496,0.111,ok
4497,0.112,ok
4498,0.115,ok
4499,0.107,ok
4500,0.111,ok
4501,0.109,ok
4502,0.113,ok
4503,0.106,ok
4504,0.113,ok
4505,0.107,ok
4506,0.121,ok
4507,0.109,ok
4508,0.107,ok
4509,0.104,ok
4510,0.113,ok
4511,0.108,ok
4512,0.113,ok
4513,0.107,ok
4514,0.115,ok
4515,0.113,ok
4516,0.112,ok
4517,0.115,ok
4518,0.143,ok
4519,0.144,ok
4520,0.127,ok
4521,0.132,ok
4522,0.154,ok
4523,0.131,ok
4524,0.124,ok
4525,0.118,ok
4526,0.123,ok
4527,0.120,ok
4528,0.120,ok
4529,0.140,ok
4530,0.127,ok
4531,0.124,ok
4532,0.119,ok
4533,0.122,ok
4534,0.124,ok
4535,0.126,ok
4536,0.118,ok
4537,0.138,ok
4538,0.130,ok
4539,0.104,ok
4540,0.095,ok
4541,0.093,ok
4542,0.093,ok
4543,0.092,ok
4544,0.094,ok
4545,0.093,ok
4546,0.092,ok
4547,0.099,ok
4548,0.107,ok
4549,0.092,ok
4550,0.086,ok
4551,0.532,ok
4552,0.223,ok
4553,0.093,ok
4554,0.089,ok
4555,0.086,ok
4556,0.089,ok
4557,0.099,ok
4558,0.087,ok
4559,0.086,ok
4560,0.088,ok
4561,0.091,ok
4562,0.087,ok
4563,0.092,ok
4564,0.087,ok
4565,0.086,ok
4566,0.087,ok
4567,0.085,ok
4568,0.087,ok
4569,0.085,ok
4570,0.086,ok
4571,0.091,ok
4572,0.135,ok
4573,0.094,ok
4574,0.092,ok
4575,0.088,ok
4576,0.086,ok
4577,0.086,ok
4578,0.088,ok
4579,0.087,ok
4580,0.087,ok
4581,0.090,ok
4582,0.096,ok
4583,0.095,ok
4584,0.092,ok
4585,0.105,ok
4586,0.089,ok
4587,0.086,ok
4588,0.085,ok
4589,0.086,ok
4590,0.085,ok
4591,0.086,ok
4592,0.085,ok
4593,0.096,ok
4594,0.086,ok
4595,0.085,ok
4596,0.096,ok
4597,0.087,ok
4598,0.087,ok
4599,0.085,ok
4600,0.085,ok
4601,0.091,ok
4602,0.085,ok
4603,0.085,ok
4604,0.085,ok
4605,0.085,ok
4606,0.087,ok
4607,0.090,ok
4608,0.087,ok
4609,0.086,ok
4610,0.086,ok
4611,0.085,ok
4612,0.113,ok
4613,0.086,ok
4614,0.088,ok
4615,0.093,ok
4616,0.085,ok
4617,0.085,ok
4618,0.090,ok
4619,0.086,ok
4620,0.086,ok
4621,0.086,ok
4622,0.086,ok
4623,0.085,ok
4624,0.084,ok
4625,0.085,ok
4626,0.085,ok
4627,0.085,ok
4628,0.085,ok
4629,0.086,ok
4630,0.087,ok
4631,0.085,ok
4632,0.084,ok
4633,0.085,ok
4634,0.085,ok
4635,0.084,ok
4636,0.085,ok
4637,0.085,ok
4638,0.087,ok
4639,0.085,ok
4640,0.085,ok
4641,0.089,ok
4642,0.087,ok
4643,0.086,ok
4644,0.086,ok
4645,0.086,ok
4646,0.084,ok
4647,0.086,ok
4648,0.101,ok
4649,0.108,ok
4650,0.157,ok
4651,0.186,ok
4652,0.181,ok
4653,0.153,ok
4654,0.124,ok
4655,0.148,ok
4656,0.140,ok
4657,0.136,ok
4658,0.146,ok
4659,0.138,ok
4660,0.136,ok
4661,0.139,ok
4662,0.113,ok
4663,0.094,ok
4664,0.080,ok
4665,0.079,ok
4666,0.117,ok
4667,0.082,ok
4668,0.080,ok
4669,0.080,ok
4670,0.080,ok
4671,0.079,ok
4672,0.078,ok
4673,0.078,ok
4674,0.078,ok
4675,0.078,ok
4676,0.078,ok
4677,0.077,ok
4678,0.086,ok
4679,0.110,ok
4680,0.094,ok
4681,0.113,ok
4682,0.103,ok
4683,0.098,ok
4684,0.098,ok
4685,0.097,ok
4686,0.096,ok
4687,0.097,ok
4688,0.104,ok
4689,0.098,ok
4690,0.105,ok
4691,0.098,ok
4692,0.097,ok
4693,0.097,ok
4694,0.098,ok
4695,0.097,ok
4696,0.095,ok
4697,0.097,ok
4698,0.103,ok
4699,0.098,ok
4700,0.094,ok
4701,0.098,ok
4702,0.098,ok
4703,0.097,ok
4704,0.096,ok
4705,0.097,ok
4706,0.097,ok
4707,0.096,ok
4708,0.144,ok
4709,0.087,ok
4710,0.081,ok
4711,0.079,ok
4712,0.080,ok
4713,0.078,ok
4714,0.111,ok
4715,0.111,ok
4716,0.109,ok
4717,0.101,ok
4718,0.102,ok
4719,0.100,ok
4720,0.098,ok
4721,0.098,ok
4722,0.098,ok
4723,0.100,ok
4724,0.102,ok
4725,0.100,ok
4726,0.103,ok
4727,0.105,ok
4728,0.101,ok
4729,0.101,ok
4730,0.099,ok
4731,0.100,ok
4732,0.102,ok
4733,0.104,ok
4734,0.099,ok
4735,0.103,ok
4736,0.101,ok
4737,0.102,ok
4738,0.106,ok
4739,0.101,ok
4740,0.100,ok
4741,0.100,ok
4742,0.105,ok
4743,0.099,ok
4744,0.099,ok
4745,0.098,ok
4746,0.100,ok
4747,0.130,ok
4748,0.099,ok
4749,0.104,ok
4750,0.102,ok
4751,0.100,ok
4752,0.098,ok
4753,0.097,ok
4754,0.099,ok
4755,0.096,ok
4756,0.102,ok
4757,0.100,ok
4758,0.099,ok
4759,0.098,ok
4760,0.099,ok
4761,0.097,ok
4762,0.105,ok
4763,0.097,ok
4764,0.098,ok
4765,0.096,ok
4766,0.103,ok
4767,0.099,ok
4768,0.100,ok
4769,0.099,ok
4770,0.097,ok
4771,0.100,ok
4772,0.100,ok
4773,0.098,ok
4774,0.134,ok
4775,0.097,ok
4776,0.106,ok
4777,0.153,ok
4778,0.096,ok
4779,0.102,ok
4780,0.115,ok
4781,0.114,ok
4782,0.091,ok
4783,0.166,ok
4784,0.137,ok
4785,0.143,ok
4786,0.126,ok
4787,0.136,ok
4788,0.125,ok
4789,0.124,ok
4790,0.153,ok
4791,0.158,ok
4792,0.126,ok
4793,0.084,ok
4794,0.135,ok
4795,0.128,ok
4796,0.125,ok
4797,0.123,ok
4798,0.125,ok
4799,0.128,ok
4800,0.124,ok
4801,0.122,ok
4802,0.123,ok
4803,0.124,ok
4804,0.126,ok
4805,0.123,ok
4806,0.123,ok
4807,0.131,ok
4808,0.090,ok
4809,0.080,ok
4810,0.082,ok
4811,0.079,ok
4812,0.080,ok
4813,0.082,ok
4814,0.126,ok
4815,0.119,ok
4816,0.110,ok
4817,0.101,ok
4818,0.103,ok
4819,0.099,ok
4820,0.099,ok
4821,0.145,ok
4822,0.098,ok
4823,0.097,ok
4824,0.097,ok
4825,0.099,ok
4826,0.098,ok
4827,0.103,ok
4828,0.099,ok
4829,0.099,ok
4830,0.099,ok
4831,0.136,ok
4832,0.108,ok
4833,0.102,ok
4834,0.102,ok
4835,0.100,ok
4836,0.101,ok
4837,0.099,ok
4838,0.099,ok
4839,0.098,ok
4840,0.096,ok
4841,0.099,ok
4842,0.097,ok
4843,0.099,ok
4844,0.097,ok
4845,0.099,ok
4846,0.115,ok
4847,0.099,ok
4848,0.096,ok
4849,0.098,ok
4850,0.096,ok
4851,0.097,ok
4852,0.096,ok
4853,0.100,ok
4854,0.095,ok
4855,0.097,ok
4856,0.095,ok
4857,0.102,ok
4858,0.096,ok
4859,0.096,ok
4860,0.093,ok
4861,0.100,ok
4862,0.094,ok
4863,0.098,ok
4864,0.104,ok
4865,0.100,ok
4866,0.096,ok
4867,0.099,ok
4868,0.094,ok
4869,0.096,ok
4870,0.093,ok
4871,0.095,ok
4872,0.092,ok
4873,0.098,ok
4874,0.093,ok
4875,0.098,ok
4876,0.096,ok
4877,0.098,ok
4878,0.093,ok
4879,0.095,ok
4880,0.093,ok
4881,0.099,ok
4882,0.093,ok
4883,0.096,ok
4884,0.092,ok
4885,0.099,ok
4886,0.093,ok
4887,0.103,ok
4888,0.094,ok
4889,0.099,ok
4890,0.093,ok
4891,0.096,ok
4892,0.092,ok
4893,0.098,ok
4894,0.100,ok
4895,0.457,ok
4896,0.139,ok
4897,0.112,ok
4898,0.099,ok
4899,0.124,ok
4900,0.101,ok
4901,0.099,ok
4902,0.100,ok
4903,0.115,ok
4904,0.100,ok
4905,0.102,ok
4906,0.100,ok
4907,0.099,ok
4908,0.096,ok
4909,0.091,ok
4910,0.138,ok
4911,0.104,ok
4912,0.115,ok
4913,0.103,ok
4914,0.106,ok
4915,0.106,ok
4916,0.099,ok
4917,0.102,ok
4918,0.093,ok
4919,0.093,ok
4920,0.092,ok
4921,0.095,ok
4922,0.096,ok
4923,0.094,ok
4924,0.093,ok
4925,0.094,ok
4926,0.098,ok
4927,0.093,ok
4928,0.094,ok
4929,0.091,ok
4930,0.095,ok
4931,0.112,ok
4932,0.107,ok
4933,0.096,ok
4934,0.095,ok
4935,0.094,ok
4936,0.094,ok
4937,0.093,ok
4938,0.094,ok
4939,0.108,ok
4940,0.106,ok
4941,0.115,ok
4942,0.130,ok
4943,0.106,ok
4944,0.103,ok
4945,0.141,ok
4946,0.107,ok
4947,0.138,ok
4948,0.086,ok
4949,0.091,ok
4950,0.095,ok
4951,0.098,ok
4952,0.088,ok
4953,0.090,ok
4954,0.090,ok
4955,0.090,ok
4956,0.086,ok
4957,0.084,ok
4958,0.086,ok
4959,0.084,ok
4960,0.083,ok
4961,0.083,ok
4962,0.091,ok
4963,0.084,ok
4964,0.084,ok
4965,0.083,ok
4966,0.084,ok
4967,0.083,ok
4968,0.083,ok
4969,0.083,ok
4970,0.085,ok
4971,0.083,ok
4972,0.084,ok
4973,0.083,ok
4974,0.088,ok
4975,0.083,ok
4976,0.083,ok
4977,0.083,ok
4978,0.087,ok
4979,0.129,ok
4980,0.115,ok
4981,0.103,ok
4982,0.105,ok
4983,0.101,ok
4984,0.108,ok
4985,0.101,ok
4986,0.105,ok
4987,0.101,ok
4988,0.105,ok
4989,0.097,ok
4990,0.085,ok
4991,0.083,ok
4992,0.079,ok
4993,0.085,ok
4994,0.078,ok
4995,0.089,ok
4996,0.080,ok
4997,0.078,ok
4998,0.076,ok
4999,0.078,ok
5000,0.075,ok
5001,0.076,ok
5002,0.076,ok
5003,0.076,ok
5004,0.075,ok
5005,0.077,ok
5006,0.076,ok
5007,0.080,ok
5008,0.076,ok
5009,0.077,ok
5010,0.075,ok
5011,0.077,ok
5012,0.075,ok
5013,0.078,ok
5014,0.075,ok
5015,0.077,ok
5016,0.075,ok
5017,0.076,ok
5018,0.076,ok
5019,0.077,ok
5020,0.077,ok
5021,0.077,ok
5022,0.083,ok
5023,0.077,ok
5024,0.075,ok
5025,0.076,ok
5026,0.076,ok
5027,0.076,ok
5028,0.075,ok
5029,0.077,ok
5030,0.075,ok
5031,0.077,ok
5032,0.074,ok
5033,0.078,ok
5034,0.076,ok
5035,0.076,ok
5036,0.075,ok
5037,0.076,ok
5038,0.078,ok
5039,0.102,ok
5040,0.169,ok
5041,0.172,ok
5042,0.158,ok
5043,0.171,ok
5044,0.154,ok
5045,0.143,ok
5046,0.161,ok
5047,0.093,ok
5048,0.122,ok
5049,0.122,ok
5050,0.127,ok
5051,0.120,ok
5052,0.123,ok
5053,0.124,ok
5054,0.143,ok
5055,0.156,ok
5056,0.131,ok
5057,0.191,ok
5058,0.143,ok
5059,0.140,ok
5060,0.139,ok
5061,0.140,ok
5062,0.143,ok
5063,0.174,ok
5064,0.153,ok
5065,0.127,ok
5066,0.127,ok
5067,0.121,ok
5068,0.127,ok
5069,0.137,ok
5070,0.121,ok
5071,0.124,ok
5072,0.137,ok
5073,0.149,ok
5074,0.120,ok
5075,0.126,ok
5076,0.122,ok
5077,0.119,ok
5078,0.118,ok
5079,0.122,ok
5080,0.119,ok
5081,0.118,ok
5082,0.145,ok
5083,0.122,ok
5084,0.138,ok
5085,0.118,ok
5086,0.119,ok
5087,0.095,ok
5088,0.127,ok
5089,0.140,ok
5090,0.123,ok
5091,0.118,ok
5092,0.117,ok
5093,0.118,ok
5094,0.117,ok
5095,0.122,ok
5096,0.129,ok
5097,0.119,ok
5098,0.119,ok
5099,0.124,ok
5100,0.144,ok
5101,0.119,ok
5102,0.117,ok
5103,0.122,ok
5104,0.119,ok
5105,0.119,ok
5106,0.120,ok
5107,0.119,ok
5108,0.117,ok
5109,0.117,ok
5110,0.117,ok
5111,0.117,ok
5112,0.121,ok
5113,0.118,ok
5114,0.125,ok
5115,0.133,ok
5116,0.120,ok
5117,0.119,ok
5118,0.162,ok
5119,0.119,ok
5120,0.122,ok
5121,0.118,ok
5122,0.119,ok
5123,0.120,ok
5124,0.120,ok
5125,0.122,ok
5126,0.119,ok
5127,0.118,ok
5128,0.124,ok
5129,0.118,ok
5130,0.119,ok
5131,0.118,ok
5132,0.118,ok
5133,0.118,ok
5134,0.118,ok
5135,0.118,ok
5136,0.124,ok
5137,0.119,ok
5138,0.118,ok
5139,0.118,ok
5140,0.128,ok
5141,0.141,ok
5142,0.119,ok
5143,0.123,ok
5144,0.147,ok
5145,0.148,ok
5146,0.141,ok
5147,0.129,ok
5148,0.127,ok
5149,0.142,ok
5150,0.108,ok
5151,0.123,ok
5152,0.103,ok
5153,0.097,ok
5154,0.093,ok
5155,0.121,ok
5156,0.092,ok
5157,0.094,ok
5158,0.093,ok
5159,0.420,ok
5160,0.099,ok
5161,0.105,ok
5162,0.103,ok
5163,0.110,ok
5164,0.096,ok
5165,0.093,ok
5166,0.096,ok
5167,0.093,ok
5168,0.093,ok
5169,0.156,ok
5170,0.095,ok
5171,0.094,ok
5172,0.092,ok
5173,0.093,ok
5174,0.138,ok
5175,0.097,ok
5176,0.094,ok
5177,0.092,ok
5178,0.097,ok
5179,0.093,ok
5180,0.093,ok
5181,0.092,ok
5182,0.144,ok
5183,0.093,ok
5184,0.102,ok
5185,0.088,ok
5186,0.098,ok
5187,0.096,ok
5188,0.098,ok
5189,0.095,ok
5190,0.091,ok
5191,0.094,ok
5192,0.091,ok
5193,0.094,ok
5194,0.091,ok
5195,0.093,ok
5196,0.090,ok
5197,0.093,ok
5198,0.092,ok
5199,0.107,ok
5200,0.094,ok
5201,0.116,ok
5202,0.091,ok
5203,0.094,ok
5204,0.091,ok
5205,0.093,ok
5206,0.092,ok
5207,0.093,ok
5208,0.099,ok
5209,0.103,ok
5210,0.099,ok
5211,0.095,ok
5212,0.092,ok
5213,0.094,ok
5214,0.091,ok
5215,0.093,ok
5216,0.091,ok
5217,0.092,ok
5218,0.091,ok
5219,0.107,ok
5220,0.102,ok
5221,0.092,ok
5222,0.091,ok
5223,0.093,ok
5224,0.091,ok
5225,0.093,ok
5226,0.091,ok
5227,0.093,ok
5228,0.090,ok
5229,0.093,ok
5230,0.099,ok
5231,0.095,ok
5232,0.092,ok
5233,0.091,ok
5234,0.091,ok
5235,0.092,ok
5236,0.091,ok
5237,0.092,ok
5238,0.090,ok
5239,0.092,ok
5240,0.091,ok
5241,0.097,ok
5242,0.092,ok
5243,0.095,ok
5244,0.093,ok
5245,0.094,ok
5246,0.092,ok
5247,0.093,ok
5248,0.092,ok
5249,0.093,ok
5250,0.091,ok
5251,0.097,ok
5252,0.093,ok
5253,0.094,ok
5254,0.091,ok
5255,0.092,ok
5256,0.092,ok
5257,0.091,ok
5258,0.091,ok
5259,0.094,ok
5260,0.091,ok
5261,0.091,ok
5262,0.096,ok
5263,0.093,ok
5264,0.092,ok
5265,0.092,ok
5266,0.092,ok
5267,0.092,ok
5268,0.091,ok
5269,0.093,ok
5270,0.091,ok
5271,0.092,ok
5272,0.091,ok
5273,0.095,ok
5274,0.092,ok
5275,0.093,ok
5276,0.090,ok
5277,0.096,ok
5278,0.136,ok
5279,0.096,ok
5280,0.106,ok
5281,0.123,ok
5282,0.121,ok
5283,0.086,ok
5284,0.082,ok
5285,0.085,ok
5286,0.098,ok
5287,0.083,ok
5288,0.084,ok
5289,0.079,ok
5290,0.076,ok
5291,0.074,ok
5292,0.074,ok
5293,0.074,ok
5294,0.162,ok
5295,0.085,ok
5296,0.083,ok
5297,0.079,ok
5298,0.084,ok
5299,0.076,ok
5300,0.075,ok
5301,0.073,ok
5302,0.074,ok
5303,0.074,ok
5304,0.074,ok
5305,0.073,ok
5306,0.079,ok
5307,0.074,ok
5308,0.074,ok
5309,0.074,ok
5310,0.075,ok
5311,0.074,ok
5312,0.104,ok
5313,0.073,ok
5314,0.078,ok
5315,0.075,ok
5316,0.076,ok
5317,0.076,ok
5318,0.089,ok
5319,0.079,ok
5320,0.077,ok
5321,0.075,ok
5322,0.076,ok
5323,0.076,ok
5324,0.077,ok
5325,0.097,ok
5326,0.076,ok
5327,0.075,ok
5328,0.075,ok
5329,0.075,ok
5330,0.087,ok
5331,0.120,ok
5332,0.078,ok
5333,0.140,ok
5334,0.117,ok
5335,0.139,ok
5336,0.171,ok
5337,0.145,ok
5338,0.118,ok
5339,0.141,ok
5340,0.119,ok
5341,0.137,ok
5342,0.119,ok
5343,0.135,ok
5344,0.119,ok
5345,0.136,ok
5346,0.139,ok
5347,0.120,ok
5348,0.149,ok
5349,0.128,ok
5350,0.141,ok
5351,0.121,ok
5352,0.138,ok
5353,0.135,ok
5354,0.152,ok
5355,0.138,ok
5356,0.135,ok
5357,0.133,ok
5358,0.133,ok
5359,0.132,ok
5360,0.132,ok
5361,0.136,ok
5362,0.132,ok
5363,0.132,ok
5364,0.143,ok
5365,0.147,ok
5366,0.132,ok
5367,0.131,ok
5368,0.157,ok
5369,0.147,ok
5370,0.134,ok
5371,0.131,ok
5372,0.132,ok
5373,0.132,ok
5374,0.133,ok
5375,0.132,ok
5376,0.172,ok
5377,0.098,ok
5378,0.095,ok
5379,0.091,ok
5380,0.092,ok
5381,0.090,ok
5382,0.093,ok
5383,0.091,ok
5384,0.092,ok
5385,0.091,ok
5386,0.094,ok
5387,0.088,ok
5388,0.095,ok
5389,0.093,ok
5390,0.090,ok
5391,0.091,ok
5392,0.089,ok
5393,0.089,ok
5394,0.089,ok
5395,0.089,ok
5396,0.092,ok
5397,0.092,ok
5398,0.090,ok
5399,0.088,ok
5400,0.088,ok
5401,0.089,ok
5402,0.088,ok
5403,0.088,ok
5404,0.088,ok
5405,0.089,ok
5406,0.090,ok
5407,0.089,ok
5408,0.098,ok
5409,0.098,ok
5410,0.105,ok
5411,0.080,ok
5412,0.078,ok
5413,0.078,ok
5414,0.118,ok
5415,0.104,ok
5416,0.097,ok
5417,0.096,ok
5418,0.102,ok
5419,0.094,ok
5420,0.090,ok
5421,0.090,ok
5422,0.089,ok
5423,0.089,ok
5424,0.089,ok
5425,0.088,ok
5426,0.089,ok
5427,0.099,ok
5428,0.089,ok
5429,0.094,ok
5430,0.090,ok
5431,0.108,ok
5432,0.089,ok
5433,0.088,ok
5434,0.089,ok
5435,0.089,ok
5436,0.089,ok
5437,0.088,ok
5438,0.089,ok
5439,0.089,ok
5440,0.093,ok
5441,0.089,ok
5442,0.091,ok
5443,0.096,ok
5444,0.092,ok
5445,0.090,ok
5446,0.090,ok
5447,0.088,ok
5448,0.088,ok
5449,0.088,ok
5450,0.089,ok
5451,0.118,ok
5452,0.090,ok
5453,0.114,ok
5454,0.115,ok
5455,0.094,ok
5456,0.098,ok
5457,0.093,ok
5458,0.098,ok
5459,0.129,ok
5460,0.103,ok
5461,0.098,ok
5462,0.094,ok
5463,0.092,ok
5464,0.092,ok
5465,0.093,ok
5466,0.097,ok
5467,0.092,ok
5468,0.096,ok
5469,0.093,ok
5470,0.102,ok
5471,0.100,ok
5472,0.094,ok
5473,0.092,ok
5474,0.097,ok
5475,0.092,ok
5476,0.096,ok
5477,0.093,ok
5478,0.097,ok
5479,0.092,ok
5480,0.095,ok
5481,0.098,ok
5482,0.098,ok
5483,0.092,ok
5484,0.096,ok
5485,0.092,ok
5486,0.097,ok
5487,0.095,ok
5488,0.094,ok
5489,0.092,ok
5490,0.102,ok
5491,0.098,ok
5492,0.097,ok
5493,0.092,ok
5494,0.097,ok
5495,0.092,ok
5496,0.096,ok
5497,0.092,ok
5498,0.097,ok
5499,0.092,ok
5500,0.096,ok
5501,0.095,ok
5502,0.098,ok
5503,0.093,ok
5504,0.097,ok
5505,0.092,ok
5506,0.094,ok
5507,0.091,ok
5508,0.096,ok
5509,0.092,ok
5510,0.096,ok
5511,0.092,ok
5512,0.101,ok
5513,0.093,ok
5514,0.095,ok
5515,0.092,ok
5516,0.097,ok
5517,0.092,ok
5518,0.100,ok
5519,0.092,ok
5520,0.096,ok
5521,0.092,ok
5522,0.107,ok
5523,0.101,ok
5524,0.103,ok
5525,0.095,ok
5526,0.097,ok
5527,0.095,ok
5528,0.096,ok
5529,0.093,ok
5530,0.094,ok
5531,0.096,ok
5532,0.099,ok
5533,0.096,ok
5534,0.096,ok
5535,0.093,ok
5536,0.099,ok
5537,0.094,ok
5538,0.097,ok
5539,0.098,ok
5540,0.090,ok
5541,0.104,ok
5542,0.154,ok
5543,0.145,ok
5544,0.212,ok
5545,0.113,ok
5546,0.095,ok
5547,0.092,ok
5548,0.088,ok
5549,0.090,ok
5550,0.098,ok
5551,0.092,ok
5552,0.087,ok
5553,0.087,ok
5554,0.087,ok
5555,0.090,ok
5556,0.089,ok
5557,0.090,ok
5558,0.088,ok
5559,0.089,ok
5560,0.089,ok
5561,0.095,ok
5562,0.091,ok
5563,0.090,ok
5564,0.089,ok
5565,0.089,ok
5566,0.089,ok
5567,0.090,ok
5568,0.090,ok
5569,0.090,ok
5570,0.088,ok
5571,0.089,ok
5572,0.137,ok
5573,0.090,ok
5574,0.088,ok
5575,0.089,ok
5576,0.089,ok
5577,0.089,ok
5578,0.093,ok
5579,0.094,ok
5580,0.096,ok
5581,0.101,ok
5582,0.095,ok
5583,0.097,ok
5584,0.091,ok
5585,0.090,ok
5586,0.089,ok
5587,0.089,ok
5588,0.089,ok
5589,0.094,ok
5590,0.100,ok
5591,0.093,ok
5592,0.112,ok
5593,0.105,ok
5594,0.094,ok
5595,0.099,ok
5596,0.095,ok
5597,0.097,ok
5598,0.093,ok
5599,0.095,ok
5600,0.093,ok
5601,0.093,ok
5602,0.092,ok
5603,0.095,ok
5604,0.095,ok
5605,0.094,ok
5606,0.092,ok
5607,0.093,ok
5608,0.092,ok
5609,0.092,ok
5610,0.092,ok
5611,0.092,ok
5612,0.092,ok
5613,0.094,ok
5614,0.107,ok
5615,0.096,ok
5616,0.092,ok
5617,0.094,ok
5618,0.091,ok
5619,0.092,ok
5620,0.092,ok
5621,0.093,ok
5622,0.091,ok
5623,0.093,ok
5624,0.091,ok
5625,0.099,ok
5626,0.092,ok
5627,0.093,ok
5628,0.091,ok
5629,0.093,ok
5630,0.092,ok
5631,0.092,ok
5632,0.091,ok
5633,0.093,ok
5634,0.091,ok
5635,0.099,ok
5636,0.092,ok
5637,0.094,ok
5638,0.091,ok
5639,0.092,ok
5640,0.091,ok
5641,0.093,ok
5642,0.091,ok
5643,0.093,ok
5644,0.091,ok
5645,0.093,ok
5646,0.099,ok
5647,0.094,ok
5648,0.091,ok
5649,0.093,ok
5650,0.092,ok
5651,0.093,ok
5652,0.091,ok
5653,0.093,ok
5654,0.091,ok
5655,0.095,ok
5656,0.091,ok
5657,0.097,ok
5658,0.092,ok
5659,0.094,ok
5660,0.090,ok
5661,0.093,ok
5662,0.092,ok
5663,0.092,ok
5664,0.091,ok
5665,0.094,ok
5666,0.091,ok
5667,0.097,ok
5668,0.092,ok
5669,0.095,ok
5670,0.090,ok
5671,0.093,ok
5672,0.091,ok
5673,0.092,ok
5674,0.091,ok
5675,0.092,ok
5676,0.090,ok
5677,0.093,ok
5678,0.098,ok
5679,0.093,ok
5680,0.091,ok
5681,0.113,ok
5682,0.160,ok
5683,0.109,ok
5684,0.125,ok
5685,0.111,ok
5686,0.104,ok
5687,0.114,ok
5688,0.103,ok
5689,0.113,ok
5690,0.101,ok
5691,0.104,ok
5692,0.099,ok
5693,0.102,ok
5694,0.098,ok
5695,0.103,ok
5696,0.096,ok
5697,0.106,ok
5698,0.104,ok
5699,0.103,ok
5700,0.097,ok
5701,0.100,ok
5702,0.097,ok
5703,0.097,ok
5704,0.100,ok
5705,0.095,ok
5706,0.099,ok
5707,0.162,ok
5708,0.100,ok
5709,0.097,ok
5710,0.099,ok
5711,0.101,ok
5712,0.101,ok
5713,0.102,ok
5714,0.097,ok
5715,0.096,ok
5716,0.103,ok
5717,0.097,ok
5718,0.098,ok
5719,0.094,ok
5720,0.096,ok
5721,0.096,ok
5722,0.099,ok
5723,0.094,ok
5724,0.097,ok
5725,0.099,ok
5726,0.104,ok
5727,0.098,ok
5728,0.102,ok
5729,0.095,ok
5730,0.101,ok
5731,0.095,ok
5732,0.096,ok
5733,0.095,ok
5734,0.103,ok
5735,0.103,ok
5736,0.101,ok
5737,0.099,ok
5738,0.100,ok
5739,0.099,ok
5740,0.133,ok
5741,0.099,ok
5742,0.098,ok
5743,0.098,ok
5744,0.097,ok
5745,0.098,ok
5746,0.101,ok
5747,0.098,ok
5748,0.135,ok
5749,0.098,ok
5750,0.098,ok
5751,0.097,ok
5752,0.098,ok
5753,0.097,ok
5754,0.098,ok
5755,0.097,ok
5756,0.100,ok
5757,0.099,ok
5758,0.100,ok
5759,0.100,ok
5760,0.097,ok
5761,0.097,ok
5762,0.097,ok
5763,0.097,ok
5764,0.099,ok
5765,0.097,ok
5766,0.105,ok
5767,0.098,ok
5768,0.097,ok
5769,0.097,ok
5770,0.098,ok
5771,0.097,ok
5772,0.096,ok
5773,0.097,ok
5774,0.098,ok
5775,0.100,ok
5776,0.112,ok
5777,0.097,ok
5778,0.095,ok
5779,0.095,ok
5780,0.095,ok
5781,0.094,ok
5782,0.096,ok
5783,0.098,ok
5784,0.095,ok
5785,0.094,ok
5786,0.098,ok
5787,0.096,ok
5788,0.096,ok
5789,0.096,ok
5790,0.095,ok
5791,0.095,ok
5792,0.096,ok
5793,0.094,ok
5794,0.095,ok
5795,0.093,ok
5796,0.099,ok
5797,0.096,ok
5798,0.097,ok
5799,0.096,ok
5800,0.098,ok
5801,0.095,ok
5802,0.095,ok
5803,0.095,ok
5804,0.095,ok
5805,0.094,ok
5806,0.096,ok
5807,0.102,ok
5808,0.096,ok
5809,0.098,ok
5810,0.095,ok
5811,0.095,ok
5812,0.096,ok
5813,0.095,ok
5814,0.097,ok
5815,0.101,ok
5816,0.121,ok
5817,0.112,ok
5818,0.131,ok
5819,0.121,ok
5820,0.102,ok
5821,0.125,ok
5822,0.110,ok
5823,0.120,ok
5824,0.109,ok
5825,0.104,ok
5826,0.103,ok
5827,0.100,ok
5828,0.100,ok
5829,0.102,ok
5830,0.105,ok
5831,0.104,ok
5832,0.103,ok
5833,0.104,ok
5834,0.106,ok
5835,0.110,ok
5836,0.100,ok
5837,0.102,ok
5838,0.103,ok
5839,0.104,ok
5840,0.102,ok
5841,0.101,ok
5842,0.101,ok
5843,0.104,ok
5844,0.110,ok
5845,0.105,ok
5846,0.103,ok
5847,0.101,ok
5848,0.103,ok
5849,0.102,ok
5850,0.103,ok
5851,0.101,ok
5852,0.100,ok
5853,0.100,ok
5854,0.108,ok
5855,0.102,ok
5856,0.103,ok
5857,0.111,ok
5858,0.103,ok
5859,0.101,ok
5860,0.137,ok
5861,0.101,ok
5862,0.101,ok
5863,0.102,ok
5864,0.103,ok
5865,0.100,ok
5866,0.101,ok
5867,0.097,ok
5868,0.099,ok
5869,0.099,ok
5870,0.100,ok
5871,0.102,ok
5872,0.102,ok
5873,0.104,ok
5874,0.102,ok
5875,0.100,ok
5876,0.099,ok
5877,0.134,ok
5878,0.102,ok
5879,0.099,ok
5880,0.099,ok
5881,0.099,ok
5882,0.106,ok
5883,0.103,ok
5884,0.101,ok
5885,0.101,ok
5886,0.101,ok
5887,0.100,ok
5888,0.100,ok
5889,0.102,ok
5890,0.100,ok
5891,0.099,ok
5892,0.109,ok
5893,0.101,ok
5894,0.103,ok
5895,0.102,ok
5896,0.101,ok
5897,0.101,ok
5898,0.102,ok
5899,0.101,ok
5900,0.100,ok
5901,0.098,ok
5902,0.108,ok
5903,0.100,ok
5904,0.100,ok
5905,0.099,ok
5906,0.099,ok
5907,0.136,ok
5908,0.099,ok
5909,0.101,ok
5910,0.102,ok
5911,0.105,ok
5912,0.101,ok
5913,0.100,ok
5914,0.103,ok
5915,0.100,ok
5916,0.101,ok
5917,0.101,ok
5918,0.101,ok
5919,0.101,ok
5920,0.100,ok
5921,0.101,ok
5922,0.103,ok
5923,0.102,ok
5924,0.100,ok
5925,0.098,ok
5926,0.101,ok
5927,0.099,ok
5928,0.101,ok
5929,0.102,ok
5930,0.104,ok
5931,0.101,ok
5932,0.100,ok
5933,0.099,ok
5934,0.104,ok
5935,0.100,ok
5936,0.099,ok
5937,0.101,ok
5938,0.105,ok
5939,0.103,ok
5940,0.108,ok
5941,0.101,ok
5942,0.102,ok
5943,0.102,ok
5944,0.121,ok
5945,0.124,ok
5946,0.109,ok
5947,0.120,ok
5948,0.102,ok
5949,0.122,ok
5950,0.123,ok
5951,0.106,ok
5952,0.104,ok
5953,0.101,ok
5954,0.100,ok
5955,0.099,ok
5956,0.101,ok
5957,0.104,ok
5958,0.107,ok
5959,0.105,ok
5960,0.101,ok
5961,0.101,ok
5962,0.100,ok
5963,0.099,ok
5964,0.100,ok
5965,0.099,ok
5966,0.099,ok
5967,0.101,ok
5968,0.103,ok
5969,0.101,ok
5970,0.099,ok
5971,0.099,ok
5972,0.099,ok
5973,0.137,ok
5974,0.103,ok
5975,0.099,ok
5976,0.098,ok
5977,0.105,ok
5978,0.121,ok
5979,0.100,ok
5980,0.099,ok
5981,0.100,ok
5982,0.100,ok
5983,0.102,ok
5984,0.106,ok
5985,0.100,ok
5986,0.099,ok
5987,0.104,ok
5988,0.100,ok
5989,0.101,ok
5990,0.099,ok
5991,0.102,ok
5992,0.100,ok
5993,0.103,ok
5994,0.100,ok
5995,0.101,ok
5996,0.099,ok
5997,0.130,ok
5998,0.107,ok
5999,0.106,ok
6000,0.101,ok
6001,0.103,ok
6002,0.101,ok
6003,0.106,ok
6004,0.106,ok
6005,0.103,ok
6006,0.109,ok
6007,0.100,ok
6008,0.084,ok
6009,0.079,ok
6010,0.079,ok
6011,0.078,ok
6012,0.078,ok
6013,0.078,ok
6014,0.078,ok
6015,0.078,ok
6016,0.078,ok
6017,0.076,ok
6018,0.083,ok
6019,0.078,ok
6020,0.078,ok
6021,0.076,ok
6022,0.077,ok
6023,0.077,ok
6024,0.077,ok
6025,0.081,ok
6026,0.096,ok
6027,0.077,ok
6028,0.077,ok
6029,0.076,ok
6030,0.082,ok
6031,0.078,ok
6032,0.077,ok
6033,0.077,ok
6034,0.076,ok
6035,0.077,ok
6036,0.077,ok
6037,0.077,ok
6038,0.077,ok
6039,0.077,ok
6040,0.077,ok
6041,0.077,ok
6042,0.078,ok
6043,0.081,ok
6044,0.078,ok
6045,0.077,ok
6046,0.078,ok
6047,0.077,ok
6048,0.077,ok
6049,0.077,ok
6050,0.078,ok
6051,0.077,ok
6052,0.077,ok
6053,0.077,ok
6054,0.078,ok
6055,0.077,ok
6056,0.079,ok
6057,0.078,ok
6058,0.077,ok
6059,0.077,ok
6060,0.077,ok
6061,0.077,ok
6062,0.078,ok
6063,0.077,ok
6064,0.077,ok
6065,0.078,ok
6066,0.081,ok
6067,0.079,ok
6068,0.081,ok
6069,0.078,ok
6070,0.078,ok
6071,0.077,ok
6072,0.078,ok
6073,0.077,ok
6074,0.078,ok
6075,0.077,ok
6076,0.077,ok
6077,0.076,ok
6078,0.079,ok
6079,0.077,ok
6080,0.078,ok
6081,0.083,ok
6082,0.079,ok
6083,0.079,ok
6084,0.078,ok
6085,0.077,ok
6086,0.078,ok
6087,0.078,ok
6088,0.078,ok
6089,0.091,ok
6090,0.121,ok
6091,0.123,ok
6092,0.148,ok
6093,0.111,ok
6094,0.123,ok
6095,0.131,ok
6096,0.147,ok
6097,0.120,ok
6098,0.104,ok
6099,0.112,ok
6100,0.124,ok
6101,0.105,ok
6102,0.134,ok
6103,0.097,ok
6104,0.098,ok
6105,0.097,ok
6106,0.097,ok
6107,0.097,ok
6108,0.094,ok
6109,0.103,ok
6110,0.097,ok
6111,0.095,ok
6112,0.096,ok
6113,0.130,ok
6114,0.097,ok
6115,0.098,ok
6116,0.094,ok
6117,0.098,ok
6118,0.107,ok
6119,0.104,ok
6120,0.096,ok
6121,0.098,ok
6122,0.097,ok
6123,0.096,ok
6124,0.093,ok
6125,0.095,ok
6126,0.094,ok
6127,0.100,ok
6128,0.119,ok
6129,0.124,ok
6130,0.114,ok
6131,0.112,ok
6132,0.113,ok
6133,0.112,ok
6134,0.110,ok
6135,0.110,ok
6136,0.109,ok
6137,0.115,ok
6138,0.114,ok
6139,0.110,ok
6140,0.112,ok
6141,0.110,ok
6142,0.120,ok
6143,0.112,ok
6144,0.113,ok
6145,0.109,ok
6146,0.117,ok
6147,0.110,ok
6148,0.113,ok
6149,0.107,ok
6150,0.134,ok
6151,0.112,ok
6152,0.103,ok
6153,0.100,ok
6154,0.093,ok
6155,0.097,ok
6156,0.092,ok
6157,0.093,ok
6158,0.095,ok
6159,0.094,ok
6160,0.092,ok
6161,0.092,ok
6162,0.092,ok
6163,0.094,ok
6164,0.092,ok
6165,0.092,ok
6166,0.097,ok
6167,0.094,ok
6168,0.091,ok
6169,0.092,ok
6170,0.095,ok
6171,0.094,ok
6172,0.092,ok
6173,0.091,ok
6174,0.093,ok
6175,0.093,ok
6176,0.136,ok
6177,0.109,ok
6178,0.096,ok
6179,0.093,ok
6180,0.093,ok
6181,0.092,ok
6182,0.092,ok
6183,0.091,ok
6184,0.093,ok
6185,0.091,ok
6186,0.098,ok
6187,0.093,ok
6188,0.093,ok
6189,0.091,ok
6190,0.093,ok
6191,0.105,ok
6192,0.104,ok
6193,0.091,ok
6194,0.125,ok
6195,0.092,ok
6196,0.093,ok
6197,0.097,ok
6198,0.092,ok
6199,0.092,ok
6200,0.091,ok
6201,0.091,ok
6202,0.092,ok
6203,0.091,ok
6204,0.090,ok
6205,0.091,ok
6206,0.092,ok
6207,0.095,ok
6208,0.094,ok
6209,0.091,ok
6210,0.092,ok
6211,0.091,ok
6212,0.091,ok
6213,0.092,ok
6214,0.091,ok
6215,0.092,ok
6216,0.091,ok
6217,0.091,ok
6218,0.096,ok
6219,0.097,ok
6220,0.111,ok
6221,0.156,ok
6222,0.162,ok
6223,0.152,ok
6224,0.197,ok
6225,0.164,ok
6226,0.120,ok
6227,0.125,ok
6228,0.107,ok
6229,0.111,ok
6230,0.106,ok
6231,0.139,ok
6232,0.101,ok
6233,0.103,ok
6234,0.107,ok
6235,0.104,ok
6236,0.101,ok
6237,0.104,ok
6238,0.105,ok
6239,0.102,ok
6240,0.103,ok
6241,0.102,ok
6242,0.233,ok
6243,0.104,ok
6244,0.104,ok
6245,0.105,ok
6246,0.104,ok
6247,0.103,ok
6248,0.101,ok
6249,0.103,ok
6250,0.103,ok
6251,0.105,ok
6252,0.107,ok
6253,0.105,ok
6254,0.106,ok
6255,0.112,ok
6256,0.104,ok
6257,0.102,ok
6258,0.154,ok
6259,0.117,ok
6260,0.143,ok
6261,0.104,ok
6262,0.102,ok
6263,0.103,ok
6264,0.101,ok
6265,0.115,ok
6266,0.113,ok
6267,0.103,ok
6268,0.103,ok
6269,0.109,ok
6270,0.122,ok
6271,0.117,ok
6272,0.103,ok
6273,0.102,ok
6274,0.104,ok
6275,0.102,ok
6276,0.100,ok
6277,0.102,ok
6278,0.103,ok
6279,0.105,ok
6280,0.102,ok
6281,0.104,ok
6282,0.102,ok
6283,0.108,ok
6284,0.101,ok
6285,0.102,ok
6286,0.101,ok
6287,0.101,ok
6288,0.118,ok
6289,0.115,ok
6290,0.102,ok
6291,0.101,ok
6292,0.102,ok
6293,0.102,ok
6294,0.104,ok
6295,0.101,ok
6296,0.103,ok
6297,0.101,ok
6298,0.107,ok
6299,0.103,ok
6300,0.116,ok
6301,0.112,ok
6302,0.102,ok
6303,0.101,ok
6304,0.101,ok
6305,0.134,ok
6306,0.103,ok
6307,0.106,ok
6308,0.105,ok
6309,0.102,ok
6310,0.101,ok
6311,0.100,ok
6312,0.100,ok
6313,0.101,ok
6314,0.102,ok
6315,0.101,ok
6316,0.116,ok
6317,0.106,ok
6318,0.104,ok
6319,0.103,ok
6320,0.101,ok
6321,0.101,ok
6322,0.101,ok
6323,0.101,ok
6324,0.103,ok
6325,0.101,ok
6326,0.106,ok
6327,0.103,ok
6328,0.103,ok
6329,0.102,ok
6330,0.136,ok
6331,0.100,ok
6332,0.101,ok
6333,0.101,ok
6334,0.102,ok
6335,0.106,ok
6336,0.102,ok
6337,0.103,ok
6338,0.101,ok
6339,0.101,ok
6340,0.101,ok
6341,0.101,ok
6342,0.109,ok
6343,0.104,ok
6344,0.125,ok
6345,0.118,ok
6346,0.107,ok
6347,0.126,ok
6348,0.118,ok
6349,0.109,ok
6350,0.103,ok
6351,0.103,ok
6352,0.111,ok
6353,0.108,ok
6354,0.116,ok
6355,0.107,ok
6356,0.109,ok
6357,0.105,ok
6358,0.102,ok
6359,0.104,ok
6360,0.100,ok
6361,0.105,ok
6362,0.100,ok
6363,0.143,ok
6364,0.101,ok
6365,0.105,ok
6366,0.107,ok
6367,0.168,ok
6368,0.109,ok
6369,0.103,ok
6370,0.111,ok
6371,0.105,ok
6372,0.168,ok
6373,0.136,ok
6374,0.109,ok
6375,0.105,ok
6376,0.112,ok
6377,0.148,ok
6378,0.097,ok
6379,0.109,ok
6380,0.119,ok
6381,0.107,ok
6382,0.106,ok
6383,0.105,ok
6384,0.102,ok
6385,0.104,ok
6386,0.102,ok
6387,0.101,ok
6388,0.102,ok
6389,0.109,ok
6390,0.104,ok
6391,0.104,ok
6392,0.102,ok
6393,0.102,ok
6394,0.103,ok
6395,0.102,ok
6396,0.101,ok
6397,0.103,ok
6398,0.104,ok
6399,0.110,ok
6400,0.117,ok
6401,0.112,ok
6402,0.102,ok
6403,0.103,ok
6404,0.102,ok
6405,0.104,ok
6406,0.137,ok
6407,0.102,ok
6408,0.105,ok
6409,0.106,ok
6410,0.104,ok
6411,0.105,ok
6412,0.102,ok
6413,0.143,ok
6414,0.097,ok
6415,0.088,ok
6416,0.086,ok
6417,0.086,ok
6418,0.091,ok
6419,0.086,ok
6420,0.086,ok
6421,0.086,ok
6422,0.116,ok
6423,0.090,ok
6424,0.087,ok
6425,0.096,ok
6426,0.088,ok
6427,0.086,ok
6428,0.089,ok
6429,0.086,ok
6430,0.088,ok
6431,0.086,ok
6432,0.085,ok
6433,0.086,ok
6434,0.087,ok
6435,0.086,ok
6436,0.086,ok
6437,0.087,ok
6438,0.087,ok
6439,0.090,ok
6440,0.104,ok
6441,0.086,ok
6442,0.088,ok
6443,0.086,ok
6444,0.086,ok
6445,0.086,ok
6446,0.086,ok
6447,0.086,ok
6448,0.086,ok
6449,0.085,ok
6450,0.087,ok
6451,0.088,ok
6452,0.086,ok
6453,0.116,ok
6454,0.088,ok
6455,0.086,ok
6456,0.086,ok
6457,0.086,ok
6458,0.087,ok
6459,0.086,ok
6460,0.086,ok
6461,0.086,ok
6462,0.116,ok
6463,0.116,ok
6464,0.115,ok
6465,0.126,ok
6466,0.119,ok
6467,0.116,ok
6468,0.142,ok
6469,0.116,ok
6470,0.123,ok
6471,0.117,ok
6472,0.112,ok
6473,0.109,ok
6474,0.114,ok
6475,0.111,ok
6476,0.111,ok
6477,0.109,ok
6478,0.111,ok
6479,0.114,ok
6480,0.113,ok
6481,0.116,ok
6482,0.113,ok
6483,0.113,ok
6484,0.123,ok
6485,0.111,ok
6486,0.110,ok
6487,0.109,ok
6488,0.156,ok
6489,0.109,ok
6490,0.111,ok
6491,0.108,ok
6492,0.110,ok
6493,0.108,ok
6494,0.113,ok
6495,0.108,ok
6496,0.111,ok
6497,0.114,ok
6498,0.112,ok
6499,0.109,ok
6500,0.111,ok
6501,0.111,ok
6502,0.110,ok
6503,0.110,ok
6504,0.109,ok
6505,0.116,ok
6506,0.140,ok
6507,0.128,ok
6508,0.124,ok
6509,0.125,ok
6510,0.121,ok
6511,0.124,ok
6512,0.120,ok
6513,0.126,ok
6514,0.123,ok
6515,0.124,ok
6516,0.131,ok
6517,0.130,ok
6518,0.120,ok
6519,0.117,ok
6520,0.117,ok
6521,0.123,ok
6522,0.121,ok
6523,0.119,ok
6524,0.118,ok
6525,0.118,ok
6526,0.117,ok
6527,0.119,ok
6528,0.118,ok
6529,0.119,ok
6530,0.122,ok
6531,0.120,ok
6532,0.119,ok
6533,0.118,ok
6534,0.117,ok
6535,0.119,ok
6536,0.117,ok
6537,0.117,ok
6538,0.122,ok
6539,0.187,ok
6540,0.131,ok
6541,0.142,ok
6542,0.101,ok
6543,0.100,ok
6544,0.089,ok
6545,0.088,ok
6546,0.087,ok
6547,0.123,ok
6548,0.090,ok
6549,0.088,ok
6550,0.087,ok
6551,0.086,ok
6552,0.086,ok
6553,0.086,ok
6554,0.087,ok
6555,0.087,ok
6556,0.087,ok
6557,0.086,ok
6558,0.093,ok
6559,0.089,ok
6560,0.089,ok
6561,0.082,ok
6562,0.081,ok
6563,0.080,ok
6564,0.079,ok
6565,0.079,ok
6566,0.079,ok
6567,0.078,ok
6568,0.079,ok
6569,0.080,ok
6570,0.083,ok
6571,0.081,ok
6572,0.079,ok
6573,0.080,ok
6574,0.080,ok
6575,0.081,ok
6576,0.079,ok
6577,0.080,ok
6578,0.079,ok
6579,0.078,ok
6580,0.079,ok
6581,0.079,ok
6582,0.083,ok
6583,0.079,ok
6584,0.080,ok
6585,0.080,ok
6586,0.080,ok
6587,0.107,ok
6588,0.141,ok
6589,0.153,ok
6590,0.113,ok
6591,0.121,ok
6592,0.113,ok
6593,0.113,ok
6594,0.105,ok
6595,0.104,ok
6596,0.105,ok
6597,0.105,ok
6598,0.103,ok
6599,0.103,ok
6600,0.104,ok
6601,0.112,ok
6602,0.105,ok
6603,0.103,ok
6604,0.103,ok
6605,0.117,ok
6606,0.122,ok
6607,0.129,ok
6608,0.105,ok
6609,0.172,ok
6610,0.108,ok
6611,0.100,ok
6612,0.103,ok
6613,0.093,ok
6614,0.090,ok
6615,0.087,ok
6616,0.088,ok
6617,0.086,ok
6618,0.088,ok
6619,0.086,ok
6620,0.145,ok
6621,0.087,ok
6622,0.102,ok
6623,0.107,ok
6624,0.097,ok
6625,0.099,ok
6626,0.108,ok
6627,0.117,ok
6628,0.116,ok
6629,0.118,ok
6630,0.113,ok
6631,0.125,ok
6632,0.122,ok
6633,0.123,ok
6634,0.133,ok
6635,0.097,ok
6636,0.090,ok
6637,0.087,ok
6638,0.094,ok
6639,0.089,ok
6640,0.089,ok
6641,0.087,ok
6642,0.087,ok
6643,0.088,ok
6644,0.087,ok
6645,0.087,ok
6646,0.108,ok
6647,0.114,ok
6648,0.141,ok
6649,0.112,ok
6650,0.106,ok
6651,0.107,ok
6652,0.107,ok
6653,0.103,ok
6654,0.106,ok
6655,0.103,ok
6656,0.104,ok
6657,0.130,ok
6658,0.115,ok
6659,0.102,ok
6660,0.105,ok
6661,0.102,ok
6662,0.104,ok
6663,0.102,ok
6664,0.102,ok
6665,0.103,ok
6666,0.103,ok
6667,0.137,ok
6668,0.094,ok
6669,0.137,ok
6670,0.084,ok
6671,0.080,ok
6672,0.080,ok
6673,0.079,ok
6674,0.081,ok
6675,0.078,ok
6676,0.116,ok
6677,0.085,ok
6678,0.116,ok
6679,0.109,ok
6680,0.103,ok
6681,0.109,ok
6682,0.105,ok
6683,0.106,ok
6684,0.103,ok
6685,0.105,ok
6686,0.144,ok
6687,0.107,ok
6688,0.104,ok
6689,0.105,ok
6690,0.104,ok
6691,0.105,ok
6692,0.102,ok
6693,0.105,ok
6694,0.113,ok
6695,0.104,ok
6696,0.108,ok
6697,0.105,ok
6698,0.105,ok
6699,0.105,ok
6700,0.102,ok
6701,0.103,ok
6702,0.103,ok
6703,0.104,ok
6704,0.103,ok
6705,0.107,ok
6706,0.105,ok
6707,0.105,ok
6708,0.103,ok
6709,0.104,ok
6710,0.103,ok
6711,0.104,ok
6712,0.135,ok
6713,0.106,ok
6714,0.111,ok
6715,0.114,ok
6716,0.171,ok
6717,0.161,ok
6718,0.160,ok
6719,0.164,ok
6720,0.170,ok
6721,0.189,ok
6722,0.156,ok
6723,0.159,ok
6724,0.178,ok
6725,0.168,ok
6726,0.211,ok
6727,0.138,ok
6728,0.172,ok
6729,0.164,ok
6730,0.166,ok
6731,0.165,ok
6732,0.166,ok
6733,0.162,ok
6734,0.163,ok
6735,0.160,ok
6736,0.175,ok
6737,0.171,ok
6738,0.163,ok
6739,0.178,ok
6740,0.174,ok
6741,0.123,ok
6742,0.163,ok
6743,0.162,ok
6744,0.132,ok
6745,0.178,ok
6746,0.116,ok
6747,0.111,ok
6748,0.109,ok
6749,0.112,ok
6750,0.110,ok
6751,0.111,ok
6752,0.109,ok
6753,0.115,ok
6754,0.115,ok
6755,0.112,ok
6756,0.111,ok
6757,0.109,ok
6758,0.111,ok
6759,0.109,ok
6760,0.109,ok
6761,0.110,ok
6762,0.114,ok
6763,0.113,ok
6764,0.111,ok
6765,0.109,ok
6766,0.110,ok
6767,0.108,ok
6768,0.109,ok
6769,0.110,ok
6770,0.109,ok
6771,0.114,ok
6772,0.110,ok
6773,0.113,ok
6774,0.110,ok
6775,0.144,ok
6776,0.108,ok
6777,0.109,ok
6778,0.109,ok
6779,0.110,ok
6780,0.111,ok
6781,0.113,ok
6782,0.110,ok
6783,0.123,ok
6784,0.122,ok
6785,0.111,ok
6786,0.109,ok
6787,0.109,ok
6788,0.133,ok
6789,0.131,ok
6790,0.118,ok
6791,0.111,ok
6792,0.108,ok
6793,0.109,ok
6794,0.109,ok
6795,0.109,ok
6796,0.107,ok
6797,0.145,ok
6798,0.111,ok
6799,0.111,ok
6800,0.108,ok
6801,0.110,ok
6802,0.109,ok
6803,0.113,ok
6804,0.107,ok
6805,0.110,ok
6806,0.119,ok
6807,0.112,ok
6808,0.115,ok
6809,0.113,ok
6810,0.110,ok
6811,0.113,ok
6812,0.110,ok
6813,0.111,ok
6814,0.110,ok
6815,0.114,ok
6816,0.111,ok
6817,0.112,ok
6818,0.117,ok
6819,0.135,ok
6820,0.176,ok
6821,0.172,ok
6822,0.187,ok
6823,0.191,ok
6824,0.164,ok
6825,0.155,ok
6826,0.219,ok
6827,0.146,ok
6828,0.212,ok
6829,0.137,ok
6830,0.154,ok
6831,0.148,ok
6832,0.147,ok
6833,0.167,ok
6834,0.102,ok
6835,0.151,ok
6836,0.123,ok
6837,0.118,ok
6838,0.117,ok
6839,0.120,ok
6840,0.115,ok
6841,0.118,ok
6842,0.121,ok
6843,0.078,ok
6844,0.077,ok
6845,0.077,ok
6846,0.076,ok
6847,0.077,ok
6848,0.077,ok
6849,0.077,ok
6850,0.076,ok
6851,0.078,ok
6852,0.078,ok
6853,0.081,ok
6854,0.096,ok
6855,0.100,ok
6856,0.088,ok
6857,0.082,ok
6858,0.080,ok
6859,0.078,ok
6860,0.078,ok
6861,0.077,ok
6862,0.085,ok
6863,0.077,ok
6864,0.078,ok
6865,0.077,ok
6866,0.080,ok
6867,0.078,ok
6868,0.078,ok
6869,0.078,ok
6870,0.077,ok
6871,0.079,ok
6872,0.078,ok
6873,0.076,ok
6874,0.077,ok
6875,0.077,ok
6876,0.077,ok
6877,0.077,ok
6878,0.078,ok
6879,0.083,ok
6880,0.106,ok
6881,0.077,ok
6882,0.078,ok
6883,0.105,ok
6884,0.087,ok
6885,0.089,ok
6886,0.083,ok
6887,0.081,ok
6888,0.080,ok
6889,0.082,ok
6890,0.082,ok
6891,0.085,ok
6892,0.081,ok
6893,0.081,ok
6894,0.080,ok
6895,0.085,ok
6896,0.103,ok
6897,0.080,ok
6898,0.082,ok
6899,0.079,ok
6900,0.081,ok
6901,0.080,ok
6902,0.085,ok
6903,0.081,ok
6904,0.081,ok
6905,0.080,ok
6906,0.080,ok
6907,0.079,ok
6908,0.080,ok
6909,0.080,ok
6910,0.081,ok
6911,0.080,ok
6912,0.105,ok
6913,0.130,ok
6914,0.132,ok
6915,0.125,ok
6916,0.124,ok
6917,0.114,ok
6918,0.124,ok
6919,0.124,ok
6920,0.126,ok
6921,0.172,ok
6922,0.090,ok
6923,0.086,ok
6924,0.081,ok
6925,0.080,ok
6926,0.081,ok
6927,0.080,ok
6928,0.080,ok
6929,0.108,ok
6930,0.111,ok
6931,0.079,ok
6932,0.084,ok
6933,0.082,ok
6934,0.082,ok
6935,0.080,ok
6936,0.080,ok
6937,0.118,ok
6938,0.082,ok
6939,0.080,ok
6940,0.081,ok
6941,0.081,ok
6942,0.082,ok
6943,0.081,ok
6944,0.085,ok
6945,0.081,ok
6946,0.082,ok
6947,0.080,ok
6948,0.081,ok
6949,0.080,ok
6950,0.123,ok
6951,0.128,ok
6952,0.090,ok
6953,0.160,ok
6954,0.191,ok
6955,0.170,ok
6956,0.158,ok
6957,0.169,ok
6958,0.126,ok
6959,0.101,ok
6960,0.162,ok
6961,0.096,ok
6962,0.093,ok
6963,0.094,ok
6964,0.113,ok
6965,0.112,ok
6966,0.113,ok
6967,0.148,ok
6968,0.100,ok
6969,0.160,ok
6970,0.102,ok
6971,0.101,ok
6972,0.099,ok
6973,0.102,ok
6974,0.100,ok
6975,0.104,ok
6976,0.104,ok
6977,0.107,ok
6978,0.116,ok
6979,0.100,ok
6980,0.094,ok
6981,0.089,ok
6982,0.095,ok
6983,0.084,ok
6984,0.084,ok
6985,0.082,ok
6986,0.086,ok
6987,0.108,ok
6988,0.084,ok
6989,0.092,ok
6990,0.086,ok
6991,0.084,ok
6992,0.083,ok
6993,0.115,ok
6994,0.110,ok
6995,0.100,ok
6996,0.101,ok
6997,0.100,ok
6998,0.100,ok
6999,0.102,ok
7000,0.101,ok
7001,0.099,ok
7002,0.101,ok
7003,0.099,ok
7004,0.100,ok
7005,0.099,ok
7006,0.101,ok
7007,0.099,ok
7008,0.099,ok
7009,0.126,ok
7010,0.098,ok
7011,0.092,ok
7012,0.090,ok
7013,0.091,ok
7014,0.090,ok
7015,0.092,ok
7016,0.089,ok
7017,0.091,ok
7018,0.090,ok
7019,0.091,ok
7020,0.093,ok
7021,0.092,ok
7022,0.089,ok
7023,0.091,ok
7024,0.088,ok
7025,0.092,ok
7026,0.090,ok
7027,0.091,ok
7028,0.089,ok
7029,0.091,ok
7030,0.089,ok
7031,0.094,ok
7032,0.089,ok
7033,0.091,ok
7034,0.089,ok
7035,0.091,ok
7036,0.089,ok
7037,0.091,ok
7038,0.091,ok
7039,0.092,ok
7040,0.089,ok
7041,0.091,ok
7042,0.093,ok
7043,0.092,ok
7044,0.089,ok
7045,0.091,ok
7046,0.089,ok
7047,0.091,ok
7048,0.088,ok
7049,0.092,ok
7050,0.089,ok
7051,0.092,ok
7052,0.088,ok
7053,0.096,ok
7054,0.090,ok
7055,0.091,ok
7056,0.089,ok
7057,0.091,ok
7058,0.089,ok
7059,0.092,ok
7060,0.089,ok
7061,0.092,ok
7062,0.089,ok
7063,0.092,ok
7064,0.094,ok
7065,0.091,ok
7066,0.088,ok
7067,0.127,ok
7068,0.089,ok
7069,0.092,ok
7070,0.090,ok
7071,0.091,ok
7072,0.096,ok
7073,0.092,ok
7074,0.093,ok
7075,0.091,ok
7076,0.088,ok
7077,0.090,ok
7078,0.090,ok
7079,0.091,ok
7080,0.089,ok
7081,0.090,ok
7082,0.090,ok
7083,0.091,ok
7084,0.088,ok
7085,0.095,ok
7086,0.136,ok
7087,0.111,ok
7088,0.112,ok
7089,0.138,ok
7090,0.145,ok
7091,0.175,ok
7092,0.150,ok
7093,0.122,ok
7094,0.149,ok
7095,0.142,ok
7096,0.136,ok
7097,0.135,ok
7098,0.136,ok
7099,0.113,ok
7100,0.153,ok
7101,0.138,ok
7102,0.175,ok
7103,0.168,ok
7104,0.140,ok
7105,0.138,ok
7106,0.202,ok
7107,0.137,ok
7108,0.134,ok
7109,0.134,ok
7110,0.130,ok
7111,0.138,ok
7112,0.134,ok
7113,0.087,ok
7114,0.108,ok
7115,0.081,ok
7116,0.099,ok
7117,0.077,ok
7118,0.081,ok
7119,0.075,ok
7120,0.079,ok
7121,0.079,ok
7122,0.085,ok
7123,0.082,ok
7124,0.078,ok
7125,0.076,ok
7126,0.082,ok
7127,0.075,ok
7128,0.075,ok
7129,0.075,ok
7130,0.075,ok
7131,0.074,ok
7132,0.075,ok
7133,0.074,ok
7134,0.096,ok
7135,0.075,ok
7136,0.075,ok
7137,0.075,ok
7138,0.075,ok
7139,0.078,ok
7140,0.075,ok
7141,0.075,ok
7142,0.075,ok
7143,0.074,ok
7144,0.075,ok
7145,0.074,ok
7146,0.076,ok
7147,0.074,ok
7148,0.075,ok
7149,0.074,ok
7150,0.075,ok
7151,0.108,ok
7152,0.075,ok
7153,0.075,ok
7154,0.076,ok
7155,0.074,ok
7156,0.075,ok
7157,0.074,ok
7158,0.076,ok
7159,0.075,ok
7160,0.074,ok
7161,0.074,ok
7162,0.076,ok
7163,0.075,ok
7164,0.076,ok
7165,0.093,ok
7166,0.078,ok
7167,0.075,ok
7168,0.076,ok
7169,0.074,ok
7170,0.075,ok
7171,0.074,ok
7172,0.074,ok
7173,0.075,ok
7174,0.075,ok
7175,0.075,ok
7176,0.076,ok
7177,0.078,ok
7178,0.077,ok
7179,0.076,ok
7180,0.077,ok
7181,0.075,ok
7182,0.077,ok
7183,0.075,ok
7184,0.080,ok
7185,0.075,ok
7186,0.076,ok
7187,0.074,ok
7188,0.075,ok
7189,0.075,ok
7190,0.078,ok
7191,0.076,ok
7192,0.076,ok
7193,0.075,ok
7194,0.076,ok
7195,0.075,ok
7196,0.076,ok
7197,0.074,ok
7198,0.077,ok
7199,0.075,ok
7200,0.074,ok
7201,0.074,ok
7202,0.082,ok
7203,0.076,ok
7204,0.077,ok
7205,0.075,ok
7206,0.076,ok
7207,0.076,ok
7208,0.075,ok
7209,0.074,ok
7210,0.076,ok
7211,0.074,ok
7212,0.075,ok
7213,0.074,ok
7214,0.075,ok
7215,0.075,ok
7216,0.076,ok
7217,0.076,ok
7218,0.076,ok
7219,0.074,ok
7220,0.075,ok
7221,0.075,ok
7222,0.076,ok
7223,0.074,ok
7224,0.075,ok
7225,0.106,ok
7226,0.084,ok
7227,0.081,ok
7228,0.083,ok
7229,0.086,ok
7230,0.083,ok
7231,0.082,ok
7232,0.082,ok
7233,0.081,ok
7234,0.083,ok
7235,0.083,ok
7236,0.136,ok
7237,0.142,ok
7238,0.176,ok
7239,0.124,ok
7240,0.122,ok
7241,0.144,ok
7242,0.236,ok
7243,0.134,ok
7244,0.103,ok
7245,0.098,ok
7246,0.101,ok
7247,0.103,ok
7248,0.090,ok
7249,0.109,ok
7250,0.089,ok
7251,0.123,ok
7252,0.088,ok
7253,0.090,ok
7254,0.086,ok
7255,0.089,ok
7256,0.134,ok
7257,0.089,ok
7258,0.088,ok
7259,0.090,ok
7260,0.087,ok
7261,0.095,ok
7262,0.088,ok
7263,0.126,ok
7264,0.089,ok
7265,0.087,ok
7266,0.092,ok
7267,0.094,ok
7268,0.092,ok
7269,0.111,ok
7270,0.088,ok
7271,0.089,ok
7272,0.096,ok
7273,0.100,ok
7274,0.089,ok
7275,0.088,ok
7276,0.086,ok
7277,0.137,ok
7278,0.095,ok
7279,0.083,ok
7280,0.080,ok
7281,0.086,ok
7282,0.074,ok
7283,0.079,ok
7284,0.092,ok
7285,0.076,ok
7286,0.074,ok
7287,0.074,ok
7288,0.075,ok
7289,0.077,ok
7290,0.073,ok
7291,0.074,ok
7292,0.072,ok
7293,0.075,ok
7294,0.075,ok
7295,0.074,ok
7296,0.074,ok
7297,0.074,ok
7298,0.073,ok
7299,0.074,ok
7300,0.074,ok
7301,0.074,ok
7302,0.077,ok
7303,0.075,ok
7304,0.073,ok
7305,0.074,ok
7306,0.073,ok
7307,0.074,ok
7308,0.072,ok
7309,0.074,ok
7310,0.073,ok
7311,0.073,ok
7312,0.084,ok
7313,0.075,ok
7314,0.073,ok
7315,0.078,ok
7316,0.073,ok
7317,0.074,ok
7318,0.073,ok
7319,0.074,ok
7320,0.073,ok
7321,0.074,ok
7322,0.073,ok
7323,0.087,ok
7324,0.075,ok
7325,0.076,ok
7326,0.075,ok
7327,0.075,ok
7328,0.079,ok
7329,0.080,ok
7330,0.075,ok
7331,0.079,ok
7332,0.074,ok
7333,0.076,ok
7334,0.074,ok
7335,0.074,ok
7336,0.074,ok
7337,0.074,ok
7338,0.075,ok
7339,0.075,ok
7340,0.074,ok
7341,0.074,ok
7342,0.078,ok
7343,0.078,ok
7344,0.074,ok
7345,0.075,ok
7346,0.074,ok
7347,0.075,ok
7348,0.074,ok
7349,0.075,ok
7350,0.074,ok
7351,0.075,ok
7352,0.074,ok
7353,0.079,ok
7354,0.077,ok
7355,0.077,ok
7356,0.073,ok
7357,0.075,ok
7358,0.078,ok
7359,0.075,ok
7360,0.073,ok
7361,0.074,ok
7362,0.074,ok
7363,0.075,ok
7364,0.076,ok
7365,0.075,ok
7366,0.073,ok
7367,0.074,ok
7368,0.077,ok
7369,0.076,ok
7370,0.074,ok
7371,0.074,ok
7372,0.073,ok
7373,0.074,ok
7374,0.073,ok
7375,0.074,ok
7376,0.073,ok
7377,0.074,ok
7378,0.073,ok
7379,0.079,ok
7380,0.074,ok
7381,0.079,ok
7382,0.076,ok
7383,0.075,ok
7384,0.077,ok
7385,0.081,ok
7386,0.077,ok
7387,0.077,ok
7388,0.093,ok
7389,0.076,ok
7390,0.075,ok
7391,0.075,ok
7392,0.073,ok
7393,0.075,ok
7394,0.099,ok
7395,0.107,ok
7396,0.132,ok
7397,0.122,ok
7398,0.154,ok
7399,0.134,ok
7400,0.124,ok
7401,0.090,ok
7402,0.128,ok
7403,0.124,ok
7404,0.122,ok
7405,0.120,ok
7406,0.134,ok
7407,0.121,ok
7408,0.120,ok
7409,0.076,ok
7410,0.115,ok
7411,0.116,ok
7412,0.076,ok
7413,0.115,ok
7414,0.115,ok
7415,0.113,ok
7416,0.075,ok
7417,0.114,ok
7418,0.126,ok
7419,0.166,ok
7420,0.132,ok
7421,0.146,ok
7422,0.078,ok
7423,0.117,ok
7424,0.115,ok
7425,0.116,ok
7426,0.116,ok
7427,0.150,ok
7428,0.120,ok
7429,0.088,ok
7430,0.118,ok
7431,0.093,ok
7432,0.128,ok
7433,0.132,ok
7434,0.122,ok
7435,0.134,ok
7436,0.094,ok
7437,0.145,ok
7438,0.127,ok
7439,0.103,ok
7440,0.115,ok
7441,0.089,ok
7442,0.085,ok
7443,0.085,ok
7444,0.084,ok
7445,0.086,ok
7446,0.088,ok
7447,0.084,ok
7448,0.085,ok
7449,0.084,ok
7450,0.085,ok
7451,0.085,ok
7452,0.085,ok
7453,0.085,ok
7454,0.087,ok
7455,0.084,ok
7456,0.084,ok
7457,0.084,ok
7458,0.089,ok
7459,0.085,ok
7460,0.084,ok
7461,0.084,ok
7462,0.085,ok
7463,0.084,ok
7464,0.085,ok
7465,0.085,ok
7466,0.094,ok
7467,0.085,ok
7468,0.083,ok
7469,0.092,ok
7470,0.086,ok
7471,0.084,ok
7472,0.083,ok
7473,0.085,ok
7474,0.083,ok
7475,0.085,ok
7476,0.083,ok
7477,0.084,ok
7478,0.083,ok
7479,0.084,ok
7480,0.082,ok
7481,0.087,ok
7482,0.084,ok
7483,0.085,ok
7484,0.083,ok
7485,0.084,ok
7486,0.085,ok
7487,0.084,ok
7488,0.084,ok
7489,0.085,ok
7490,0.083,ok
7491,0.085,ok
7492,0.083,ok
7493,0.091,ok
7494,0.084,ok
7495,0.085,ok
7496,0.083,ok
7497,0.084,ok
7498,0.084,ok
7499,0.085,ok
7500,0.083,ok
7501,0.085,ok
7502,0.083,ok
7503,0.084,ok
7504,0.082,ok
7505,0.088,ok
7506,0.084,ok
7507,0.085,ok
7508,0.083,ok
7509,0.085,ok
7510,0.084,ok
7511,0.085,ok
7512,0.083,ok
7513,0.085,ok
7514,0.083,ok
7515,0.085,ok
7516,0.087,ok
7517,0.086,ok
7518,0.084,ok
7519,0.086,ok
7520,0.088,ok
7521,0.107,ok
7522,0.083,ok
7523,0.084,ok
7524,0.083,ok
7525,0.085,ok
7526,0.083,ok
7527,0.085,ok
7528,0.088,ok
7529,0.090,ok
7530,0.084,ok
7531,0.085,ok
7532,0.083,ok
7533,0.085,ok
7534,0.090,ok
7535,0.090,ok
7536,0.091,ok
7537,0.092,ok
7538,0.091,ok
7539,0.089,ok
7540,0.090,ok
7541,0.091,ok
7542,0.151,ok
7543,0.159,ok
7544,0.110,ok
7545,0.136,ok
7546,0.108,ok
7547,0.101,ok
7548,0.130,ok
7549,0.105,ok
7550,0.091,ok
7551,0.088,ok
7552,0.088,ok
7553,0.085,ok
7554,0.086,ok
7555,0.083,ok
7556,0.084,ok
7557,0.083,ok
7558,0.153,ok
7559,0.083,ok
7560,0.083,ok
7561,0.085,ok
7562,0.098,ok
7563,0.090,ok
7564,0.091,ok
7565,0.099,ok
7566,0.099,ok
7567,0.086,ok
7568,0.096,ok
7569,0.087,ok
7570,0.090,ok
7571,0.086,ok
7572,0.089,ok
7573,0.088,ok
7574,0.091,ok
7575,0.104,ok
7576,0.117,ok
7577,0.099,ok
7578,0.094,ok
7579,0.093,ok
7580,0.092,ok
7581,0.089,ok
7582,0.096,ok
7583,0.088,ok
7584,0.090,ok
7585,0.091,ok
7586,0.092,ok
7587,0.089,ok
7588,0.091,ok
7589,0.092,ok
7590,0.093,ok
7591,0.089,ok
7592,0.090,ok
7593,0.090,ok
7594,0.094,ok
7595,0.091,ok
7596,0.092,ok
7597,0.089,ok
7598,0.092,ok
7599,0.090,ok
7600,0.095,ok
7601,0.091,ok
7602,0.092,ok
7603,0.089,ok
7604,0.092,ok
7605,0.089,ok
7606,0.092,ok
7607,0.089,ok
7608,0.091,ok
7609,0.089,ok
7610,0.091,ok
7611,0.094,ok
7612,0.092,ok
7613,0.089,ok
7614,0.093,ok
7615,0.089,ok
7616,0.091,ok
7617,0.089,ok
7618,0.099,ok
7619,0.095,ok
7620,0.091,ok
7621,0.089,ok
7622,0.095,ok
7623,0.089,ok
7624,0.091,ok
7625,0.089,ok
7626,0.091,ok
7627,0.089,ok
7628,0.119,ok
7629,0.090,ok
7630,0.091,ok
7631,0.089,ok
7632,0.091,ok
7633,0.095,ok
7634,0.094,ok
7635,0.090,ok
7636,0.091,ok
7637,0.090,ok
7638,0.092,ok
7639,0.090,ok
7640,0.092,ok
7641,0.089,ok
7642,0.121,ok
7643,0.092,ok
7644,0.093,ok
7645,0.090,ok
7646,0.093,ok
7647,0.090,ok
7648,0.120,ok
7649,0.090,ok
7650,0.092,ok
7651,0.089,ok
7652,0.091,ok
7653,0.091,ok
7654,0.097,ok
7655,0.092,ok
7656,0.091,ok
7657,0.095,ok
7658,0.092,ok
7659,0.093,ok
7660,0.091,ok
7661,0.093,ok
7662,0.091,ok
7663,0.094,ok
7664,0.090,ok
7665,0.112,ok
7666,0.096,ok
7667,0.100,ok
7668,0.100,ok
7669,0.101,ok
7670,0.104,ok
7671,0.101,ok
7672,0.101,ok
7673,0.104,ok
7674,0.117,ok
7675,0.101,ok
7676,0.098,ok
7677,0.142,ok
7678,0.115,ok
7679,0.116,ok
7680,0.106,ok
7681,0.101,ok
7682,0.105,ok
7683,0.107,ok
7684,0.113,ok
7685,0.112,ok
7686,0.142,ok
7687,0.129,ok
7688,0.115,ok
7689,0.133,ok
7690,0.110,ok
7691,0.170,ok
7692,0.106,ok
7693,0.103,ok
7694,0.110,ok
7695,0.106,ok
7696,0.121,ok
7697,0.104,ok
7698,0.102,ok
7699,0.116,ok
7700,0.132,ok
7701,0.115,ok
7702,0.112,ok
7703,0.114,ok
7704,0.106,ok
7705,0.106,ok
7706,0.105,ok
7707,0.107,ok
7708,0.104,ok
7709,0.139,ok
7710,0.116,ok
7711,0.103,ok
7712,0.097,ok
7713,0.097,ok
7714,0.095,ok
7715,0.096,ok
7716,0.094,ok
7717,0.095,ok
7718,0.094,ok
7719,0.099,ok
7720,0.100,ok
7721,0.102,ok
7722,0.098,ok
7723,0.097,ok
7724,0.098,ok
7725,0.098,ok
7726,0.102,ok
7727,0.105,ok
7728,0.104,ok
7729,0.103,ok
7730,0.094,ok
7731,0.127,ok
7732,0.126,ok
7733,0.143,ok
7734,0.122,ok
7735,0.110,ok
7736,0.128,ok
7737,0.116,ok
7738,0.116,ok
7739,0.108,ok
7740,0.110,ok
7741,0.129,ok
7742,0.126,ok
7743,0.117,ok
7744,0.110,ok
7745,0.162,ok
7746,0.118,ok
7747,0.110,ok
7748,0.109,ok
7749,0.128,ok
7750,0.112,ok
7751,0.106,ok
7752,0.129,ok
7753,0.107,ok
7754,0.114,ok
7755,0.108,ok
7756,0.109,ok
7757,0.107,ok
7758,0.109,ok
7759,0.105,ok
7760,0.127,ok
7761,0.107,ok
7762,0.130,ok
7763,0.110,ok
7764,0.110,ok
7765,0.109,ok
7766,0.110,ok
7767,0.106,ok
7768,0.108,ok
7769,0.107,ok
7770,0.112,ok
7771,0.106,ok
7772,0.113,ok
7773,0.110,ok
7774,0.111,ok
7775,0.106,ok
7776,0.110,ok
7777,0.106,ok
7778,0.108,ok
7779,0.106,ok
7780,0.109,ok
7781,0.113,ok
7782,0.109,ok
7783,0.127,ok
7784,0.109,ok
7785,0.107,ok
7786,0.122,ok
7787,0.107,ok
7788,0.127,ok
7789,0.124,ok
7790,0.124,ok
7791,0.122,ok
7792,0.119,ok
7793,0.267,ok
7794,0.116,ok
7795,0.112,ok
7796,0.128,ok
7797,0.116,ok
7798,0.115,ok
7799,0.119,ok
7800,0.112,ok
7801,0.118,ok
7802,0.112,ok
7803,0.117,ok
7804,0.111,ok
7805,0.120,ok
7806,0.112,ok
7807,0.112,ok
7808,0.108,ok
7809,0.111,ok
7810,0.107,ok
7811,0.114,ok
7812,0.106,ok
7813,0.109,ok
7814,0.131,ok
7815,0.111,ok
7816,0.107,ok
7817,0.117,ok
7818,0.113,ok
7819,0.113,ok
7820,0.112,ok
7821,0.111,ok
7822,0.112,ok
7823,0.118,ok
7824,0.110,ok
7825,0.109,ok
7826,0.117,ok
7827,0.138,ok
7828,0.120,ok
7829,0.121,ok
7830,0.132,ok
7831,0.121,ok
7832,0.121,ok
7833,0.112,ok
7834,0.106,ok
7835,0.109,ok
7836,0.105,ok
7837,0.108,ok
7838,0.111,ok
7839,0.107,ok
7840,0.117,ok
7841,0.112,ok
7842,0.112,ok
7843,0.102,ok
7844,0.099,ok
7845,0.102,ok
7846,0.099,ok
7847,0.110,ok
7848,0.109,ok
7849,0.102,ok
7850,0.163,ok
7851,0.155,ok
7852,0.195,ok
7853,0.153,ok
7854,0.163,ok
7855,0.180,ok
7856,0.140,ok
7857,0.101,ok
7858,0.103,ok
7859,0.096,ok
7860,0.097,ok
7861,0.098,ok
7862,0.096,ok
7863,0.095,ok
7864,0.121,ok
7865,0.111,ok
7866,0.097,ok
7867,0.097,ok
7868,0.099,ok
7869,0.097,ok
7870,0.098,ok
7871,0.096,ok
7872,0.097,ok
7873,0.096,ok
7874,0.111,ok
7875,0.109,ok
7876,0.108,ok
7877,0.112,ok
7878,0.095,ok
7879,0.094,ok
7880,0.085,ok
7881,0.091,ok
7882,0.083,ok
7883,0.082,ok
7884,0.083,ok
7885,0.087,ok
7886,0.097,ok
7887,0.081,ok
7888,0.078,ok
7889,0.080,ok
7890,0.078,ok
7891,0.079,ok
7892,0.077,ok
7893,0.079,ok
7894,0.078,ok
7895,0.078,ok
7896,0.076,ok
7897,0.081,ok
7898,0.077,ok
7899,0.078,ok
7900,0.077,ok
7901,0.079,ok
7902,0.079,ok
7903,0.078,ok
7904,0.078,ok
7905,0.079,ok
7906,0.077,ok
7907,0.078,ok
7908,0.077,ok
7909,0.078,ok
7910,0.085,ok
7911,0.078,ok
7912,0.077,ok
7913,0.077,ok
7914,0.077,ok
7915,0.078,ok
7916,0.077,ok
7917,0.147,ok
7918,0.151,ok
7919,0.137,ok
7920,0.160,ok
7921,0.134,ok
7922,0.123,ok
7923,0.116,ok
7924,0.129,ok
7925,0.135,ok
7926,0.110,ok
7927,0.107,ok
7928,0.137,ok
7929,0.105,ok
7930,0.110,ok
7931,0.103,ok
7932,0.105,ok
7933,0.106,ok
7934,0.148,ok
7935,0.105,ok
7936,0.161,ok
7937,0.126,ok
7938,0.109,ok
7939,0.104,ok
7940,0.107,ok
7941,0.102,ok
7942,0.116,ok
7943,0.105,ok
7944,0.103,ok
7945,0.119,ok
7946,0.110,ok
7947,0.103,ok
7948,0.119,ok
7949,0.133,ok
7950,0.115,ok
7951,0.113,ok
7952,0.136,ok
7953,0.125,ok
7954,0.119,ok
7955,0.101,ok
7956,0.103,ok
7957,0.102,ok
7958,0.098,ok
7959,0.100,ok
7960,0.097,ok
7961,0.098,ok
7962,0.099,ok
7963,0.100,ok
7964,0.098,ok
7965,0.099,ok
7966,0.099,ok
7967,0.100,ok
7968,0.097,ok
7969,0.100,ok
7970,0.098,ok
7971,0.097,ok
7972,0.099,ok
7973,0.118,ok
7974,0.101,ok
7975,0.100,ok
7976,0.117,ok
7977,0.100,ok
7978,0.099,ok
7979,0.099,ok
7980,0.098,ok
7981,0.116,ok
7982,0.103,ok
7983,0.123,ok
7984,0.100,ok
7985,0.100,ok
7986,0.099,ok
7987,0.099,ok
7988,0.097,ok
7989,0.101,ok
7990,0.099,ok
7991,0.116,ok
7992,0.104,ok
7993,0.100,ok
7994,0.099,ok
7995,0.100,ok
7996,0.118,ok
7997,0.101,ok
7998,0.101,ok
7999,0.099,ok
8000,0.098,ok
8001,0.099,ok
8002,0.102,ok
8003,0.102,ok
8004,0.098,ok
8005,0.105,ok
8006,0.099,ok
8007,0.101,ok
8008,0.098,ok
8009,0.098,ok
8010,0.099,ok
8011,0.098,ok
8012,0.111,ok
8013,0.101,ok
8014,0.094,ok
8015,0.092,ok
8016,0.093,ok
8017,0.093,ok
8018,0.094,ok
8019,0.092,ok
8020,0.093,ok
8021,0.093,ok
8022,0.099,ok
8023,0.093,ok
8024,0.094,ok
8025,0.092,ok
8026,0.093,ok
8027,0.092,ok
8028,0.093,ok
8029,0.093,ok
8030,0.094,ok
8031,0.093,ok
8032,0.093,ok
8033,0.148,ok
8034,0.101,ok
8035,0.107,ok
8036,0.109,ok
8037,0.107,ok
8038,0.104,ok
8039,0.108,ok
8040,0.112,ok
8041,0.103,ok
8042,0.107,ok
8043,0.101,ok
8044,0.149,ok
8045,0.101,ok
8046,0.101,ok
8047,0.097,ok
8048,0.121,ok
8049,0.098,ok
8050,0.098,ok
8051,0.105,ok
8052,0.100,ok
8053,0.098,ok
8054,0.098,ok
8055,0.097,ok
8056,0.097,ok
8057,0.097,ok
8058,0.097,ok
8059,0.097,ok
8060,0.097,ok
8061,0.103,ok
8062,0.099,ok
8063,0.098,ok
8064,0.097,ok
8065,0.098,ok
8066,0.097,ok
8067,0.107,ok
8068,0.096,ok
8069,0.095,ok
8070,0.098,ok
8071,0.104,ok
8072,0.103,ok
8073,0.100,ok
8074,0.102,ok
8075,0.142,ok
8076,0.102,ok
8077,0.101,ok
8078,0.100,ok
8079,0.120,ok
8080,0.118,ok
8081,0.126,ok
8082,0.101,ok
8083,0.097,ok
8084,0.096,ok
8085,0.098,ok
8086,0.097,ok
8087,0.093,ok
8088,0.094,ok
8089,0.093,ok
8090,0.101,ok
8091,0.094,ok
8092,0.130,ok
8093,0.093,ok
8094,0.096,ok
8095,0.093,ok
8096,0.094,ok
8097,0.093,ok
8098,0.094,ok
8099,0.092,ok
8100,0.099,ok
8101,0.093,ok
8102,0.095,ok
8103,0.093,ok
8104,0.094,ok
8105,0.093,ok
8106,0.094,ok
8107,0.093,ok
8108,0.094,ok
8109,0.130,ok
8110,0.100,ok
8111,0.093,ok
8112,0.095,ok
8113,0.128,ok
8114,0.093,ok
8115,0.092,ok
8116,0.094,ok
8117,0.093,ok
8118,0.093,ok
8119,0.093,ok
8120,0.096,ok
8121,0.096,ok
8122,0.101,ok
8123,0.093,ok
8124,0.094,ok
8125,0.093,ok
8126,0.096,ok
8127,0.092,ok
8128,0.094,ok
8129,0.092,ok
8130,0.094,ok
8131,0.097,ok
8132,0.095,ok
8133,0.092,ok
8134,0.094,ok
8135,0.092,ok
8136,0.093,ok
8137,0.092,ok
8138,0.094,ok
8139,0.092,ok
8140,0.093,ok
8141,0.093,ok
8142,0.131,ok
8143,0.127,ok
8144,0.083,ok
8145,0.078,ok
8146,0.078,ok
8147,0.077,ok
8148,0.077,ok
8149,0.077,ok
8150,0.078,ok
8151,0.077,ok
8152,0.077,ok
8153,0.079,ok
8154,0.077,ok
8155,0.077,ok
8156,0.077,ok
8157,0.077,ok
8158,0.079,ok
8159,0.077,ok
8160,0.077,ok
8161,0.077,ok
8162,0.085,ok
8163,0.079,ok
8164,0.077,ok
8165,0.077,ok
8166,0.079,ok
8167,0.079,ok
8168,0.076,ok
8169,0.078,ok
8170,0.077,ok
8171,0.077,ok
8172,0.077,ok
8173,0.078,ok
8174,0.076,ok
8175,0.078,ok
8176,0.077,ok
8177,0.083,ok
8178,0.092,ok
8179,0.098,ok
8180,0.117,ok
8181,0.125,ok
8182,0.122,ok
8183,0.113,ok
8184,0.119,ok
8185,0.120,ok
8186,0.114,ok
8187,0.115,ok
8188,0.117,ok
8189,0.107,ok
8190,0.112,ok
8191,0.108,ok
8192,0.112,ok
8193,0.116,ok
8194,0.123,ok
8195,0.109,ok
8196,0.140,ok
8197,0.118,ok
8198,0.098,ok
8199,0.093,ok
8200,0.090,ok
8201,0.090,ok
8202,0.092,ok
8203,0.099,ok
8204,0.089,ok
8205,0.091,ok
8206,0.092,ok
8207,0.089,ok
8208,0.089,ok
8209,0.102,ok
8210,0.105,ok
8211,0.110,ok
8212,0.119,ok
8213,0.115,ok
8214,0.110,ok
8215,0.113,ok
8216,0.112,ok
8217,0.111,ok
8218,0.111,ok
8219,0.107,ok
8220,0.109,ok
8221,0.109,ok
8222,0.111,ok
8223,0.107,ok
8224,0.115,ok
8225,0.109,ok
8226,0.110,ok
8227,0.107,ok
8228,0.108,ok
8229,0.108,ok
8230,0.119,ok
8231,0.113,ok
8232,0.149,ok
8233,0.158,ok
8234,0.117,ok
8235,0.117,ok
8236,0.113,ok
8237,0.111,ok
8238,0.111,ok
8239,0.109,ok
8240,0.109,ok
8241,0.112,ok
8242,0.111,ok
8243,0.109,ok
8244,0.109,ok
8245,0.109,ok
8246,0.108,ok
8247,0.109,ok
8248,0.151,ok
8249,0.112,ok
8250,0.117,ok
8251,0.110,ok
8252,0.110,ok
8253,0.109,ok
8254,0.110,ok
8255,0.108,ok
8256,0.107,ok
8257,0.112,ok
8258,0.115,ok
8259,0.120,ok
8260,0.109,ok
8261,0.114,ok
8262,0.107,ok
8263,0.111,ok
8264,0.105,ok
8265,0.110,ok
8266,0.107,ok
8267,0.110,ok
8268,0.111,ok
8269,0.111,ok
8270,0.107,ok
8271,0.110,ok
8272,0.106,ok
8273,0.110,ok
8274,0.106,ok
8275,0.110,ok
8276,0.106,ok
8277,0.114,ok
8278,0.107,ok
8279,0.110,ok
8280,0.105,ok
8281,0.110,ok
8282,0.106,ok
8283,0.109,ok
8284,0.105,ok
8285,0.110,ok
8286,0.110,ok
8287,0.111,ok
8288,0.106,ok
8289,0.110,ok
8290,0.106,ok
8291,0.145,ok
8292,0.106,ok
8293,0.109,ok
8294,0.106,ok
8295,0.115,ok
8296,0.107,ok
8297,0.110,ok
8298,0.111,ok
8299,0.118,ok
8300,0.110,ok
8301,0.126,ok
8302,0.122,ok
8303,0.110,ok
8304,0.116,ok
8305,0.168,ok
8306,0.104,ok
8307,0.090,ok
8308,0.096,ok
8309,0.091,ok
8310,0.090,ok
8311,0.097,ok
8312,0.141,ok
8313,0.121,ok
8314,0.120,ok
8315,0.115,ok
8316,0.108,ok
8317,0.115,ok
8318,0.107,ok
8319,0.115,ok
8320,0.105,ok
8321,0.109,ok
8322,0.112,ok
8323,0.110,ok
8324,0.105,ok
8325,0.110,ok
8326,0.104,ok
8327,0.109,ok
8328,0.106,ok
8329,0.112,ok
8330,0.108,ok
8331,0.113,ok
8332,0.108,ok
8333,0.110,ok
8334,0.106,ok
8335,0.109,ok
8336,0.105,ok
8337,0.120,ok
8338,0.107,ok
8339,0.111,ok
8340,0.113,ok
8341,0.111,ok
8342,0.107,ok
8343,0.107,ok
8344,0.108,ok
8345,0.108,ok
8346,0.107,ok
8347,0.107,ok
8348,0.106,ok
8349,0.114,ok
8350,0.111,ok
8351,0.107,ok
8352,0.106,ok
8353,0.108,ok
8354,0.154,ok
8355,0.107,ok
8356,0.107,ok
8357,0.106,ok
8358,0.155,ok
8359,0.108,ok
8360,0.108,ok
8361,0.108,ok
8362,0.108,ok
8363,0.106,ok
8364,0.106,ok
8365,0.107,ok
8366,0.107,ok
8367,0.113,ok
8368,0.145,ok
8369,0.107,ok
8370,0.108,ok
8371,0.106,ok
8372,0.149,ok
8373,0.107,ok
8374,0.108,ok
8375,0.111,ok
8376,0.109,ok
8377,0.107,ok
8378,0.107,ok
8379,0.106,ok
8380,0.106,ok
8381,0.136,ok
8382,0.102,ok
8383,0.151,ok
8384,0.137,ok
8385,0.124,ok
8386,0.083,ok
8387,0.141,ok
8388,0.121,ok
8389,0.120,ok
8390,0.121,ok
8391,0.121,ok
8392,0.126,ok
8393,0.121,ok
8394,0.121,ok
8395,0.120,ok
8396,0.121,ok
8397,0.120,ok
8398,0.121,ok
8399,0.122,ok
8400,0.147,ok
8401,0.083,ok
8402,0.083,ok
8403,0.079,ok
8404,0.080,ok
8405,0.079,ok
8406,0.080,ok
8407,0.084,ok
8408,0.089,ok
8409,0.086,ok
8410,0.102,ok
8411,0.086,ok
8412,0.080,ok
8413,0.081,ok
8414,0.081,ok
8415,0.080,ok
8416,0.078,ok
8417,0.080,ok
8418,0.079,ok
8419,0.080,ok
8420,0.079,ok
8421,0.079,ok
8422,0.092,ok
8423,0.109,ok
8424,0.109,ok
8425,0.109,ok
8426,0.121,ok
8427,0.100,ok
8428,0.104,ok
8429,0.151,ok
8430,0.159,ok
8431,0.159,ok
8432,0.115,ok
8433,0.150,ok
8434,0.135,ok
8435,0.130,ok
8436,0.127,ok
8437,0.130,ok
8438,0.126,ok
8439,0.134,ok
8440,0.146,ok
8441,0.108,ok
8442,0.139,ok
8443,0.128,ok
8444,0.132,ok
8445,0.120,ok
8446,0.142,ok
8447,0.134,ok
8448,0.122,ok
8449,0.125,ok
8450,0.140,ok
8451,0.144,ok
8452,0.122,ok
8453,0.119,ok
8454,0.140,ok
8455,0.114,ok
8456,0.108,ok
8457,0.097,ok
8458,0.096,ok
8459,0.096,ok
8460,0.093,ok
8461,0.095,ok
8462,0.093,ok
8463,0.094,ok
8464,0.098,ok
8465,0.094,ok
8466,0.095,ok
8467,0.095,ok
8468,0.093,ok
8469,0.094,ok
8470,0.094,ok
8471,0.094,ok
8472,0.093,ok
8473,0.095,ok
8474,0.098,ok
8475,0.114,ok
8476,0.087,ok
8477,0.089,ok
8478,0.081,ok
8479,0.079,ok
8480,0.082,ok
8481,0.079,ok
8482,0.080,ok
8483,0.078,ok
8484,0.081,ok
8485,0.078,ok
8486,0.086,ok
8487,0.079,ok
8488,0.079,ok
8489,0.078,ok
8490,0.080,ok
8491,0.078,ok
8492,0.079,ok
8493,0.078,ok
8494,0.079,ok
8495,0.079,ok
8496,0.078,ok
8497,0.080,ok
8498,0.078,ok
8499,0.085,ok
8500,0.087,ok
8501,0.082,ok
8502,0.079,ok
8503,0.080,ok
8504,0.079,ok
8505,0.082,ok
8506,0.080,ok
8507,0.080,ok
8508,0.078,ok
8509,0.080,ok
8510,0.079,ok
8511,0.083,ok
8512,0.079,ok
8513,0.079,ok
8514,0.078,ok
8515,0.080,ok
8516,0.078,ok
8517,0.080,ok
8518,0.080,ok
8519,0.083,ok
8520,0.085,ok
8521,0.079,ok
8522,0.079,ok
8523,0.082,ok
8524,0.077,ok
8525,0.078,ok
8526,0.079,ok
8527,0.106,ok
8528,0.082,ok
8529,0.081,ok
8530,0.080,ok
8531,0.078,ok
8532,0.079,ok
8533,0.078,ok
8534,0.080,ok
8535,0.082,ok
8536,0.078,ok
8537,0.080,ok
8538,0.078,ok
8539,0.078,ok
8540,0.077,ok
8541,0.079,ok
8542,0.080,ok
8543,0.079,ok
8544,0.078,ok
8545,0.079,ok
8546,0.078,ok
8547,0.079,ok
8548,0.086,ok
8549,0.080,ok
8550,0.078,ok
8551,0.079,ok
8552,0.077,ok
8553,0.079,ok
8554,0.078,ok
8555,0.080,ok
8556,0.078,ok
8557,0.079,ok
8558,0.078,ok
8559,0.083,ok
8560,0.079,ok
8561,0.080,ok
8562,0.078,ok
8563,0.079,ok
8564,0.132,ok
8565,0.120,ok
8566,0.107,ok
8567,0.106,ok
8568,0.104,ok
8569,0.090,ok
8570,0.086,ok
8571,0.109,ok
8572,0.117,ok
8573,0.122,ok
8574,0.112,ok
8575,0.099,ok
8576,0.116,ok
8577,0.107,ok
8578,0.112,ok
8579,0.123,ok
8580,0.114,ok
8581,0.097,ok
8582,0.112,ok
8583,0.092,ok
8584,0.110,ok
8585,0.092,ok
8586,0.110,ok
8587,0.093,ok
8588,0.109,ok
8589,0.163,ok
8590,0.112,ok
8591,0.093,ok
8592,0.115,ok
8593,0.110,ok
8594,0.098,ok
8595,0.095,ok
8596,0.093,ok
8597,0.092,ok
8598,0.098,ok
8599,0.093,ok
8600,0.094,ok
8601,0.091,ok
8602,0.099,ok
8603,0.098,ok
8604,0.100,ok
8605,0.094,ok
8606,0.100,ok
8607,0.088,ok
8608,0.096,ok
8609,0.085,ok
8610,0.100,ok
8611,0.083,ok
8612,0.096,ok
8613,0.082,ok
8614,0.096,ok
8615,0.082,ok
8616,0.095,ok
8617,0.097,ok
8618,0.097,ok
8619,0.124,ok
8620,0.098,ok
8621,0.086,ok
8622,0.097,ok
8623,0.100,ok
8624,0.097,ok
8625,0.086,ok
8626,0.095,ok
8627,0.083,ok
8628,0.097,ok
8629,0.085,ok
8630,0.102,ok
8631,0.101,ok
8632,0.100,ok
8633,0.097,ok
8634,0.148,ok
8635,0.098,ok
8636,0.101,ok
8637,0.119,ok
8638,0.096,ok
8639,0.097,ok
8640,0.094,ok
8641,0.093,ok
8642,0.093,ok
8643,0.092,ok
8644,0.092,ok
8645,0.092,ok
8646,0.093,ok
8647,0.096,ok
8648,0.094,ok
8649,0.094,ok
8650,0.100,ok
8651,0.095,ok
8652,0.094,ok
8653,0.095,ok
8654,0.097,ok
8655,0.094,ok
8656,0.092,ok
8657,0.090,ok
8658,0.091,ok
8659,0.090,ok
8660,0.132,ok
8661,0.094,ok
8662,0.092,ok
8663,0.090,ok
8664,0.093,ok
8665,0.120,ok
8666,0.103,ok
8667,0.098,ok
8668,0.103,ok
8669,0.096,ok
8670,0.100,ok
8671,0.098,ok
8672,0.096,ok
8673,0.095,ok
8674,0.095,ok
8675,0.094,ok
8676,0.094,ok
8677,0.094,ok
8678,0.095,ok
8679,0.093,ok
8680,0.094,ok
8681,0.099,ok
8682,0.097,ok
8683,0.095,ok
8684,0.095,ok
8685,0.094,ok
8686,0.096,ok
8687,0.093,ok
8688,0.094,ok
8689,0.094,ok
8690,0.094,ok
8691,0.100,ok
8692,0.094,ok
8693,0.094,ok
8694,0.097,ok
8695,0.095,ok
8696,0.094,ok
8697,0.093,ok
8698,0.094,ok
8699,0.094,ok
8700,0.096,ok
8701,0.099,ok
8702,0.100,ok
8703,0.099,ok
8704,0.099,ok
8705,0.101,ok
8706,0.102,ok
8707,0.101,ok
8708,0.128,ok
8709,0.158,ok
8710,0.107,ok
8711,0.101,ok
8712,0.102,ok
8713,0.100,ok
8714,0.112,ok
8715,0.098,ok
8716,0.095,ok
8717,0.104,ok
8718,0.098,ok
8719,0.091,ok
8720,0.099,ok
8721,0.095,ok
8722,0.096,ok
8723,0.094,ok
8724,0.095,ok
8725,0.100,ok
8726,0.123,ok
8727,0.086,ok
8728,0.099,ok
8729,0.095,ok
8730,0.095,ok
8731,0.096,ok
8732,0.092,ok
8733,0.091,ok
8734,0.095,ok
8735,0.146,ok
8736,0.089,ok
8737,0.091,ok
8738,0.109,ok
8739,0.080,ok
8740,0.096,ok
8741,0.084,ok
8742,0.094,ok
8743,0.078,ok
8744,0.092,ok
8745,0.078,ok
8746,0.093,ok
8747,0.078,ok
8748,0.091,ok
8749,0.077,ok
8750,0.092,ok
8751,0.077,ok
8752,0.096,ok
8753,0.081,ok
8754,0.079,ok
8755,0.081,ok
8756,0.078,ok
8757,0.077,ok
8758,0.078,ok
8759,0.077,ok
8760,0.082,ok
8761,0.096,ok
8762,0.078,ok
8763,0.077,ok
8764,0.077,ok
8765,0.080,ok
8766,0.079,ok
8767,0.076,ok
8768,0.078,ok
8769,0.077,ok
8770,0.078,ok
8771,0.077,ok
8772,0.077,ok
8773,0.076,ok
8774,0.078,ok
8775,0.096,ok
8776,0.078,ok
8777,0.082,ok
8778,0.081,ok
8779,0.099,ok
8780,0.102,ok
8781,0.100,ok
8782,0.119,ok
8783,0.080,ok
8784,0.125,ok
8785,0.077,ok
8786,0.092,ok
8787,0.078,ok
8788,0.097,ok
8789,0.078,ok
8790,0.095,ok
8791,0.078,ok
8792,0.096,ok
8793,0.078,ok
8794,0.092,ok
8795,0.076,ok
8796,0.092,ok
8797,0.078,ok
8798,0.093,ok
8799,0.081,ok
8800,0.099,ok
8801,0.091,ok
8802,0.097,ok
8803,0.104,ok
8804,0.098,ok
8805,0.099,ok
8806,0.105,ok
8807,0.092,ok
8808,0.102,ok
8809,0.096,ok
8810,0.108,ok
8811,0.092,ok
8812,0.107,ok
8813,0.129,ok
8814,0.130,ok
8815,0.115,ok
8816,0.103,ok
8817,0.118,ok
8818,0.123,ok
8819,0.116,ok
8820,0.114,ok
8821,0.113,ok
8822,0.112,ok
8823,0.111,ok
8824,0.109,ok
8825,0.111,ok
8826,0.111,ok
8827,0.123,ok
8828,0.105,ok
8829,0.105,ok
8830,0.103,ok
8831,0.103,ok
8832,0.101,ok
8833,0.144,ok
8834,0.120,ok
8835,0.123,ok
8836,0.127,ok
8837,0.126,ok
8838,0.126,ok
8839,0.128,ok
8840,0.116,ok
8841,0.112,ok
8842,0.113,ok
8843,0.121,ok
8844,0.125,ok
8845,0.123,ok
8846,0.124,ok
8847,0.137,ok
8848,0.118,ok
8849,0.125,ok
8850,0.116,ok
8851,0.113,ok
8852,0.112,ok
8853,0.115,ok
8854,0.111,ok
8855,0.113,ok
8856,0.108,ok
8857,0.118,ok
8858,0.110,ok
8859,0.112,ok
8860,0.106,ok
8861,0.121,ok
8862,0.118,ok
8863,0.111,ok
8864,0.101,ok
8865,0.094,ok
8866,0.093,ok
8867,0.093,ok
8868,0.092,ok
8869,0.091,ok
8870,0.091,ok
8871,0.101,ok
8872,0.105,ok
8873,0.097,ok
8874,0.136,ok
8875,0.091,ok
8876,0.090,ok
8877,0.090,ok
8878,0.091,ok
8879,0.089,ok
8880,0.090,ok
8881,0.131,ok
8882,0.092,ok
8883,0.091,ok
8884,0.091,ok
8885,0.088,ok
8886,0.090,ok
8887,0.110,ok
8888,0.089,ok
8889,0.089,ok
8890,0.090,ok
8891,0.092,ok
8892,0.091,ok
8893,0.090,ok
8894,0.092,ok
8895,0.089,ok
8896,0.091,ok
8897,0.088,ok
8898,0.089,ok
8899,0.117,ok
8900,0.089,ok
8901,0.089,ok
8902,0.096,ok
8903,0.089,ok
8904,0.089,ok
8905,0.089,ok
8906,0.090,ok
8907,0.089,ok
8908,0.090,ok
8909,0.099,ok
8910,0.090,ok
8911,0.089,ok
8912,0.090,ok
8913,0.095,ok
8914,0.091,ok
8915,0.089,ok
8916,0.089,ok
8917,0.090,ok
8918,0.091,ok
8919,0.089,ok
8920,0.090,ok
8921,0.089,ok
8922,0.089,ok
8923,0.090,ok
8924,0.093,ok
8925,0.095,ok
8926,0.092,ok
8927,0.090,ok
8928,0.090,ok
8929,0.089,ok
8930,0.090,ok
8931,0.089,ok
8932,0.089,ok
8933,0.090,ok
8934,0.090,ok
8935,0.093,ok
8936,0.090,ok
8937,0.091,ok
8938,0.090,ok
8939,0.089,ok
8940,0.090,ok
8941,0.090,ok
8942,0.089,ok
8943,0.089,ok
8944,0.094,ok
8945,0.089,ok
8946,0.091,ok
8947,0.095,ok
8948,0.095,ok
8949,0.090,ok
8950,0.090,ok
8951,0.092,ok
8952,0.090,ok
8953,0.089,ok
8954,0.090,ok
8955,0.089,ok
8956,0.089,ok
8957,0.101,ok
8958,0.096,ok
8959,0.086,ok
8960,0.084,ok
8961,0.084,ok
8962,0.083,ok
8963,0.084,ok
8964,0.083,ok
8965,0.084,ok
8966,0.083,ok
8967,0.091,ok
8968,0.145,ok
8969,0.144,ok
8970,0.181,ok
8971,0.168,ok
8972,0.224,ok
8973,0.146,ok
8974,0.120,ok
8975,0.099,ok
8976,0.093,ok
8977,0.111,ok
8978,0.105,ok
8979,0.103,ok
8980,0.105,ok
8981,0.098,ok
8982,0.115,ok
8983,0.128,ok
8984,0.112,ok
8985,0.106,ok
8986,0.104,ok
8987,0.103,ok
8988,0.126,ok
8989,0.102,ok
8990,0.106,ok
8991,0.102,ok
8992,0.130,ok
8993,0.140,ok
8994,0.104,ok
8995,0.107,ok
8996,0.108,ok
8997,0.110,ok
8998,0.104,ok
8999,0.107,ok
9000,0.100,ok
9001,0.108,ok
9002,0.103,ok
9003,0.111,ok
9004,0.151,ok
9005,0.121,ok
9006,0.105,ok
9007,0.101,ok
9008,0.103,ok
9009,0.111,ok
9010,0.119,ok
9011,0.110,ok
9012,0.136,ok
9013,0.100,ok
9014,0.101,ok
9015,0.099,ok
9016,0.106,ok
9017,0.099,ok
9018,0.101,ok
9019,0.104,ok
9020,0.102,ok
9021,0.099,ok
9022,0.103,ok
9023,0.099,ok
9024,0.102,ok
9025,0.140,ok
9026,0.102,ok
9027,0.099,ok
9028,0.106,ok
9029,0.113,ok
9030,0.113,ok
9031,0.132,ok
9032,0.113,ok
9033,0.110,ok
9034,0.102,ok
9035,0.099,ok
9036,0.101,ok
9037,0.124,ok
9038,0.134,ok
9039,0.113,ok
9040,0.105,ok
9041,0.101,ok
9042,0.104,ok
9043,0.100,ok
9044,0.103,ok
9045,0.101,ok
9046,0.106,ok
9047,0.102,ok
9048,0.104,ok
9049,0.100,ok
9050,0.103,ok
9051,0.099,ok
9052,0.102,ok
9053,0.100,ok
9054,0.104,ok
9055,0.100,ok
9056,0.110,ok
9057,0.101,ok
9058,0.104,ok
9059,0.099,ok
9060,0.102,ok
9061,0.099,ok
9062,0.103,ok
9063,0.099,ok
9064,0.102,ok
9065,0.100,ok
9066,0.118,ok
9067,0.109,ok
9068,0.108,ok
9069,0.112,ok
9070,0.108,ok
9071,0.148,ok
9072,0.105,ok
9073,0.103,ok
9074,0.105,ok
9075,0.109,ok
9076,0.109,ok
9077,0.110,ok
9078,0.109,ok
9079,0.104,ok
9080,0.105,ok
9081,0.103,ok
9082,0.105,ok
9083,0.104,ok
9084,0.110,ok
9085,0.105,ok
9086,0.107,ok
9087,0.104,ok
9088,0.105,ok
9089,0.104,ok
9090,0.111,ok
9091,0.148,ok
9092,0.125,ok
9093,0.107,ok
9094,0.107,ok
9095,0.108,ok
9096,0.114,ok
9097,0.117,ok
9098,0.120,ok
9099,0.114,ok
9100,0.103,ok
9101,0.102,ok
9102,0.125,ok
9103,0.117,ok
9104,0.112,ok
9105,0.108,ok
9106,0.107,ok
9107,0.103,ok
9108,0.102,ok
9109,0.103,ok
9110,0.101,ok
9111,0.105,ok
9112,0.102,ok
9113,0.103,ok
9114,0.102,ok
9115,0.102,ok
9116,0.109,ok
9117,0.103,ok
9118,0.108,ok
9119,0.132,ok
9120,0.125,ok
9121,0.112,ok
9122,0.113,ok
9123,0.105,ok
9124,0.105,ok
9125,0.100,ok
9126,0.102,ok
9127,0.120,ok
9128,0.105,ok
9129,0.120,ok
9130,0.103,ok
9131,0.098,ok
9132,0.097,ok
9133,0.094,ok
9134,0.093,ok
9135,0.093,ok
9136,0.092,ok
9137,0.094,ok
9138,0.092,ok
9139,0.098,ok
9140,0.143,ok
9141,0.098,ok
9142,0.095,ok
9143,0.094,ok
9144,0.092,ok
9145,0.092,ok
9146,0.113,ok
9147,0.089,ok
9148,0.088,ok
9149,0.092,ok
9150,0.091,ok
9151,0.089,ok
9152,0.089,ok
9153,0.087,ok
9154,0.089,ok
9155,0.088,ok
9156,0.088,ok
9157,0.089,ok
9158,0.088,ok
9159,0.087,ok
9160,0.126,ok
9161,0.090,ok
9162,0.089,ok
9163,0.089,ok
9164,0.088,ok
9165,0.090,ok
9166,0.123,ok
9167,0.147,ok
9168,0.088,ok
9169,0.120,ok
9170,0.093,ok
9171,0.090,ok
9172,0.088,ok
9173,0.089,ok
9174,0.088,ok
9175,0.089,ok
9176,0.088,ok
9177,0.089,ok
9178,0.091,ok
9179,0.087,ok
9180,0.088,ok
9181,0.094,ok
9182,0.100,ok
9183,0.111,ok
9184,0.100,ok
9185,0.145,ok
9186,0.091,ok
9187,0.089,ok
9188,0.102,ok
9189,0.088,ok
9190,0.088,ok
9191,0.092,ok
9192,0.090,ok
9193,0.089,ok
9194,0.088,ok
9195,0.089,ok
9196,0.087,ok
9197,0.088,ok
9198,0.088,ok
9199,0.089,ok
9200,0.088,ok
9201,0.097,ok
9202,0.102,ok
9203,0.095,ok
9204,0.091,ok
9205,0.089,ok
9206,0.088,ok
9207,0.089,ok
9208,0.106,ok
9209,0.089,ok
9210,0.088,ok
9211,0.089,ok
9212,0.094,ok
9213,0.096,ok
9214,0.102,ok
9215,0.090,ok
9216,0.090,ok
9217,0.088,ok
9218,0.091,ok
9219,0.112,ok
9220,0.088,ok
9221,0.089,ok
9222,0.089,ok
9223,0.098,ok
9224,0.093,ok
9225,0.137,ok
9226,0.108,ok
9227,0.153,ok
9228,0.140,ok
9229,0.144,ok
9230,0.100,ok
9231,0.110,ok
9232,0.103,ok
9233,0.100,ok
9234,0.099,ok
9235,0.101,ok
9236,0.099,ok
9237,0.095,ok
9238,0.116,ok
9239,0.092,ok
9240,0.092,ok
9241,0.093,ok
9242,0.093,ok
9243,0.091,ok
9244,0.089,ok
9245,0.091,ok
9246,0.090,ok
9247,0.090,ok
9248,0.090,ok
9249,0.089,ok
9250,0.089,ok
9251,0.090,ok
9252,0.093,ok
9253,0.101,ok
9254,0.102,ok
9255,0.094,ok
9256,0.091,ok
9257,0.089,ok
9258,0.091,ok
9259,0.090,ok
9260,0.090,ok
9261,0.088,ok
9262,0.089,ok
9263,0.097,ok
9264,0.265,ok
9265,0.114,ok
9266,0.089,ok
9267,0.098,ok
9268,0.081,ok
9269,0.079,ok
9270,0.078,ok
9271,0.076,ok
9272,0.077,ok
9273,0.078,ok
9274,0.078,ok
9275,0.076,ok
9276,0.077,ok
9277,0.077,ok
9278,0.078,ok
9279,0.076,ok
9280,0.078,ok
9281,0.076,ok
9282,0.077,ok
9283,0.076,ok
9284,0.077,ok
9285,0.081,ok
9286,0.107,ok
9287,0.079,ok
9288,0.091,ok
9289,0.105,ok
9290,0.094,ok
9291,0.090,ok
9292,0.089,ok
9293,0.089,ok
9294,0.089,ok
9295,0.089,ok
9296,0.094,ok
9297,0.091,ok
9298,0.090,ok
9299,0.090,ok
9300,0.088,ok
9301,0.127,ok
9302,0.088,ok
9303,0.088,ok
9304,0.088,ok
9305,0.088,ok
9306,0.088,ok
9307,0.095,ok
9308,0.089,ok
9309,0.089,ok
9310,0.089,ok
9311,0.089,ok
9312,0.088,ok
9313,0.088,ok
9314,0.088,ok
9315,0.088,ok
9316,0.088,ok
9317,0.089,ok
9318,0.091,ok
9319,0.090,ok
9320,0.089,ok
9321,0.089,ok
9322,0.089,ok
9323,0.088,ok
9324,0.088,ok
9325,0.093,ok
9326,0.088,ok
9327,0.109,ok
9328,0.103,ok
9329,0.093,ok
9330,0.090,ok
9331,0.089,ok
9332,0.117,ok
9333,0.089,ok
9334,0.091,ok
9335,0.088,ok
9336,0.090,ok
9337,0.090,ok
9338,0.088,ok
9339,0.128,ok
9340,0.110,ok
9341,0.106,ok
9342,0.094,ok
9343,0.090,ok
9344,0.089,ok
9345,0.088,ok
9346,0.088,ok
9347,0.089,ok
9348,0.090,ok
9349,0.088,ok
9350,0.093,ok
9351,0.089,ok
9352,0.089,ok
9353,0.089,ok
9354,0.088,ok
9355,0.089,ok
9356,0.088,ok
9357,0.088,ok
9358,0.126,ok
9359,0.089,ok
9360,0.092,ok
9361,0.091,ok
9362,0.090,ok
9363,0.089,ok
9364,0.090,ok
9365,0.090,ok
9366,0.089,ok
9367,0.091,ok
9368,0.098,ok
9369,0.114,ok
9370,0.150,ok
9371,0.136,ok
9372,0.146,ok
9373,0.138,ok
9374,0.138,ok
9375,0.135,ok
9376,0.133,ok
9377,0.133,ok
9378,0.156,ok
9379,0.135,ok
9380,0.134,ok
9381,0.132,ok
9382,0.178,ok
9383,0.133,ok
9384,0.163,ok
9385,0.096,ok
9386,0.136,ok
9387,0.136,ok
9388,0.171,ok
9389,0.137,ok
9390,0.133,ok
9391,0.129,ok
9392,0.144,ok
9393,0.139,ok
9394,0.140,ok
9395,0.144,ok
9396,0.123,ok
9397,0.094,ok
9398,0.092,ok
9399,0.091,ok
9400,0.093,ok
9401,0.092,ok
9402,0.092,ok
9403,0.089,ok
9404,0.088,ok
9405,0.089,ok
9406,0.090,ok
9407,0.089,ok
9408,0.089,ok
9409,0.089,ok
9410,0.090,ok
9411,0.092,ok
9412,0.097,ok
9413,0.127,ok
9414,0.091,ok
9415,0.091,ok
9416,0.088,ok
9417,0.089,ok
9418,0.088,ok
9419,0.090,ok
9420,0.243,ok
9421,0.098,ok
9422,0.095,ok
9423,0.084,ok
9424,0.079,ok
9425,0.084,ok
9426,0.077,ok
9427,0.075,ok
9428,0.076,ok
9429,0.074,ok
9430,0.076,ok
9431,0.075,ok
9432,0.076,ok
9433,0.079,ok
9434,0.075,ok
9435,0.075,ok
9436,0.075,ok
9437,0.076,ok
9438,0.078,ok
9439,0.075,ok
9440,0.077,ok
9441,0.075,ok
9442,0.076,ok
9443,0.074,ok
9444,0.076,ok
9445,0.074,ok
9446,0.079,ok
9447,0.075,ok
9448,0.075,ok
9449,0.075,ok
9450,0.076,ok
9451,0.075,ok
9452,0.076,ok
9453,0.075,ok
9454,0.076,ok
9455,0.075,ok
9456,0.076,ok
9457,0.076,ok
9458,0.076,ok
9459,0.078,ok
9460,0.076,ok
9461,0.075,ok
9462,0.076,ok
9463,0.075,ok
9464,0.080,ok
9465,0.075,ok
9466,0.081,ok
9467,0.076,ok
9468,0.075,ok
9469,0.077,ok
9470,0.085,ok
9471,0.082,ok
9472,0.077,ok
9473,0.076,ok
9474,0.075,ok
9475,0.075,ok
9476,0.075,ok
9477,0.075,ok
9478,0.076,ok
9479,0.079,ok
9480,0.076,ok
9481,0.075,ok
9482,0.076,ok
9483,0.076,ok
9484,0.080,ok
9485,0.078,ok
9486,0.076,ok
9487,0.076,ok
9488,0.075,ok
9489,0.075,ok
9490,0.075,ok
9491,0.076,ok
9492,0.076,ok
9493,0.076,ok
9494,0.075,ok
9495,0.076,ok
9496,0.075,ok
9497,0.080,ok
9498,0.077,ok
9499,0.097,ok
9500,0.118,ok
9501,0.099,ok
9502,0.092,ok
9503,0.092,ok
9504,0.090,ok
9505,0.090,ok
9506,0.094,ok
9507,0.089,ok
9508,0.096,ok
9509,0.094,ok
9510,0.093,ok
9511,0.165,ok
9512,0.144,ok
9513,0.146,ok
9514,0.161,ok
9515,0.144,ok
9516,0.153,ok
9517,0.144,ok
9518,0.144,ok
9519,0.138,ok
9520,0.141,ok
9521,0.142,ok
9522,0.161,ok
9523,0.146,ok
9524,0.139,ok
9525,0.141,ok
9526,0.103,ok
9527,0.140,ok
9528,0.141,ok
9529,0.184,ok
9530,0.142,ok
9531,0.142,ok
9532,0.099,ok
9533,0.138,ok
9534,0.145,ok
9535,0.144,ok
9536,0.158,ok
9537,0.103,ok
9538,0.095,ok
9539,0.090,ok
9540,0.101,ok
9541,0.102,ok
9542,0.091,ok
9543,0.095,ok
9544,0.093,ok
9545,0.097,ok
9546,0.090,ok
9547,0.101,ok
9548,0.094,ok
9549,0.096,ok
9550,0.107,ok
9551,0.095,ok
9552,0.094,ok
9553,0.092,ok
9554,0.100,ok
9555,0.095,ok
9556,0.092,ok
9557,0.101,ok
9558,0.095,ok
9559,0.093,ok
9560,0.094,ok
9561,0.095,ok
9562,0.094,ok
9563,0.092,ok
9564,0.103,ok
9565,0.110,ok
9566,0.100,ok
9567,0.100,ok
9568,0.107,ok
9569,0.120,ok
9570,0.113,ok
9571,0.105,ok
9572,0.101,ok
9573,0.102,ok
9574,0.102,ok
9575,0.101,ok
9576,0.101,ok
9577,0.106,ok
9578,0.105,ok
9579,0.101,ok
9580,0.102,ok
9581,0.103,ok
9582,0.101,ok
9583,0.101,ok
9584,0.100,ok
9585,0.101,ok
9586,0.109,ok
9587,0.103,ok
9588,0.102,ok
9589,0.103,ok
9590,0.102,ok
9591,0.102,ok
9592,0.101,ok
9593,0.101,ok
9594,0.100,ok
9595,0.101,ok
9596,0.106,ok
9597,0.102,ok
9598,0.102,ok
9599,0.101,ok
9600,0.100,ok
9601,0.101,ok
9602,0.101,ok
9603,0.100,ok
9604,0.100,ok
9605,0.100,ok
9606,0.105,ok
9607,0.102,ok
9608,0.101,ok
9609,0.102,ok
9610,0.100,ok
9611,0.098,ok
9612,0.098,ok
9613,0.099,ok
9614,0.099,ok
9615,0.098,ok
9616,0.104,ok
9617,0.100,ok
9618,0.100,ok
9619,0.098,ok
9620,0.099,ok
9621,0.098,ok
9622,0.141,ok
9623,0.105,ok
9624,0.118,ok
9625,0.105,ok
9626,0.101,ok
9627,0.100,ok
9628,0.099,ok
9629,0.100,ok
9630,0.104,ok
9631,0.103,ok
9632,0.098,ok
9633,0.098,ok
9634,0.098,ok
9635,0.102,ok
9636,0.099,ok
9637,0.098,ok
9638,0.099,ok
9639,0.097,ok
9640,0.099,ok
9641,0.097,ok
9642,0.099,ok
9643,0.098,ok
9644,0.097,ok
9645,0.104,ok
9646,0.100,ok
9647,0.098,ok
9648,0.098,ok
9649,0.096,ok
9650,0.098,ok
9651,0.097,ok
9652,0.098,ok
9653,0.098,ok
9654,0.097,ok
9655,0.102,ok
9656,0.100,ok
9657,0.099,ok
9658,0.098,ok
9659,0.101,ok
9660,0.098,ok
9661,0.097,ok
9662,0.098,ok
9663,0.097,ok
9664,0.097,ok
9665,0.102,ok
9666,0.101,ok
9667,0.103,ok
9668,0.099,ok
9669,0.098,ok
9670,0.107,ok
9671,0.097,ok
9672,0.098,ok
9673,0.096,ok
9674,0.097,ok
9675,0.104,ok
9676,0.099,ok
9677,0.097,ok
9678,0.098,ok
9679,0.097,ok
9680,0.098,ok
9681,0.097,ok
9682,0.098,ok
9683,0.097,ok
9684,0.097,ok
9685,0.103,ok
9686,0.099,ok
9687,0.097,ok
9688,0.098,ok
9689,0.097,ok
9690,0.098,ok
9691,0.104,ok
9692,0.098,ok
9693,0.098,ok
9694,0.098,ok
9695,0.100,ok
9696,0.099,ok
9697,0.098,ok
9698,0.100,ok
9699,0.097,ok
9700,0.101,ok
9701,0.107,ok
9702,0.101,ok
9703,0.099,ok
9704,0.098,ok
9705,0.102,ok
9706,0.099,ok
9707,0.096,ok
9708,0.097,ok
9709,0.096,ok
9710,0.098,ok
9711,0.096,ok
9712,0.097,ok
9713,0.096,ok
9714,0.098,ok
9715,0.116,ok
9716,0.125,ok
9717,0.116,ok
9718,0.112,ok
9719,0.099,ok
9720,0.099,ok
9721,0.098,ok
9722,0.098,ok
9723,0.098,ok
9724,0.107,ok
9725,0.103,ok
9726,0.101,ok
9727,0.100,ok
9728,0.099,ok
9729,0.097,ok
9730,0.099,ok
9731,0.096,ok
9732,0.098,ok
9733,0.097,ok
9734,0.098,ok
9735,0.110,ok
9736,0.105,ok
9737,0.099,ok
9738,0.098,ok
9739,0.096,ok
9740,0.097,ok
9741,0.096,ok
9742,0.099,ok
9743,0.097,ok
9744,0.097,ok
9745,0.101,ok
9746,0.098,ok
9747,0.097,ok
9748,0.098,ok
9749,0.097,ok
9750,0.098,ok
9751,0.097,ok
9752,0.099,ok
9753,0.096,ok
9754,0.099,ok
9755,0.105,ok
9756,0.101,ok
9757,0.105,ok
9758,0.114,ok
9759,0.112,ok
9760,0.101,ok
9761,0.099,ok
9762,0.103,ok
9763,0.099,ok
9764,0.105,ok
9765,0.101,ok
9766,0.112,ok
9767,0.097,ok
9768,0.096,ok
9769,0.097,ok
9770,0.102,ok
9771,0.102,ok
9772,0.098,ok
9773,0.098,ok
9774,0.103,ok
9775,0.127,ok
9776,0.103,ok
9777,0.087,ok
9778,0.083,ok
9779,0.082,ok
9780,0.080,ok
9781,0.081,ok
9782,0.080,ok
9783,0.081,ok
9784,0.081,ok
9785,0.084,ok
9786,0.092,ok
9787,0.091,ok
9788,0.087,ok
9789,0.090,ok
9790,0.090,ok
9791,0.087,ok
9792,0.084,ok
9793,0.083,ok
9794,0.083,ok
9795,0.083,ok
9796,0.082,ok
9797,0.088,ok
9798,0.083,ok
9799,0.083,ok
9800,0.082,ok
9801,0.083,ok
9802,0.093,ok
9803,0.109,ok
9804,0.105,ok
9805,0.099,ok
9806,0.099,ok
9807,0.103,ok
9808,0.100,ok
9809,0.101,ok
9810,0.098,ok
9811,0.100,ok
9812,0.098,ok
9813,0.100,ok
9814,0.098,ok
9815,0.099,ok
9816,0.096,ok
9817,0.103,ok
9818,0.100,ok
9819,0.100,ok
9820,0.097,ok
9821,0.100,ok
9822,0.100,ok
9823,0.100,ok
9824,0.097,ok
9825,0.100,ok
9826,0.098,ok
9827,0.102,ok
9828,0.099,ok
9829,0.100,ok
9830,0.098,ok
9831,0.099,ok
9832,0.099,ok
9833,0.102,ok
9834,0.100,ok
9835,0.099,ok
9836,0.097,ok
9837,0.103,ok
9838,0.100,ok
9839,0.099,ok
9840,0.098,ok
9841,0.104,ok
9842,0.091,ok
9843,0.096,ok
9844,0.107,ok
9845,0.106,ok
9846,0.099,ok
9847,0.103,ok
9848,0.100,ok
9849,0.100,ok
9850,0.098,ok
9851,0.099,ok
9852,0.100,ok
9853,0.099,ok
9854,0.100,ok
9855,0.100,ok
9856,0.099,ok
9857,0.103,ok
9858,0.100,ok
9859,0.099,ok
9860,0.097,ok
9861,0.098,ok
9862,0.099,ok
9863,0.098,ok
9864,0.097,ok
9865,0.099,ok
9866,0.101,ok
9867,0.101,ok
9868,0.120,ok
9869,0.104,ok
9870,0.102,ok
9871,0.097,ok
9872,0.096,ok
9873,0.098,ok
9874,0.098,ok
9875,0.097,ok
9876,0.098,ok
9877,0.149,ok
9878,0.102,ok
9879,0.097,ok
9880,0.097,ok
9881,0.096,ok
9882,0.098,ok
9883,0.096,ok
9884,0.097,ok
9885,0.098,ok
9886,0.106,ok
9887,0.102,ok
9888,0.097,ok
9889,0.096,ok
9890,0.097,ok
9891,0.117,ok
9892,0.107,ok
9893,0.121,ok
9894,0.122,ok
9895,0.127,ok
9896,0.127,ok
9897,0.118,ok
9898,0.120,ok
9899,0.131,ok
9900,0.123,ok
9901,0.123,ok
9902,0.118,ok
9903,0.120,ok
9904,0.122,ok
9905,0.119,ok
9906,0.119,ok
9907,0.122,ok
9908,0.121,ok
9909,0.116,ok
9910,0.117,ok
9911,0.121,ok
9912,0.122,ok
9913,0.114,ok
9914,0.116,ok
9915,0.112,ok
9916,0.115,ok
9917,0.112,ok
9918,0.117,ok
9919,0.120,ok
9920,0.121,ok
9921,0.124,ok
9922,0.117,ok
9923,0.117,ok
9924,0.116,ok
9925,0.117,ok
9926,0.118,ok
9927,0.117,ok
9928,0.118,ok
9929,0.132,ok
9930,0.129,ok
9931,0.148,ok
9932,0.114,ok
9933,0.111,ok
9934,0.099,ok
9935,0.092,ok
9936,0.091,ok
9937,0.092,ok
9938,0.113,ok
9939,0.113,ok
9940,0.111,ok
9941,0.107,ok
9942,0.107,ok
9943,0.109,ok
9944,0.108,ok
9945,0.107,ok
9946,0.108,ok
9947,0.117,ok
9948,0.108,ok
9949,0.111,ok
9950,0.111,ok
9951,0.110,ok
9952,0.105,ok
9953,0.108,ok
9954,0.105,ok
9955,0.109,ok
9956,0.184,ok
9957,0.145,ok
9958,0.136,ok
9959,0.147,ok
9960,0.131,ok
9961,0.127,ok
9962,0.128,ok
9963,0.133,ok
9964,0.128,ok
9965,0.128,ok
9966,0.143,ok
9967,0.127,ok
9968,0.128,ok
9969,0.126,ok
9970,0.127,ok
9971,0.132,ok
9972,0.127,ok
9973,0.128,ok
9974,0.128,ok
9975,0.125,ok
9976,0.126,ok
9977,0.125,ok
9978,0.206,ok
9979,0.127,ok
9980,0.130,ok
9981,0.127,ok
9982,0.128,ok
9983,0.124,ok
9984,0.126,ok
9985,0.124,ok
9986,0.154,ok
9987,0.163,ok
9988,0.168,ok
9989,0.146,ok
9990,0.143,ok
9991,0.141,ok
9992,0.149,ok
9993,0.181,ok
9994,0.160,ok
9995,0.147,ok
9996,0.151,ok
9997,0.148,ok
9998,0.147,ok
9999,0.144,ok
